key	zh	en	es
Achievements/AC01_DESC	击败默哀守望者	Defeat the Warden of Silent Sorrow.	Vence al Guardián del Lamento Mudo.
Achievements/AC01_NAME	前途漫漫	A Long Path Ahead	Un largo camino por delante
Achievements/AC02_DESC	击败特彼达德	Defeat Ten Piedad.	Vence a Ten Piedad.
Achievements/AC02_NAME	绝无悲悯	No Mercy	Sin piedad
Achievements/AC03_DESC	击败焦容圣母	Defeat Our Lady of the Charred Visage.	Vence a Nuestra Señora de la Faz Denegrida.
Achievements/AC03_NAME	无面者	Look her in the eye	Mírala cara a cara
Achievements/AC04_DESC	击败特雷斯·安古斯塔斯	Defeat the Tres Angustias.	Vence a Tres Angustias.
Achievements/AC04_NAME	悚然之舞	Danse Macabre	Danza macabra
Achievements/AC05_DESC	击败圣膏军的埃达斯	Defeat Esdras of the Anointed Legion.	Vence a Esdras, de la Legión Ungida.
Achievements/AC05_NAME	兄弟	The Brother	El hermano
Achievements/AC06_DESC	击败梅尔基亚德斯，掘墓大主教	Defeat Melquiades, The Exhumed Archbishop.	Vence a Melquíades, El Arzobispo Exhumado.
Achievements/AC06_NAME	珠宝圣徒	The Bejeweled Saint	El santo enjoyado
Achievements/AC07_DESC	击败弃婴，放逐之裔	Defeat Exposito, Scion of Abjuration.	Vence a Expósito, Vástago de la Abjuración.
Achievements/AC07_NAME	盲目无罪者	Blind Innocence	Inocencia ciega
Achievements/AC08_DESC	击败永恒火葬的奎尔斯	Defeat Quirce, Returned by the Flames.	Vence a Quirce, el Devuelto por las Llamas.
Achievements/AC08_NAME	尘归尘	Ashes to Ashes	Cenizas a las cenizas
Achievements/AC09_DESC	击败克兰莎，束裹之痛.	Defeat Crisanta of the Wrapped Agony.	Vence a Crisanta de la Agonía Vendada.
Achievements/AC09_NAME	弃绝信仰	Duel of Faith	Duelo de fe
Achievements/AC10_DESC	击败埃斯科利巴圣王	Defeat His Holiness Escribar.	Vence a Su Santidad Escribar.
Achievements/AC10_NAME	渎神极致	Summa Blasphemia	Summa Blasphemia
Achievements/AC11_DESC	解锁A结局	Unlock ending A.	Desbloquea el final A.
Achievements/AC11_NAME	信徒之途	The Path of the Believer	El camino del creyente
Achievements/AC12_DESC	解锁B结局	Unlock ending B.	Desbloquea el final B.
Achievements/AC12_NAME	卑者之途	The Path of the Unworthy	El camino del indigno
Achievements/AC13_DESC	释放所有小天使	Release all cherubs.	Libera a todos los querubines.
Achievements/AC13_NAME	公牛与月亮	The Bull and the Moon	El toro y la luna
Achievements/AC14_DESC	发现26具原初死者的遗言	Discover the last words of the 26 original corpses.	Descubre las últimas palabras de los 26 cadáveres del juego base.
Achievements/AC14_NAME	遗言	Last Words	Últimas palabras
Achievements/AC15_DESC	完成所有竞技场挑战	Complete all the arena’s challenges.	Supera todos los desafíos de la arena.
Achievements/AC15_NAME	弃绝联系	Detestatio Sacrorum	Detestatio Sacrorum
Achievements/AC16_DESC	获得13个原初祷文	Get the 13 original prayers.	Consigue los 13 rezos del juego base.
Achievements/AC16_NAME	竭诚奉献	Unwavering Devotion	Devoción firme
Achievements/AC17_DESC	获得7份原初圣物	Get the 7 original relics.	Consigue las 7 reliquias del juego base.
Achievements/AC17_NAME	皮与骨	Skin and Bones	Piel y huesos
Achievements/AC18_DESC	获得30颗诵经念珠	Get the 30 original rosary beads.	Consigue las 30 cuentas de rosario del juego base.
Achievements/AC18_NAME	神秘路西斯	Mysteria Lucis	Mysteria Lucis
Achievements/AC19_DESC	获得44个原初收藏品	Get the 44 original collectibles.	Consigue los 44 coleccionables del juego base.
Achievements/AC19_NAME	藏骨瓮守望者	Warden of the Ossuary	Guardián del osario
Achievements/AC20_DESC	获得9个原初剑之心	Get the 9 original sword hearts.	Consigue los 9 corazones de la espada del juego base.
Achievements/AC20_NAME	心与痕	Heartbreaker	Rompecorazones
Achievements/AC21_DESC	探索古斯托迪亚主要区域	Discover the main areas of Cvstodia.	Descubre las zonas principales de Cvstodia.
Achievements/AC21_NAME	古斯托迪亚的朝圣者	Cvstodia's Pilgrim	Peregrino de Cvstodia
Achievements/AC22_DESC	生命值达到最大值	Achieve maximum health.	Alcanza la capacidad máxima de salud.
Achievements/AC22_NAME	六刺之痛	Six Stinging Pains	Seis dolores afilados
Achievements/AC23_DESC	热情值达到最大值	Achieve maximum fervour.	Alcanza la capacidad máxima de fervor.
Achievements/AC23_NAME	信仰洗礼	Baptism of Faith	Bautismo de fe
Achievements/AC24_DESC	孽刃达到最大等级	Achieve the maximum level of the sword Mea Culpa.	Alcanza el nivel máximo de la espada Mea Culpa.
Achievements/AC24_NAME	孽刃	Mea Culpa	Mea Culpa
Achievements/AC25_DESC	圣水瓶达到最大值	Achieve maximum flask capacity.	Alcanza la capacidad máxima de matraces.
Achievements/AC25_NAME	生命之泉	The Fountain of Life	La fuente de la vida
Achievements/AC26_DESC	诵经念珠空槽达到最大值	Achieve the maximum number of rosary bead slots.	Alcanza la capacidad máxima de huecos para cuentas de rosario.
Achievements/AC26_NAME	恩歌拉夏	Engracia	Engracia
Achievements/AC27_DESC	处决5个不同的敌人	Execute 5 different enemies.	Ejecuta a 5 enemigos diferentes.
Achievements/AC27_NAME	宗教裁判所	Inquisition	Inquisición
Achievements/AC28_DESC	使用5次正义天罚	Use a Righteous Riposte 5 times.	Usa un Riposte Justo 5 veces.
Achievements/AC28_NAME	释放威力	Power Unleashed	Poder liberado
Achievements/AC29_DESC	访问长尾礼服女士之墓	Visit the tomb of the Lady of the Tailed Gown.	Visita la tumba de la Señora de la Bata de Cola.
Achievements/AC29_NAME	污染者之欲	The Desire of the Corrupted	El deseo del corrompido
Achievements/AC30_DESC	将所有供品带给罗德维罗	Bring all the offerings to Lvdovico.	Lleva todas las ofrendas a Lvdovico.
Achievements/AC30_NAME	真正的神龛	True Shrine	Genuino sepulto
Achievements/AC31_DESC	目睹维尔达拉的最后时刻	Witness the dying moments of Viridiana.	Presencia los últimos momentos de Viridiana.
Achievements/AC31_NAME	最后一息	Dying Breath	Estertor
Achievements/AC32_DESC	帮助克罗法斯完成他的救赎之旅	Help Cleofas on his path of redemption.	Ayuda a Cleofás en su redención.
Achievements/AC32_NAME	重生	Rebirth	Renacimiento
Achievements/AC33_DESC	帮助朝圣者抵达最终目的地	Help the pilgrim reach his destination.	Ayuda al peregrino a llegar a su destino.
Achievements/AC33_NAME	朝圣之旅	Ultreia et Suseia	Ultreia et Suseia
Achievements/AC34_DESC	将所有供品带给盐岸神佑领主	Bring all offerings to the Lord of the Salty Shores.	Lleva todas ofrendas al Señor de las Orillas Saladas.
Achievements/AC34_NAME	以至高意志之名	In the name of the High Wills	En nombre de las Altas Voluntades
Achievements/AC35_DESC	拯救所有吻伤者	Save all Kissers of Wounds.	Salva a todos los Besadores de Llagas.
Achievements/AC35_NAME	地中海饮食	Mediterranean Diet	Dieta mediterránea
Achievements/AC36_DESC	购买卡德拉尼亚商店中的所有物品	Buy all the items in the Candelaria shops.	Compra todos los objetos en las tiendas de Candelaria.
Achievements/AC36_NAME	跳蚤市场	Flea Market	Mercadillo
Achievements/AC37_DESC	孵化阿塔吉拉卡斯之卵	Hatch the Egg of Altasgracias.	Haz eclosionar el huevo de Altasgracias.
Achievements/AC37_NAME	温与柔	Warm and Soft	Cálido y suave
Achievements/AC38_DESC	击败佩佩塔	Defeat Perpetva.	Vence a Perpetva.
Achievements/AC38_NAME	姐妹	The Sister	La hermana
Achievements/AC39_DESC	消灭51种原初敌人	Defeat the 51 original types of enemies.	Vence a los 51 tipos de enemigos del juego base.
Achievements/AC39_NAME	动物寓言集	Bestiary	Bestiario
Achievements/AC40_DESC	自孽刃神龛购买所有技能	Unlock all the abilities on the Mea Culpa altars.	Desbloquea todas las habilidades en los altares de Mea Culpa.
Achievements/AC40_NAME	血与泪	Blood and Tears	Sangre y lágrimas
Achievements/AC41_DESC	击败666名敌人	Kill 666 enemies.	Mata a 666 enemigos.
Achievements/AC41_NAME	野兽之数	The Number of the Beasts	El número de las bestias
Achievements/AC42_DESC	促进雷德罗与克罗法斯的会面	Provoke the meeting between Redento and Cleofas.	Provoca que Redento y Cleofás se encuentren.
Achievements/AC42_NAME	灵魂交际	Crossing Souls	Almas cruzadas
Achievements/AC43_DESC	不用圣水瓶的情况下消灭原初的首领	Defeat the original bosses without consuming any bile flasks.	Vence a los jefes del juego base sin consumir matraces biliares.
Achievements/AC43_NAME	镇魂曲	Requiem Aeternam	Requiem Aeternam
Achievements/AC44_DESC	在3小时内穿越三颅之桥上的铜门	Pass through the bronze door on the Bridge of the Three Calvaries in less than 3 hours.	Cruza la puerta de bronce en el Puente de los Tres Calvarios en menos de 3 horas.
Achievements/AC44_NAME	铜质奖章	Bronze Medal	Medalla de bronce
Achievements/AC46_DESC	游戏完成度100%	Beat 100% of the game.	Supera el 100 % del juego.
Achievements/AC46_NAME	目睹奇迹	Witness of the Miracle	Testigo del Milagro
BOSSES/DLG_BS102_01_0	忏悔者啊，把我从这虚伪的美德中解脱出来吧。把我从这虚假的死亡中解脱出来！	Penitent One, free me from this false virtue. Free me from this false death.	Penitente, libradme de esta falsa virtud. Libradme de esta falsa muerte.
BOSSES/DLG_BS102_02_0	无论你是否被奇迹亲吻，你的忏悔都将在这里结束	Kissed by the Miracle or not, your penitence ends here.	Besado o no por el Milagro, vuestra penitencia termina aquí.
BOSSES/DLG_BS102_03_0	安息在我破碎的坟墓旁吧	Rest now alongside the broken reflection of my tomb.	Descansad ahora junto al reflejo quebrado de mi tumba.
BOSSES/DLG_BS102_04_0	当我们的奇迹遣回你时，死去，然后回到我身旁吧	Die and come back to me when our Miracle has returned you.	Morid y retornad a mi cuando nuestro Milagro os haya devuelto.
BOSSES/DLG_BS102_05_0	我的热情，曾经铸为黄金，现在回到了我的体内	My passion, once made gold, now returns to my body.	Pasión mía que una vez fuiste oro, vuelve ahora a mi cuerpo.
BOSSES/DLG_BS102_06_0	命运契约关系到我的觉醒，如今已然受到影响，大胆忏悔者竟敢有如此非分之想，我定教尔等安守本分。	The fatal bargain that governs my awakening has been struck - I must end thy irreverent intention, Penitent One.	A cambio de mi despertar me ordena que ponga fin a vuestro propósito de infamia, Penitente.
BOSSES/DLG_BS102_06_1	长夜将终，黎明将至。	And so the long night is severed. Dawn cometh.	Ya amanece tras la noche larga.
BOSSES/DLG_BS12_01_0	妹妹…原谅我…	Sister... Forgive me...	Hermana... Perdonadme...
BOSSES/DLG_BS12_01_1	现在，我要前往大梦境的彼岸，并返回你的身旁…	Now I will cross over to the other side of the Dream and return to your side...	Ahora cruzaré hacia el otro lado del Sueño y volveré a vuestro lado...
BOSSES/DLG_BS12_02_0	我的姊妹，虽然我看不见你，但我知道你在那儿。请你聆听我的请求。	Sister, I know you are there, even if I can't see you. Hear my plea.	Hermana, que estáis ahí aunque no pueda veros. Escucha mi ruego.
BOSSES/DLG_BS12_02_1	你走之后，该轮到我了，我要证明自己不会辜负长官的信任。我不会让克兰莎失望的。	After your departure, it is now my turn to prove I'm deserving of our captain's trust. I will not fail Crisanta.	Tras vuestra marcha, me toca demostrar que soy digno de la confianza de nuestra capitana. No defraudaré a Crisanta.
BOSSES/DLG_BS12_02_2	如果我的忏悔之辞泄露出去，那便让无尽的痛苦将我吞噬吧。	And may the greatest of pains devour me if I let the penitence through this door.	Y que un gran dolor me muerda si permito que la penitencia cruce esta puerta.
BOSSES/DLG_BS12_02_3	务必当心，忏悔者。	On your guard, Penitent One.	En guardia, Penitente.
BOSSES/DLG_BS203_01_0	我们到了，我绯红的身影和你，到达了梦境的这一边	Here we are, my crimson figure and you, on this side of the Dream.	Henos aquí, mi figura desnuda en granate y vos, a este lado del Sueño.
BOSSES/DLG_BS203_01_1	奇迹把我变成了它神圣家园的哨兵。这是我的新使命	The Miracle has turned me into a sentinel of its sacred home. This is my new calling.	El Milagro me ha convertido en centinela de su sagrado hogar. Este es mi nuevo oficio.
BOSSES/DLG_BS203_01_2	除了那调和我们伤痛的眩目灰光，和那无际的地平线，你究竟期望在这里找到什么？	What do you hope to find here that is not the blinding grey light that tempers our wounds, and the vast horizons that extend without end?	¿Qué esperáis encontrar aquí que no sean la cegadora luz gris, que templa nuestras heridas, y los vastos horizontes, que se extienden sin final?
BOSSES/DLG_BS203_01_3	路中之路已经终结，你的忏悔亦是如此	The path of paths has ended and, with it, so too has your penance.	El camino de caminos ha terminado y con él vuestra penitencia.
BOSSES/DLG_BS203_02_0	在无所不知、无所不能的奇迹的欲望面前，退缩毫无意义	There is no point in recoiling from the desires of the all-knowing and all-powerful Miracle.	Es inútil rehuir a los deseos del Milagro, que todo puede y todo sabe.
BOSSES/DLG_BS203_03_0	流血，只有流血才能让我们更接近真正的圣洁	Bleed, for only spilt blood brings us closer to true Sanctity.	Sangrad, pues solo la sangre vertida nos acerca a la verdadera Santidad.
BOSSES/DLG_BS203_04_0	我内脏生出的恶寒是什么？是灵魂、思想和存在的死亡吗？	What is this cold that is born of my entrails? Is this the death of the soul, the mind, the being?	¿Qué es este frío que nace de mis entrañas? ¿Es esta la muerte del alma, del pensar, del ser?
BOSSES/DLG_BS203_05_0	我的最终任务完成了	My final task is completed.	Acabose mi última encomienda.
BOSSES/DLG_BS203_05_1	我要去，所有爱我的人也要去	I will go and so too will all those who loved me.	Yo me iré y se irán todos aquellos que me amaron.
BOSSES/DLG_BS203_05_2	现在，我要沉浸在这片云的土地上，在这片满是尘埃和微光的土地上	Now I will sink down here in this land of clouds, in this realm of dust and glimmering lights.	Ahora me hundiré aquí, en esta tierra de nubes, polvo y destellos.
BOSSES/DLG_BS203_06_0	现在，让你的躯体如我一样，浴血于此吧	Now let your body, like mine, be bathed in blood.	Ahora dejad que vuestro cuerpo, como el mío, de sangre se tiña.
BOSSES/DLG_BS203_06_1	这里将是你最后的安息之所，但这里没有人能照看你	This will be your final resting place, but no one here will be able to watch over you.	Este será vuestro camposanto, mas nadie aquí podrá velar por vos.
Bosses/AMANECIDA1_NAME	金刃阿马内奇达	Amanecida of the Golden Blades	Amanecida de los Filos Dorados
Bosses/AMANECIDA2_NAME	玉矢阿马内奇达	Amanecida of the Bejeweled Arrow	Amanecida de la Flecha Enjoyada
Bosses/AMANECIDA3_NAME	雕钢阿马内奇达	Amanecida of the Chiselled Steel	Amanecida del Acero Labrado
Bosses/AMANECIDA4_NAME	熔棘阿马内奇达	Amanecida of the Molten Thorn	Amanecida de la Espina Fundida
Bosses/ANGUISH_NAME	特雷斯·安古斯塔斯	Tres Angustias	Tres Angustias
Bosses/BEJEWELED_NAME	梅尔基亚德斯，掘墓大主教	Melquíades, The Exhumed Archbishop	Melquíades, El Arzobispo Exhumado
Bosses/BLINDBABY_NAME	弃婴，放逐之裔	Expósito, Scion of Abjuration	Expósito, Vástago de la Abjuración
Bosses/BURNTFACE_NAME	焦容圣母	Our Lady of the Charred Visage	Nuestra Señora de la Faz Denegrida
Bosses/CRISANTA_NAME	克兰莎，束裹之痛	Crisanta of the Wrapped Agony	Crisanta de la Agonía Vendada
Bosses/ELDERBROTHER_NAME	默哀守望者	Warden of the Silent Sorrow	Guardián del Lamento Mudo
Bosses/ESDRAS_NAME	圣膏军的埃达斯	Esdras, of the Anointed Legion	Esdras, de la Legión Ungida
Bosses/ISIDORA_NAME	伊西多拉，亡者之声	Isidora, Voice of the Dead	Isidora, Voz de los Muertos
Bosses/LAUDES_NAME	罗拉德斯，首位阿马内奇达	Laudes, the first of the Amanecidas	Laudes, Primera entre las Amanecidas
Bosses/PIETY_NAME	特彼达德	Ten Piedad	Ten Piedad
Bosses/PONTIFF2_NAME	奇迹幼子	Last Son of the Miracle	Hijo Último del Milagro
Bosses/PONTIFF_NAME	埃斯科利巴圣王	His Holiness Escribar	Su Santidad Escribar
Bosses/QUIRCE_NAME	奎尔斯，浴火归来者	Quirce, Returned By The Flames	Quirce, El devuelto por las Llamas
Bosses/SIERPES_NAME	毒蛇	Sierpes	Sierpes
CUTSCENE/CTS04-Dagger_Lady_0	以虔诚看见我痛苦内心的眼睛有福了	Blessed are the eyes that with devotion see my tormented heart.	Dichosos los ojos que con devoción ven mi corazón atormentado.
CUTSCENE/CTS04-Dagger_Lady_1	在患难与禁食中快乐的，来到我这里，因为它们是美好的苦行	Let the ones who are joyful in affliction and fasting come to me, for they are pleasant penance.	Que se acerque quien cuyos contentos son el padecimiento y los ayunos, pues son grata penitencia.
CUTSCENE/CTS04-Dagger_Lady_2	六次剧痛刺穿了我美丽的胸膛：拔出第一次，净化你灵魂的六处污点之一	Six stinging pains lance my flowery breast take the first one and purge one of your six mortal stains of the soul.	Seis dolores afilados sajan mi pecho florido, tomad el primero de ellos y purgad una de vuestras seis manchas capitales del alma.
CUTSCENE/CTS07-Deosgracias_0	你所寻求的，乃是苦难的摇篮	The Cradle of Affliction is what you seek.	La Cuna de La Aflicción es lo que perseguís.
CUTSCENE/CTS07-Deosgracias_1	这可以在众教会万母之母中找到	This can be found in the Mother of Mothers of the churches.	Esta se encuentra en la Madre de Madres de las iglesias.
CUTSCENE/CTS09-EndingB_0	那吞灭罪恶和罪人的灰山，也不会怜恤你们	The mountain of ashes that swallowed up sins and sinners alike has had no mercy on you either.	La montaña de ceniza que engulló pecados y pecadores por igual no ha tenido piedad con vos tampoco.
CUTSCENE/CTS09-EndingB_1	你过去在奇迹的主宰之下，如今也仍在奇迹的主宰之下	At the mercy of the Miracle you were and at the mercy of the Miracle you remain.	A merced del Milagro estábais y a merced del Milagro quedáis.
CUTSCENE/CTS09-EndingB_2	你不再是任何东西，只是一个匿名的面孔，没有声音，没有手势	You are no longer anything but one more anonymous visage, without a voice, without a countenance.	Ya no sois otra cosa que un rostro anónimo más, sin voz, sin gesto.
CUTSCENE/CTS09-EndingB_3	你的忏悔已经结束	Your penitence is over.	Vuestra penitencia ha terminado.
CUTSCENE/CTS102-Santos1_0	当扭曲者出现在公众面前时，五人众护卫着他。那时他仍然生活在痛苦和虔诚的神圣牢笼中，依靠并扎根在一棵树上，伫立在哭泣和裂缝之间	The Five guarded the Twisted One whenever he was paraded in public, when he still lived in that divine prison of pain and piety, supported on and rooted in a tree, between sobs and cracks.	Las Cinco custodiaban al Retorcido cuando era sacado en procesión, cuando aún vivía en aquella prisión divina de dolor y piedad, sostenido y enraizado en un madero, entre sollozos y crujidos.
CUTSCENE/CTS102-Santos1_1	那是很久以前的事了…是的，很久以前…	It was long ago... Yes, long ago...	Fue hace mucho... Sí, hace mucho...
CUTSCENE/CTS102-Santos1_2	赛塔便唱响在了它们之间。队伍越走越远，令所有人都得知了圣父再次受到了动摇	From them arose the Saeta, the procession march that spread far and wide letting all know that The Father was being swayed again.	De ellas surgía la Saeta, la marcha que se extendía por todas partes avisando a todos que El Padre estaba siendo mecido de nuevo.
CUTSCENE/CTS103-Santos2_0	罗拉德斯是首位阿马内奇达，她有着无限的热情。她对扭曲者是如此的忠诚，以至于她的身体都无法承受这点	The passion of Laudes, the first Amanecida, was immense. Such was her devotion to the Twisted One that her body was unable to bear it.	La pasión de Laudes, la primera Amanecida, era inmensa. Era tal su devoción por El Retorcido que su propio cuerpo no podía aguantarlo.
CUTSCENE/CTS103-Santos2_1	一天晚上，她感到皮肤上的毛孔纷纷打开，她的热情开始从毛孔里流出来，变成了金色的液体	One night, she felt the pores of her skin open, and her very passion began to exit through them, taking the form of liquid gold.	Durante una noche, sintió como los poros de su piel se abrían y de ellos comenzó a salir su pasión misma que adoptó la forma de oro líquido.
CUTSCENE/CTS103-Santos2_2	在那个漫长的夜晚，至高意志编织成了那条细线，创造了其他四个女人的身体。它们正是罗拉德斯激情的化身	In that long night, that fine thread was woven by the High Will, creating the bodies of the other four women. They are nothing but the very passion of Laudes incarnate.	En aquella larga noche, ese fino hilo se fue tejiendo por obra de la Alta Voluntad, creando los cuerpos de las otras cuatro mujeres. Ellas no son más que la propia pasión de Laudes encarnada.
CUTSCENE/CTS106-LaudesIntro_0	塞塔，哀恸之歌动人心弦，曾让我墓中的明镜为之破碎，如今就让它再放光明吧。荒野召唤者赛塔，点亮这五双死气沉沉的眼眸吧！	Oh, Saeta. Where once its piercing song shattered the mirrors and trinkets in my tomb, let its wail now grant light. Saeta, awakener of the desolate, ignite these five lifeless eyes!	Saeta, que has roto los espejos de mi tumba, enciende los ojos de mis cinco rostros muertos.
CUTSCENE/CTS106-LaudesIntro_1	这千年的苦痛是我的责罚，透心彻骨，宛如剧毒。我那被封印的热忱便是我的忏悔。贞正之力庇佑吾身。这一切都是因我而成，是我让这份热忱驻于我心。	These millennia of torment, my punishment, thread through my bones like poison. My forbidden passion is my penance. My golden virtuous strength armours me. I let this happen - I let this ardour grow inside me.	Más de mil años de condena han sido el castigo por haber permitido crecer dentro de mí una virtuosa pero prohibida pasión bordada en oros.
CUTSCENE/CTS106-LaudesIntro_2	予夺之要，皆在奇迹。	But only The Miracle giveth. Only The Miracle taketh away.	Pero solo el Milagro concede. Solo el Milagro despoja.
CUTSCENE/IntroBrotherhood_0	这是我的罪过，故我将你收下，苦痛奇迹	Because it is my Guilt, I claim you, Grievous Miracle.	Porque es mi culpa, os reclamo, Milagro Doloroso.@
CUTSCENE/IntroBrotherhood_1	让悲痛伤害我的胸膛	Make my chest hurt with regret.	Haced que mi pecho se duela de arrepentimiento.
CUTSCENE/IntroBrotherhood_2	铸造你的惩戒，并深深地钉住它	Forge your punishment and nail it deep.	Forjad vuestro castigo y clavadlo profundo.
CUTSCENE/IntroBrotherhood_3	再次铸造我的罪过	Shape my Guilt, once again.	Dad forma, una vez más, a mi Culpa.
CUTSCENE/IntroDeosgracias_0	因此，所有种类的灵魂的罪过、悔改、哀痛和痛苦，都在我们所有人的身上，在任何地方都明显和具体地表现了出来	And thus, guilt, repentance, mourning and every pain of the soul of all kind were visibly and tangibly manifested, everywhere and in all of us.	Y así, la culpa, el arrepentimiento, el duelo y los demás dolores del alma se manifestaron de forma visible y tangible, en todas partes y en todos nosotros.
CUTSCENE/IntroDeosgracias_1	有时以祝福和恩典的形式，有时则是以惩罚和腐败的形式	Sometimes in the form of blessing and grace, sometimes in the form of punishment and corruption.	A veces en forma de bendición y gracia, y otras, en forma de castigo y corrupción.
CUTSCENE/IntroDeosgracias_2	那种等同于虔诚和残酷的神圣意志，那种我们不能、也永远无法解开的意志，就是所谓的「奇迹」	That divine will, equally pious and cruel, which we could not and will never be able to unravel, was called The Miracle.	Aquella voluntad divina, por igual piadosa y cruel, que no pudimos desentrañar, ni podremos jamás, fue llamada El Milagro.
CUTSCENE/MeaCulpa_0	忏悔者，你把痛苦的罪恶握在你干裂的手中…	Penitent one, you who carry the painful guilt in your cracked hands...	Penitente que cargáis con la lacerante culpa en vuestras manos encalladas...
CUTSCENE/MeaCulpa_1	把它借给我们，减轻我们的负担	lend it to us and alleviate our burden.	...acercádnosla y aliviad nuestra carga.
CUTSCENE/MeaCulpa_2	把它借给我们，消弭我们的眼泪	Lend it to us and wipe away our tears.	Acercádnosla y enjugad nuestras lágrimas.
CUTSCENE/MeaCulpa_3	因为这是一种悔罪的行为	Because it is an act of penitence.	Porque es acto de penitencia.
CUTSCENE/PontiffEvent1_0	我们的请求没有答案，奇迹已经抛弃了我们，我华丽的宝座背对着那些在这里等待的人	There is no answer to our plea, the Miracle has forsaken us, and my ornate throne turns its back on those who await here.	No hay respuesta a nuestra súplica, el Milagro nos ha abandonado y mi trono ornamentado da la espalda a los que aquí esperan.
CUTSCENE/PontiffEvent2_0	我感到我的血变成了黑色的汁液，我的老皮肤变成了红色的树皮	I feel my blood turning into black sap, and my aged skin into reddish bark.	Siento como mi sangre se transforma en savia negra, y mi vieja piel en rojiza corteza.
CUTSCENE/PontiffEvent3_0	我从枯树的最高处看到了一切，奇迹正是在这枯树里让我转世	I see everything from the highest point of the dried tree in which the Miracle has reincarnated me.	Veo todo desde lo más alto del árbol seco en el que el Milagro me ha reencarnado.
CUTSCENE/PontiffEvent4_0	我从里到外地燃烧，我的烟是掩盖一切的雾	I burn from the inside out, and my smoke is a fog that conceals everything.	Ardo desde dentro hacia afuera y mi humo es una niebla que lo ciega todo.
CUTSCENE/PontiffEvent5_0	我从曾经是我摇篮的银灰中醒来。奇迹召唤着我	I awake now, from the silver ash that had been my cradle. The Miracle calls me.	Ahora despierto de la ceniza de plata que había sido mi cuna. El Milagro me llama.
CollectibleItem/CO01_CAPTION	裁判官拉瑟的头盖骨	Parietal bone of Lasser, the Inquisitor	Parietal de Lasser, el Inquisidor
CollectibleItem/CO01_DESCRIPTION	拉瑟与其他裁判官不同，他对被控告之人心怀同情，甚至想要废除极刑。此人软弱不堪，已被革籍流放	Unlike other inquisitors, Lasser showed an unusual amount of indulgence towards the accused, even to the point of stopping executions. His weakness led him to excommunication and exile.	A diferencia de otros inquisidores, Lasser mostró una inusitada indulgencia hacia los acusados, llegando incluso a detener ejecuciones. Su debilidad le llevó a la excomulgación y al destierro.
CollectibleItem/CO02_CAPTION	裁判官艾仕甘的下巴	Jaw of Ashgan, the Inquisitor	Mandíbula de Ashgan, el Inquisidor
CollectibleItem/CO02_DESCRIPTION	艾仕甘拼尽一切严刑拷打，企图以此寻求自己信条的真相，他甚至对祭司们也痛下黑手。但是此举只能让他陷入无尽的悔恨	Ashgan desperately sought answers for his creed through torture, even condemning members of the priesthood. He found nothing but regret in his actions.	Ashgan buscó desesperado respuestas a su credo a través de la tortura, condenando para ello incluso a miembros del sacerdocio. No halló más que arrepentimiento en sus actos.
CollectibleItem/CO03_CAPTION	酒师齐赫的颈椎	Cervical vertebra of Zicher, the Brewmaster	Cervical de Zicher, el Cervecero
CollectibleItem/CO03_DESCRIPTION	酒师齐赫酿造的酒闻名海内，但这也使他所在的修道院臭名昭著。他在夜间被处以火刑，他的传奇也随烈焰升入天堂	Zicher, the Brewmaster, gave ignoble fame to his monastery by brewing the most famous beer in the kingdom. One night, the flames of a fire raised his legend to the heavens.	"Zicher, el ""Maestro Cervecero"", dio innoble fama a su monasterio elaborando la cerveza más famosa del reino. Una noche, las llamas de un incendio elevaron su leyenda a los cielos."
CollectibleItem/CO04_CAPTION	学童道海森的锁骨	Clavicle of Dalhuisen, the Schoolchild	Clavícula de Dalhuisen, el Pupilo
CollectibleItem/CO04_DESCRIPTION	人们找他找了好几天，结果在森林里发现了马克的遗骸。自此之后，坊间就有传言说恶魔会骑着会飞的山羊从天边而来	They searched for him for days, until they found Mark's remains in the woods. Since then, rumours tell of demons riding on the backs of flying goats, coming from faraway lands.	Lo buscaron durante días hasta que dieron con los restos de Mark en el bosque. Desde entonces circulan rumores sobre demonios a lomos de cabras voladoras, venidas de otras tierras.
CollectibleItem/CO05_CAPTION	演员维塔斯的胸骨	Sternum of Vitas, the Performer	Esternón de Vitas, el Actor
CollectibleItem/CO05_DESCRIPTION	古斯托迪亚还记得自己对维塔斯·瓦纳斯钦慕有加。他会用自己无私的行动和振奋人心的话语来激励百姓	Cvstodia remembers with admiration the name of Vitas Varnas. He inspired the lives of his people through his altruistic actions as well as his inspirational words.	Cvstodia recuerda con admiración la figura de Vitas Varnas. No sólo inspiró la vida de sus gentes a través de sus altruistas acciones, sino también gracias a sus inspiradoras palabras.
CollectibleItem/CO06_CAPTION	卫兵萨诺克的肋骨	Ribs of Sabnock, the Guardian	Costillas de Sabnock, el Guardián
CollectibleItem/CO06_DESCRIPTION	萨诺克是圣膏军中的一员，他守卫着奇异魔印。即便是混乱降临，他已然坚守着城镇的大门	The Anointed Legion included Sabnock among its ranks, guardian and bearer of the Sigil of the Twisted. He fiercely protected the gates of town, even after chaos had arisen.	La Legión Ungida contó entre sus filas con Sabnock, guardián y portador del Sello del Retorcido. Protegió con fiereza las puertas de la ciudad, incluso tras alzarse el caos.
CollectibleItem/CO07_CAPTION	赌鬼约翰的脊椎	Vertebra of John, the Gambler	Vértebra de John, el Jugador
CollectibleItem/CO07_DESCRIPTION	约翰·冯·加默兰明兹赌术高超，大家都觉得他的命运定是由至高意志指引。等到他的好运到头了，他的生命也就到头了	Known for his gambling skills, many believed that John Von Gammeramindz's fate was guided by the High Wills. The day his luck ran out, so did his life.	Conocido por sus habilidades en el juego, muchos creían que la suerte de John Von Gammeramindz fue guiada por las Altas Voluntades. El día que terminó su suerte, su vida hizo lo mismo.
CollectibleItem/CO08_CAPTION	刽子手卡洛斯的肩胛骨	Scapula of Carlos, the Executioner	Omóplato de Carlos, el Ejecutor
CollectibleItem/CO08_DESCRIPTION	此人有多讨厌人类，就有多喜欢动物。有一次一只狗咬了主教，他被勒令处死这只狗，他拒绝了，这是卡洛斯第一次拒绝，也是最后一次	His hatred for people was as great as his love for animals. When he was ordered to execute a dog that had bitten a bishop, Carlos refused for the first and last time.	Su odio por las personas fue tan grande como su amor por los animales. Cuando le ordenaron ejecutar a un perro que había mordido a un obispo, Carlos se negó por primera y última vez.
CollectibleItem/CO09_CAPTION	护士麦克米腾斯的肱骨	Humerus of McMittens, the Nurse	Húmero de McMittens, el Enfermero
CollectibleItem/CO09_DESCRIPTION	麦克米腾斯是一名护士，同时也喜爱小猫，他救下的生命不计其数，其中有人，也有其他生物。他受不了去救治那些杀人狂魔，他们对生命没有丝毫尊重，于是他选择了自裁	A nurse and cat lover, McMittens saved countless lives, human and others. Unable to bear saving those who showed no respect for life, he put an end to his own.	Enfermero y amante de los gatos, McMittens salvó incontables vidas, fuesen humanas o no. Por no soportar salvar a quienes no mostraban respeto por la vida, dio fin a la suya propia.
CollectibleItem/CO10_CAPTION	游吟诗人柯克的尺骨	Ulna of Koke, the Troubadour	Cúbito de Koke, el Trovador
CollectibleItem/CO10_DESCRIPTION	裁判官对音乐十分鄙视，因为这会令人耽于欢愉，柯克觉得写首讽刺小曲儿在公共场合下嘲弄一下这些老官僚没什么不妥。随着他被处以极刑，音乐禁令算是完全落实了	The inquisitors despised music because it induced euphoria. Koke thought it appropriate to dedicate a toned satire to these presbyters in public. His execution preceded the complete ban on music.	Los inquisidores detestaban la música ya que inducía a la euforia. Koke creyó oportuno dedicar una satírica tonada a estos presbíteros en público. Su ejecución precedió a la prohibición total de la música.
CollectibleItem/CO11_CAPTION	诗人黑尔泽的桡骨	Radius of Helzer, the Poet	Radio de Helzer, el Poeta
CollectibleItem/CO11_DESCRIPTION	诗人约翰·克拉克·黑尔泽的作品生前无人问津，死后举世文明，尤其是他的「红叶诗」。人们发现这首诗时，是在他的尸体旁，而他则被一棵倒下的树砸死	"The work of the poet John Clark Helzer had a sadly posthumous success, especially his ""Poem to the Red Leaf"". The poem was found next to his corpse, severed by a fallen tree."	"La obra del poeta John Clark Helzer tuvo un triste éxito póstumo, especialmente su ""Poema a la Hoja Roja"". Dicho poema fue encontrado junto a su cadáver, seccionado por un árbol caído."
CollectibleItem/CO12_CAPTION	绳匠马丁努斯的额骨	Frontal of Martinus, the Ropemaker	Frontal de Martinus, el Cordelero
CollectibleItem/CO12_DESCRIPTION	有人诬陷匠人马丁努斯·哈弗尼亚贩卖劣质绳索，他被处以绞刑，用的则是他亲手制造的绳子。那天，他用一死向世人证明自己的绳子没毛病	Artisan Martinus Hafnia was unjustly accused of selling brittle strings, and sentenced to be hanged with one of his creations. That very sad day he regained his honour.	El artesano Martinus Hafnia fue injustamente acusado de vender cuerdas quebradizas y sentenciado a ser ahorcado con una de sus propias creaciones. Ese triste día recuperó su honor.
CollectibleItem/CO13_CAPTION	铁匠霍奇斯的掌骨	Metacarpus of Hodges, the Blacksmith	Metacarpo de Hodges, el Herrero
CollectibleItem/CO13_DESCRIPTION	铁匠布伦丹·霍奇斯为古斯托迪亚铸造了许多精美绝伦的武器，圣膏军使用的武器就出自他的手中。他命中注定要死于自己铸造的刀剑之下，这一切都是命运的安排	Blacksmith Brendan Hodges forged some of Cvstodia's most beautiful weapons, wielded by the Anointed Legion themselves. Destiny wanted it to be one of his weapons that killed him.	El herrero Brendan Hodges forjó algunas de las armas más bellas de Cvstodia, portadas por la mismísima Legión Ungida. El destino quiso que fuese una de sus armas la que le diese muerte.
CollectibleItem/CO14_CAPTION	水手亚瑟的指骨	Phalanx of Arthur, the Sailor	Falange de Arthur, el Marinero
CollectibleItem/CO14_DESCRIPTION	此人一生都在寻找神秘的图腾，这可以证明世上真的存在海底城堡，而保卫城堡的，则是汹涌的浪涛	He spent his whole life looking after a mysterious totem. This evidence would prove the existence of an impossible castle built under the sea, protected by its incessant waves.	Dedicó toda su vida a buscar un misterioso totem. Este testimonio probaría la existencia de un castillo imposible construido bajo el mar, protegido por sus incesantes olas.
CollectibleItem/CO15_CAPTION	参赞米里亚姆的指骨	Phalanx of Miriam, the Counsellor	Falange de Miriam, la Consejera
CollectibleItem/CO15_DESCRIPTION	米里亚姆·巴尔托深谙成功之道，但命运却难以预知。虽然她身染重疾死于非命，但深爱她的人们都将她的遗产视作不朽奇迹	Miriam Barto knew what it took to succeed, but fate is unpredictable. Though a terrible illness shortened her life, her legacy was eternal to those who loved her.	Miriam Barto sabía qué era necesario para alcanzar el éxito, pero el destino es impredecible. Pese a que una terrible enfermedad acortó su vida, su legado fue eterno para quienes la amaron.
CollectibleItem/CO16_CAPTION	掘墓人布兰农的指骨	Phalanx of Brannon, the Gravedigger	Falange de Brannon, el Sepulturero
CollectibleItem/CO16_DESCRIPTION	布兰农·约书亚·穆伦斯一生掘墓无数，朋友、家人、敌人都葬于他挖的墓中…但当混沌降临时，却没有人来为他掘墓	Brannon Joshua Mullins dug the graves of hundreds throughout his life, whether friend, family or foe... But when the chaos arose, there was no one left to return the favour.	Brannon Joshua Mullins cavó las tumbas de cientos a lo largo de su vida, ya fuesen amigos, familiares o enemigos... pero cuando comenzó el caos, no quedó nadie para devolverle el favor.
CollectibleItem/CO17_CAPTION	妓女琼恩的髋骨	Coxal of June, the Prostitute	Coxal de June, la Prostituta
CollectibleItem/CO17_DESCRIPTION	琼恩·莎夜斯在教区可谓人尽皆知，她勾引许多祭司，使他们贞纯的意志与誓言堕落，不过当第一缕灰落到地上时，她的好日子就到头了	Popular among the bishopric, June Sayers seduced and corrupted the will and vow of chastity of many in the priesthood, but her immunity ended when the first ashes fell to the ground.	Popular entre el obispado, June Sayers sedujo y corrompió la voluntad y el voto de castidad de gran parte del sacerdocio, pero su inmunidad terminó cuando cayeron las primeras cenizas.
CollectibleItem/CO18_CAPTION	暗黑术士的骶骨	Sacrum of the Dark Warlock	"Sacro de ""el Hechicero Oscuro"""
CollectibleItem/CO18_DESCRIPTION	这名祭司人称「暗黑之人」，是「无言图书馆」的创立者。当他被抓捕时，他正在修炼巫术，身边全是异教书文	"Founder of the ""Library of the Negated Words,"" this priest was known by the sobriquet of ""the Dark One"". He was caught practicing sorcery, surrounded by pagan writings."	"Fundador de la ""Biblioteca de las Palabras Negadas"", este sacerdote fue conocido con el sobrenombre de ""el Oscuro"". Fue sorprendido practicando la hechicería, rodeado de escritos paganos."
CollectibleItem/CO19_CAPTION	狂人丹尼尔尾椎	Coccyx of Daniel, the Possessed	Coxis de Daniel, el Poseído
CollectibleItem/CO19_DESCRIPTION	据说丹尼尔在城堡中出现，他宣称自己在睡觉时被一个黑影占据，并且自称一直在与地下的邪恶生物维持着联系	It is said that Daniel appeared inside a castle. He cried that he had been possessed by a shadow as he slept, and also claimed to have maintained carnal relations with underground creatures.	Se cuenta que Daniel apareció dentro de un castillo. Vociferaba estar poseído por una sombra cuando dormía y también haber mantenido relaciones carnales con engendros del subsuelo.
CollectibleItem/CO20_CAPTION	赏金猎人卡尔波的股骨	Femur of Karpow, the Bounty Hunter	Fémur de Karpow, el Cazarrecompensas
CollectibleItem/CO20_DESCRIPTION	赏金猎人卡尔波诨名「猛汉」，在古斯托迪亚教区令人闻风丧胆。他秉持着这么一条座右铭：「一无所有，则一无所惧」	"Karpow, nicknamed ""the Daring,"" was a feared bounty hunter at the service of the bishopric of Cvstodia. Karpow had a cherished motto ""Get rid of everything and you'll have nothing to lose""."	"Karpow, apodado ""el Osado"", fue un temido cazarrecompensas al servicio del obispado de Cvstodia. Karpow tenía un apreciado lema ""despréndete de todo y no tendrás nada que perder""."
CollectibleItem/CO21_CAPTION	木偶艺人塞巴斯蒂安的膝盖骨	Kneecap of Sebastien, the Puppeteer	Rótula de Sébastien, el Titiritero
CollectibleItem/CO21_DESCRIPTION	塞巴斯蒂安·沃迪亚身边全是木偶，对他来说这就是他的家人。一天夜里他的剧院燃起了大火，他高呼：「我看哪个敢动！」呼声响彻黑夜，之后他也消失在了火海中	"Sebastien Wodja lived surrounded by puppets. To him they were his family. His cries marked the night he disappeared into the flames of his theatre, exclaiming ""I forbid you to move!"""	"Sébastien Wodja vivió rodeado de marionetas. Para él eran como su familia. Sus gritos marcaron la noche en la que desapareció entre las llamas de su teatro, exclamando ""¡Os prohíbo que os mováis!"""
CollectibleItem/CO22_CAPTION	神秘人奥萨利的胫骨	Tibia of Alsahli, the Mystic	Tibia de Alsahli, el Místico
CollectibleItem/CO22_DESCRIPTION	奥萨利从不相信古斯托迪亚教区的权威，他甚至宣称自己能直接与至高意志相交通：「保持热情，这就是秘密所在」	"Alsahli never believed in the authority of the Holy See of Cvstodia. He even claimed to have been able to contact the High Wills on his own ""Be fervent. That is the secret."""	"Alsahli nunca creyó en la autoridad de la Santa Sede de Cvstodia. Aseguraba incluso haber conseguido contactar con las Altas Voluntades por cuenta propia ""Ser fervoroso. Ese es el secreto""."
CollectibleItem/CO23_CAPTION	巡林客莱斯普的腓骨	Fibula of Rysp, the Ranger	Peroné de Rysp, el Guardabosques
CollectibleItem/CO23_DESCRIPTION	莱斯普·斯克林肖敢于夜闯深林，可谓无人不晓。在他看来，深林可以帮助他思考何谓「超然」，超出至高意志的「超然」	"Rysp Scrimshaw was known for his reckless nightly walks in the woods. He said they helped him think about what was ""beyond,"" beyond even the High Wills."	"Rysp Scrimshaw era conocido por sus temerarios paseos nocturnos por el bosque. Él decía que le ayudaban a pensar en lo que había ""más allá"", más allá incluso que las Altas Voluntades."
CollectibleItem/CO24_CAPTION	盗贼约尔的颞骨	Temporal of Joel, the Thief	Temporal de Joel, el Ladrón
CollectibleItem/CO24_DESCRIPTION	约尔劫富济贫，可谓侠盗。有一天他太过大胆，在窃取主教的圣衣时被当场擒获。之后他便被处以古斯托迪亚最为严酷的刑罚	Joel always stole to help others. One day he risked too much, and was caught stealing the Pontiff's bejewelled stole. No one in Cvstodia has ever endured greater torture.	Joel siempre robaba para ayudar al prójimo. Un día arriesgó demasiado y fue sorprendido robando la estola enjoyada del mismísimo Pontífice. Nadie jamás sufrió una tortura mayor en Cvstodia.
CollectibleItem/CO25_CAPTION	旅人陆书的跖骨	Metatarsus of Rikusyo, the Traveller	Metatarso de Rikusyo, el Viajero
CollectibleItem/CO25_DESCRIPTION	人们对陆书的身世一无所知，但是见过他的人都表示陆书有一个亮闪闪的奇异小盘子，可以发出微小的声音	Almost no details of his background are known, but those who crossed his path claimed later that Rikusyo carried a small, strange, luminous plate that emitted a faint voice.	Apenas se conocen detalles de su origen, pero quienes se cruzaron en su camino luego aseguraban que Rikusyo portaba un pequeño y extraño plato luminoso que emitía una débil voz.
CollectibleItem/CO26_CAPTION	囚犯泽斯的指骨	Phalanx of Zeth, the Prisoner	Falange de Zeth, el Prisionero
CollectibleItem/CO26_DESCRIPTION	泽斯·科西嘉被判处终身禁闭，他逐渐自言自语说起了一些话语，这莫非就是他自杀的原因？	Zeth Corsica was sentenced to life in absolute solitary confinement. He was constantly muttering something about voices in his head. Was it maybe one of them that pushed him to suicide?	Zeth Corsica fue sentenciado a cadena perpetua en régimen de aislamiento absoluto. Murmuraba constantemente algo sobre unas voces en su cabeza. ¿Fue una de ellas la que le empujó al suicidio?
CollectibleItem/CO27_CAPTION	打假能手威廉的指骨	Phalanx of William, the Sceptic	Falange de William, el Escéptico
CollectibleItem/CO27_DESCRIPTION	威廉·古拉夫倾尽毕生经历揭露江湖骗子和卫道士的丑恶嘴脸。他甚至对古斯托迪亚教会的一些成员发出了质疑。教会对这种异端邪说定是不能轻饶	William Grahf devoted his life to exposing charlatans and deceitful evangelists. He even questioned the sanctity of certain members of the Cvstodian church. His heresy was not forgiven.	William Grahf dedicó su vida a exponer a charlatanes y evangelistas embusteros. Incluso puso en duda la santidad de ciertos miembros de la iglesia de Cvstodia. Su herejía no obtuvo perdón.
CollectibleItem/CO28_CAPTION	档案员阿拉卡林的指骨	Phalanx of Aralcarim, the Archivist	Falange de Aralcarim, el Archivista
CollectibleItem/CO28_DESCRIPTION	阿拉卡林是「无言图书馆」的档案员，相较于扭曲者，他对古斯托迪亚的著作更感兴趣，这也使得他惨遭流放	"Aralcarim worked as an archivist in the ""Library of the Negated Words"". His heightened interest in the writings of Cvstodia prior to the appearance of the Twisted cost him his exile."	"Aralcarim trabajó de archivista en la ""Biblioteca de las Palabras Negadas"". Su elevado interés por los escritos de Cvstodia antes de la aparición del Retorcido le costó el destierro."
CollectibleItem/CO29_CAPTION	金匠特基拉的枕骨	Occipital of Tequila, the Metalsmith	Occipital de Tequila, el Orfebre
CollectibleItem/CO29_DESCRIPTION	特基拉不是一般的金匠，他主要是做头骨加工工作，专门在上面镶宝石。他的遗愿便是成为自己藏品之中最华美的一颗。	Tequila was not your everyday metalsmith skulls were the basis of his creations, with jewelled skulls his specialty. His last wish was to become the most beautiful piece in his collection.	Tequila no era un orfebre común las osamentas eran la base de sus creaciones y los cráneos enjoyados su especialidad. Su última voluntad fue convertirse en la pieza más bella de su colección.
CollectibleItem/CO30_CAPTION	教士塔拉达克斯的上颌	Maxilla of Tarradax, the Cleric	Maxilar de Tarradax, el Clérigo
CollectibleItem/CO30_DESCRIPTION	尼哥德慕·塔拉达克斯包容和蔼，举止优雅，谁都可以去他的教堂避难。人们在圣器室发现了一堆骨头后，他的真实意图才公之于众	With his broad smile and good manners, Nicodemus Tarradax never denied anyone refuge in his church. The discovery of a pile of bones in the sacristy revealed his true intentions.	Con su ancha sonrisa y agradables maneras, Nicodemus Tarradax nunca negó refugio a nadie en su iglesia. El hallazgo de una pila de huesos en la sacristía reveló sus verdaderas intenciones.
CollectibleItem/CO31_CAPTION	艺术大师查尔斯的鼻骨	Nasal bone of Charles, the Artist	Nasal de Charles, el Artista
CollectibleItem/CO31_DESCRIPTION	此人的作品极为华美，在教会中引起了极大的争论。有人认为，生命才是世界上最美的东西，不应该有东西比生命更美。屈莱顿的藏品被悉数查抄，他从此也被世人遗忘	The beauty of his work sparked a strong debate within the church. It was commanded that no representation could be more beautiful than life itself. Dryden's collection was confiscated, and he was forgotten.	La belleza de su obra inició un fuerte debate en el seno de la iglesia. Se ordenó que ninguna representación podía ser más bella que la vida misma. La colección de Dryden fue requisada y él, olvidado.
CollectibleItem/CO32_CAPTION	乞丐森纳士的舌骨	Hyoid bone of Senex, the Beggar	Hioides de Senex, el Pordiosero
CollectibleItem/CO32_DESCRIPTION	森纳士终其一生都在痛苦中度过，使得他的灵魂更为煎熬。只有当他将痛苦视为生命的一部分时，他才真正找到了痛苦的意义	Senex spent a lifetime fleeing pain, which caused more and more suffering to his tormented soul. Only when he accepted pain as part of his life did he find a meaning to it.	Senex pasó toda una vida huyendo del dolor, provocando más y más sufrimiento a su atormentada alma. Sólo cuando aceptó el dolor como parte de su vida encontró sentido en ella.
CollectibleItem/CO33_CAPTION	锻工林奎斯特的椎骨	Vertebra of Lindquist, the Forger	Vértebra de Lindquist, el Forjador
CollectibleItem/CO33_DESCRIPTION	都是托林奎斯特的福，古斯托迪亚才有杳杳钟声。这名锻工恐怕永远也无法见到他的杰作「洪多」完工了	"Wherever a bell rings in Cvstodia, its sound owes its existence to Lindquist. This forger never saw his bizarre magnum opus, called ""Jondo,"" completed."	"Allá donde tañe una campana en Cvstodia, su sonido debe su existencia a Lindquist. Este forjador nunca llegó a ver su esperpéntica obra magna concluida, la cual recibe el nombre de ""Jondo""."
CollectibleItem/CO34_CAPTION	绞刑官耶利米的大多角骨	Trapezium of Jeremiah, the Hangman	Trapecio de Jeremiah, el Verdugo
CollectibleItem/CO34_DESCRIPTION	数十年来，耶利米·施威格吊死的囚犯数以千计，他坚信，自己的事业崇高神圣。而当他的脑中产生疑惑时，他的一生也被这份懊悔所毁了	Jeremiah Schweiger took the lives of thousands of prisoners for decades, trusting that his work was sacred. When doubt invaded his mind, remorse ravaged him.	Jeremiah Schweiger acabó con la vida de miles de reos durante décadas, confiando en que su labor era sagrada. Cuando la duda invadió su mente, el arrepentimiento lo devastó.
CollectibleItem/CO35_CAPTION	珠宝匠耶格的小多角骨	Trapezoid of Yeager, the Jeweller	Trapezoide de Yeager, el Joyero
CollectibleItem/CO35_DESCRIPTION	泰兰特·耶格的家人惨遭冤枉，裁判官艾仕甘下令将他们烧死。耶格被仇恨蒙蔽了双眼，他用家人的遗骸铸造了一枚戒指，据说至今仍被诅咒	Unjustly sentenced to the stake by order of Ashgan the Inquisitor, Tyrant Yeager's family became ashes. Blinded by revenge, he forged a ring with their remains, a ring that is now believed to be cursed.	Injustamente sentenciados a la hoguera por orden del Inquisidor Ashgan, la familia de Tyrant Yeager se convirtió en ceniza. Cegado por la venganza, forjó un anillo con dichos restos que se cree maldito.
CollectibleItem/CO36_CAPTION	令官巴罗克的头状骨	Capitate of Barock, the Herald	Grande de Barock, el Pregonero
CollectibleItem/CO36_DESCRIPTION	无论是极刑还是鞭刑，巴罗克都会高声宣令，后来他渐渐地不再高声宣令，因为他要念的是他全家的判决令	Whether executions or lashings, Barock was always there to proclaim them loudly, but his voice broke down gradually as, day by day, he had to announce the sentences of his entire family.	Fuesen ejecuciones o azotamientos, Barock siempre estuvo ahí para pregonarlos a viva voz, pero su voz se fue rompiendo cuando día tras día tuvo que anunciar las sentencias de toda su familia.
CollectibleItem/CO37_CAPTION	书吏伏柯里希的钩骨	Hamate of Vukelich, the Copyist	Ganchoso de Vukelich, el Copista
CollectibleItem/CO37_DESCRIPTION	伏柯里希掌管教印，他在以权谋私偷取奥术禁书的时候被人抓获。从那天之后，他就再也无法抄书了	Taking advantage of a pontifical bull, Vukelich was caught stealing a forbidden book about arcane knowledge. His hands did not write again after that day.	Aprovechándose de una bula pontificia, Vukelich fue sorprendido sustrayendo un libro prohibido sobre conocimientos arcanos. Sus manos no volvieron a escribir desde ese día.
CollectibleItem/CO38_CAPTION	探险家赫南德斯的豌豆骨	Pisiform of Hernandez, the Explorer	Pisiforme de Hernández, el Explorador
CollectibleItem/CO38_DESCRIPTION	维克托·赫南德斯被任命为探险队长前去教化蛮夷部落，但是他却宣称古斯托迪亚是世上最野蛮的地方，如此异教邪说使得他惹祸上身	"Victor Hernandez was chosen to lead an expedition meant to ""civilise"" barbaric tribes. He was sentenced for heresy when he suggested that Cvstodia was the most uncivilised of all known places."	"Víctor Hernández fue elegido para liderar una expedición con el fin de ""civilizar"" pueblos bárbaros. Fue sentenciado por herejía cuando sugirió que Cvstodia era el más incívico de los lugares conocidos."
CollectibleItem/CO39_CAPTION	裁缝卢卡的三角骨	Triquetral of Luca, the Tailor	Piramidal de Luca, el Sastre
CollectibleItem/CO39_DESCRIPTION	他梦想着为贵族们缝制华美的服饰，但是他死到临头之际，只能为自己缝制火刑囚服	He dreamed all his life of making beautiful clothes for the nobility, but nearing the day of his death, the only thing he had the opportunity to sew were sanbenitos.	Soñó durante toda su vida con confeccionar bellos ropajes para la nobleza, pero ya cercano el día de su muerte, lo único que había tenido la oportunidad de tejer fueron sambenitos.
CollectibleItem/CO40_CAPTION	屠夫凯亚的月骨	Lunate of Keiya, the Butcher	Semilunar de Keiya, el Carnicero
CollectibleItem/CO40_DESCRIPTION	他之所以人送绰号「屠夫」，并非因为他是屠猪杀狗之辈，而是因为他在战场上杀敌斩将如砍瓜切菜。他这狂乱的性子即便是腐败之风也改变不了	"His nickname ""the Butcher"" was owed not to his occupation, but to his vicious combat skills as a soldier. Not even corruption seemed to alter his disturbed personality."	"El sobrenombre de ""el Carnicero"" no se debía a su profesión, sino a sus sanguinarias aptitudes para el combate como soldado. Ni siquiera la corrupción pareció alterar su trastornada personalidad."
CollectibleItem/CO41_CAPTION	麻风患者菲尔斯的舟状骨	Scaphoid of Fierce, the Leper	Escafoide de Fierce, el Leproso
CollectibleItem/CO41_DESCRIPTION	菲尔斯的家人、村庄甚至其他麻风病人都对其弃之如敝履，他在亵渎之池的坑道中暂避一时，此时他发现自己的声音会回应自己，于是便找到了慰藉	Rejected by his family, his village and even by other lepers, Fierce only found solace in the echo that his voice returned to him when he took refuge in the tunnels of the Desecrated Cistern.	Rechazado por su familia, por su pueblo e incluso por otros leprosos, Fierce sólo encontró consuelo en el eco que su voz le devolvía cuando se refugió en los túneles del Aljibe Profanado.
CollectibleItem/CO42_CAPTION	朝圣者韦斯顿的踝骨	Anklebone of Weston, the Pilgrim	Astrágalo de Weston, el Peregrino
CollectibleItem/CO42_DESCRIPTION	韦斯顿的行侣向他保证说明天会在下一个避难所等他。但是当他第二天到了那里时，却没发现有人，就连第二天也没有什么人	His travelling companion assured him that he would wait for him at the next shelter, just a day away. When Weston arrived the next day, there was no one there. Nor the day after that.	Su compañero de viaje le aseguró que le esperaría en el siguiente refugio, a tan sólo una jornada de distancia. Cuando Weston llegó al día siguiente, no hubo nadie allí. Al siguiente, tampoco.
CollectibleItem/CO43_CAPTION	土匪珀希安的跟骨	Calcaneum of Persian, the Bandit	Calcáneo de Persian, el Bandolero
CollectibleItem/CO43_DESCRIPTION	珀希安劫起道来可不论贫富，村民们对这个孤胆悍匪可谓闻风丧胆。某日他被杀死在了阿尔贝罗，谁也没有同情他。	Feared by his countrymen, Persian attacked routes without distinction between rich or poor, and always alone. The day he dragged himself to Albero on the brink of death, no one took pity on him.	Temido por sus paisanos, Persian asaltaba caminos sin distinguir entre ricos o pobres, y siempre en solitario. El día que llegó moribundo a Albero, absolutamente nadie se apiadó de él.
CollectibleItem/CO44_CAPTION	杀手坎尼忽的舟状骨	Navicular of Kahnnyhoo, the Murderer	Navicular de Kahnnyhoo, el Asesino
CollectibleItem/CO44_DESCRIPTION	坎尼忽虽然不是很精明，但骗商人和教士上钩还是有两手的，他会杀掉他们，然后拿走他们的财物	Kahnnyhoo, although clumsy, took advantage of his cheerful and jovial demeanour to trick merchants and clergymen, with the intention of killing them and stealing their belongings.	Kahnnyhoo, aunque torpe, supo aprovechar su aspecto alegre y jovial para embaucar a mercaderes y clérigos con la intención de darles muerte y robarles sus pertenencias.
GENERIC/DLG_QUESTION_ASSENT_0	同意吗？	Assent?	¿Asentir?
GENERIC/DLG_QUESTION_ASSENT_ANSWER_0	同意	Assent	Asentir
GENERIC/DLG_QUESTION_ASSENT_ANSWER_1	拒绝	Dissent	Disentir
GENERIC/DLG_QUESTION_BUY_0	购买吗？	Buy?	¿Comprar?
GENERIC/DLG_QUESTION_BUY_ANSWER_0	买	Buy	Comprar
GENERIC/DLG_QUESTION_BUY_ANSWER_1	不	No	No
GENERIC/DLG_QUESTION_GIVE_0	给予吗？	Give?	¿Dar?
GENERIC/DLG_QUESTION_GIVE_ANSWER_0	给	Give	Entregar
GENERIC/DLG_QUESTION_GIVE_ANSWER_1	不	No	No
GENERIC/DLG_QUESTION_MEACULPA_0	接受孽刃挑战吗？	Accept Mea Culpa challenge?	¿Aceptar desafío de Mea Culpa?
GENERIC/DLG_QUESTION_MEACULPA_ANSWER_0	接受	Accept	Aceptar
GENERIC/DLG_QUESTION_MEACULPA_ANSWER_1	拒绝	Reject	Rechazar
GENERIC/DLG_QUESTION_OFFER_0	献上贡品吗？	Make an offering?	¿Hacer una ofrenda?
GENERIC/DLG_QUESTION_OFFER_ANSWER_0	献上	Offer	Ofrecer
GENERIC/DLG_QUESTION_OFFER_ANSWER_1	不	No	No
GENERIC/DLG_QUESTION_YESNO_0	接受吗？	Accept?	¿Aceptar?
GENERIC/DLG_QUESTION_YESNO_ANSWER_0	是	Yes	Sí
GENERIC/DLG_QUESTION_YESNO_ANSWER_1	不	No	No
GENERIC/MSG_NOANSWER_0	没有回答	No answer.	Sin respuesta.
GENERIC/MSG_NOOFFERINGS_0	你没有可用的贡品	You have no available offerings.	No tienes ofrendas disponibles.
GENERIC/MSG_NOTENOUGHSAP_0	你没有足够的赎罪之泪	You don't have enough Tears of Atonement.	No tienes suficientes Lágrimas de Enmienda.
GENERIC/MSG_NOTHINGHAPPENED_0	无事发生	Nothing happened.	No ocurre nada.
GENERIC/QUESTION_ACTIVATE_0	激活吗？	Activate?	¿Activar?
GENERIC/QUESTION_ACTIVATE_ANSWER_0	激活	Activate	Activar
GENERIC/QUESTION_ACTIVATE_ANSWER_1	不	No	No
GENERIC/QUESTION_LIGHT_0	点亮？	Light up?	¿Encender?
GENERIC/QUESTION_LIGHT_ANSWER_0	点亮	Light up	Encender
GENERIC/QUESTION_LIGHT_ANSWER_1	不点亮	Don't light up	No encender
GENERIC/QUESTION_USE_0	使用？	Use?	¿Usar?
GENERIC/QUESTION_USE_ANSWER_0	使用	Use	Usar
GENERIC/QUESTION_USE_ANSWER_1	不使用	Don't use	No usar
Map/D01	城郊	Suburbs	Arrabales
Map/D01_Z01	圣途	The Holy Line	La Santa Línea
Map/D01_Z02	阿尔贝罗	Albero	Albero
Map/D01_Z03	葬堂荒野	Wasteland of the Buried Churches	Yermo de las Iglesias Enterradas
Map/D01_Z04	慈悲梦境	Mercy Dreams	Tumba de la Misericordia
Map/D01_Z05	亵渎之池	Desecrated Cistern	Aljibe Profanado
Map/D01_Z06	坚如磐石	Petrous	Pétrea
Map/D02	封禁修道院	Enclosed Convent	Alta Clausura
Map/D02_Z01	橄榄枯萎之地	Where Olive Trees Wither	Donde se Marchitan los Olivos
Map/D02_Z02	群峰墓地	Graveyard of the Peaks	Camposanto de las Cumbres
Map/D02_Z03	焦容圣母修道院	Convent of Our Lady of the Charred Visage	Convento de la Faz Denegrida
Map/D02_Z04	焦容圣母修道院	Convent of Our Lady of the Charred Visage	Convento de la Faz Denegrida
Map/D02_Z05	群峰墓地	Graveyard of the Peaks	Camposanto de las Cumbres
Map/D03	青铜边境	The Bronze Frontier	La Frontera de Bronce
Map/D03_Z01	无尽黄昏山脉	Mountains of The Endless Dusk	Serranía del Ocaso Perpetuo
Map/D03_Z02	洪多	Jondo	Jondo
Map/D03_Z03	怨念之崖	Grievance Ascends	"Asciende El Quejido "
Map/D03_Z04	怨念之崖	Grievance Ascends	"Asciende El Quejido "
Map/D03_Z05	怨念之崖	Grievance Ascends	"Asciende El Quejido "
Map/D04	万母之母	Mother of Mothers	Madre de Madres
Map/D04_Z01	静默台阶庭院	Patio of the Silent Steps	Patio de los Caminares Sordos
Map/D04_Z02	万母之母	Mother of Mothers	Madre de Madres
Map/D04_Z03	三字之结	Knot of the Three Words	Nudo de las Tres Palabras
Map/D04_Z04	海津之泪	All the Tears of the Sea	Todas las Lágrimas del Mar
Map/D05	低阶教义	Low Creeds	Bajos Credos
Map/D05_Z01	无言图书馆	Library of the Negated Words	Biblioteca de las Palabras Negadas
Map/D05_Z02	沉睡画布	The Sleeping Canvases	Los Lienzos Durmientes
Map/D05_Z03	沉睡画布	The Sleeping Canvases	Los Lienzos Durmientes
Map/D05_Z04	沉睡画布	The Sleeping Canvases	Los Lienzos Durmientes
Map/D06	大教堂屋顶	Archcathedral Rooftops	Altos de la Archicatedral
Map/D06_Z01	大教堂屋顶	Archcathedral Rooftops	Altos de la Archicatedral
Map/D07	圣王回廊	Deambulatory of His Holiness	Deambulatorio de Su Santidad
Map/D07_Z01	圣王回廊	Deambulatory of His Holiness	Deambulatorio de Su Santidad
Map/D08	骷髅地桥	Bridge of the Three Calvaries	Puente de los Tres Calvarios
Map/D08_Z01	骷髅地桥	Bridge of the Three Calvaries	Puente de los Tres Calvarios
Map/D08_Z02	环刚铁木	Ferrous Tree	Árbol Férreo
Map/D08_Z03	黎明大厅	Hall of the Dawning	Galería de los Albores
Map/D09	神圣禁忌之墙	Wall of the Holy Prohibitions	Muralla de las Santas Prohibiciones
Map/D09_Z01	神圣禁忌之墙	Wall of the Holy Prohibitions	Muralla de las Santas Prohibiciones
Map/D17	默哀同道会	Brotherhood of the Silent Sorrow	Hermandad del Lamento Mudo
Map/D17_Z01	默哀同道会	Brotherhood of the Silent Sorrow	Hermandad del Lamento Mudo
Map/D20	雪盐回响	Echoes of Salt	Ecos de Sal
Map/D20_Z01	雪盐回响	Echoes of Salt	Ecos de Sal
Map/D20_Z02	哀伤与浩劫	Mourning and Havoc	Luto y Estrago
Map/D20_Z03	姐妹眠处	The Resting Place of the Sister	Reposo de la Hermana
PROPS/DLG_CONFESSOR_NOTENOUGHPURGE_0	当拥有足够的赎罪之泪时返回	Come back when you have enough Tears of Atonement.	Volved cuando poseáis suficientes Lágrimas de Enmienda.
PROPS/DLG_QT_ALTARDEMAKE_0	想要进行游戏换取{purgepoints}	Play a game in exchange for {purgepoints}	¿Echar una partida a cambio de {purgepoints}
PROPS/DLG_QT_BAPTISMAL_DRINK_0	用朝圣者油膏涂抹自己？	Anoint yourself with the Oil of the Pilgrims?	¿Ungirse con el Óleo de los Peregrinos?
PROPS/DLG_QT_BAPTISMAL_DRINK_ANSWER_0	涂抹	Anoint	Ungirse
PROPS/DLG_QT_BAPTISMAL_DRINK_ANSWER_1	不	No	No
PROPS/DLG_QT_CONFESSOR_0	洗清你的罪过，换得{purgepoints}	Cleanse your guilt in exchange for {purgepoints}	¿Limpiar tu culpa a cambio de {purgepoints}
PROPS/DLG_QUOTE_0	「升起的不是太阳，而是我们的罪。」	"""It is not the sun rising, but our sins."""	"""No amanece el sol sino nuestros pecados."""
PROPS/DLG_QUOTE_1	-无名氏	-Anonymous	-Anónimo
PROPS/MSG_BAPTISMAL_0	信仰最大值已增加	The maximum amount of fervour has been increased.	El fervor máximo ha aumentado.
PROPS/MSG_CONFESSOR_GUILTREMOVED_0	罪过已赎清	Guilt has been expiated.	La Culpa ha sido expiada.
PROPS/MSG_CONFESSOR_NOGUILT_0	你摆脱了罪过	You are rid of Guilt.	Estáis libre de Culpa.
PROPS/MSG_ELEVATOR_NOTWORKING_0	此机械需要钥匙来进行操作	The mechanism requires a key to operate.	El mecanismo requiere una llave para funcionar.
PROPS/MSG_FERVOR_TUTORIAL_0	攻击敌人以填充信仰读条	Attack enemies to fill the Fervour bar.	Ataca a enemigos para rellenar la barra de Fervor.
PROPS/MSG_HEART_WARNING_0	纯绝孽刃之心在你的手中颤抖	The Apodictic Heart of Mea Culpa trembles in your hand.	El Apodíctico Corazón de Mea Culpa tiembla en tu mano.
PROPS/MSG_ITEM_TUTORIAL_0	为使用此祷文，请开启库存并装备它	In order to use this prayer, open the inventory and equip it.	Para utilizar este rezo, abre el inventario y equípalo.
PROPS/MSG_LIBRARYPUZZLE1_0	一本打开的解剖书，该页显示了股骨的插图	An anatomy book, open. The page shows the illustration of a femur.	Un libro de anatomía abierto. Su página muestra la ilustración de un fémur.
PROPS/MSG_LIBRARYPUZZLE2_0	一本打开的解剖书，该页显示了膝盖骨的插图	An anatomy book, open. The page shows the illustration of a kneecap.	Un libro de anatomía abierto. Su página muestra la ilustración de una rótula.
PROPS/MSG_LIBRARYPUZZLE3_0	一本打开的解剖书，该页显示了胫骨的插图	An anatomy book, open. The page shows the illustration of a tibia.	Un libro de anatomía abierto. Su página muestra la ilustración de una tibia.
PROPS/MSG_MEACULPA_TUTORIAL_0	与孽刃祭坛互动来解锁你的技能	Interact with the altar of Mea Culpa to unlock your skills.	Interacciona con el altar de Mea Culpa para desbloquear tus habilidades.
PROPS/MSG_SANTOS_CAVE_0	石化之钟凄凉地敲响了。	The Petrified Bell tolls dolorously.	La Campanilla petrificada emite un sonido.
Prayer/PR01_CAPTION	星目颂歌	Següiriya to your Eyes like Stars	Següiriya a Tus Luceros
Prayer/PR01_DESCRIPTION	"歌颂夜空的小诗。使忏悔者满怀义人之怒，在一段时间内提升其攻击速度 "	"Brief hymn to the night skies. Overwhelms The Penitent One with the fury of the righteous, increasing the speed of his attacks for some time. "	Breve canto a los cielos nocturnos. Embarga a Penitente con la furia de los justos, aumentando la velocidad de sus ataques por un tiempo.
Prayer/PR01_LORE	眸子双明星@相邀少歇停@@天间夸婉娩@尘世逞娉婷@@何处鸣钟振@阿谁悲涕零@@劝君莫堕泪@使我前途冥	There is a small girl with two star-like eyes@Who, when she looks at me, makes me stay by her side@@They say she's a saint, came down from the sky@Do not cry, my child, or I'll get lost on the way@@What is it that tolls?@The bells in the distance@@What is it that cries?@On her face, eyes star-like.	Hay una niña con dos luceros@Que cuando me mira a su vera me quedo@@Dicen que es santa, que bajó del cielo@No llores niña que por el camino me pierdo@@¿Qué es lo que suena?@Las campanas a lo lejos@@¿Qué es lo que llora?@En su carita dos luceros
Prayer/PR03_CAPTION	神光天降	Debla of the Lights	Debla de las Luces
Prayer/PR03_DESCRIPTION	从天上召唤一道神光照射在忏悔者的位置，对附近的敌人造成猛烈的伤害	Summons a beam of heavenly light to the position of The Penitent One; it punishes nearby enemies with merciless strength.	Invoca un haz de luz celestial en la posición de Penitente, que castiga con implacable fuerza a los enemigos cercanos.
Prayer/PR03_LORE	炽光耀眼@明火灼心@@蜡鸽来翔@熔羽成霖@@奉目献体@披火为衾@余恨至今	Eyes I have, but thee I can't see@Your lights of fire blind me inside@@Up in the sky there fly wax pigeons@Which melt their wings, sowing the land@@If you call me, let me burn@Eyes and flesh, hands and hair@I want to see thee, but I cannot.	Tengo ojos y no puedo veros@Vuestras luces de fuego me ciegan adentro@@Arriba en el cielo hay palomas de cera@Que derriten sus alas sembrando la tierra@@Si me llamáis, dejad que me queme@Ojos y carne, manos y pelo@Quiero veros y no puedo
Prayer/PR04_CAPTION	苦痛之箭	Saeta Dolorosa	Saeta Dolorosa
Prayer/PR04_DESCRIPTION	真正的忏悔只有通过肉体的痛苦才能表现出来，追求圣德才是彻底的超脱。这种痛苦绝望的圣歌通篇满是笃定之情，咏唱者对敌人造成伤害时，也将回复生命	The pain of the flesh embodied the definitive penance, total detachment of self in firm pursuit of virtue. This sorrowful and desperate chant overflows with conviction, and those who intone it will be rewarded with vital energy for every hit they land on their enemies.	El dolor de la carne representaba la penitencia definitiva, el desapego del ser en firme persecución de la virtud. Este triste y desesperado canto rebosa de convicción, y recompensa a quien lo implora con energía vital al golpear a sus enemigos.
Prayer/PR04_LORE	苦痛尽至@以身代君@@热血皆涸@奉君至勤@@恸哭悲戚@不使君闻	Let me grieve, let me suffer@For one wound on me is one less on you@@Let me bleed, let me feel@For a cut on me is a caress for you@@Let me cry, let me moan@As all of my tears are only for me.	Déjame penar, déjame sufrir@Que llaga mía es una menos en tí@@Déjame sangrar, déjame sentir@Que un corte mío es caricia en tí@@Déjame llorar, déjame gemir@Que todas mis lágrimas son solo para mí
Prayer/PR05_CAPTION	礼颂奥耀拉之子	Campanillero to the Sons of the Aurora	Campanillero a los Hijos de la Aurora
Prayer/PR05_DESCRIPTION	远古时期赞美月神的圣歌，用以祈求她的后代显灵。可以召唤一群小天使围绕在忏悔者身边，攻击附近的敌人	Ancient chant to the moon, that calls for the aid of her offspring. Summons a group of cherubs that fly by The Penitent One's side, attacking nearby enemies.	"Antiguo cante a la luna, que llama al auxilio de sus vástagos. Invoca una corte de querubines que acompañan a Penitente, atacando a enemigos cercanos. "
Prayer/PR05_LORE	屈膝俯首@敬闻君命@天罚将至@万军偕行@愿君赦证@@屈膝俯首@敬候君令@天罚将至@万军偕行@愿君赦证	We're on our knees, to the ground we look@But if you name us aloud@We'll march in procession@To your dawn of punishment@Hoping for your exculpation@@We're on our knees, to the ground we look@But if your hand rises up@We'll march in procession@To your dawn of punishment@Hoping for your exculpation.	Arrodillados estamos, al suelo miramos@Pero si nos nombráis en voz alta@Marcharemos en procesión@A vuestra aurora de castigo@Esperando vuestro perdón@@Arrodillados estamos, al suelo miramos@Pero si vuestra mano se alza@Marcharemos en procesión@A vuestra aurora de castigo@Esperando vuestro perdón
Prayer/PR07_CAPTION	洛奇亚娜	Lorquiana	Lorquiana
Prayer/PR07_DESCRIPTION	这一祷文会从奇迹的本质中召唤出一连串炽热的闪电，穿透任何胆敢站在孽刃面前的敌人	A prayer that calls forth a barrage of fiery lightning from the very essence of the Miracle, piercing any foe that dares to stand before Mea Culpa.	Rezo que convoca una andanada de rayos nacidos de la propia esencia del Milagro, atravesando a aquellos que se atreven a enfrentar a Mea Culpa.
Prayer/PR07_LORE	于土为石@在木为苗@合力齐心@呼号长啸@@苦痛奇迹@焰中为桥	We are stones of this earth@We are sprouts of these roots@We are, in procession, united@Those who fervently cry out to you@@Oh, Grievous Miracle@Get us out of these flames.	Somos piedras de esta tierra@Somos brotes de estas ramas@Somos, en procesión, unidos@Los que con fervor te claman@@Oh, Milagro Doloroso@Sácanos de estas llamas.
Prayer/PR08_CAPTION	庇护所舞曲	Zarabanda of the Safe Haven	Zarabanda del Refugio Seguro
Prayer/PR08_DESCRIPTION	这支曲子可以给圣所的墙壁赐福，能够召唤出虚幻盾墙，可以对进犯的敌人造成伤害，也能摧毁一些打进来的投射物	Song that blessed the walls of sacred rooms. Convenes an incorporeal shield that damages enemies, and destroys some projectiles.	Cantar que bendecía los muros de lugares sagrados. Convoca un escudo incorpóreo que daña a los enemigos, y destruye algunos proyectiles.@
Prayer/PR08_LORE	摧心天罚@可以为慰@@前无可谅@后不得追@@故吟此歌@聊表心悲	Our relief comes from pain@Our relief comes from punishment@@Our relief has no forgiveness@Our relief has no salvation@@Hence I'm intoning this song@That's why I grieve in my heart.	Nuestro auxilio viene del dolor@Nuestro auxilio viene del castigo@@Nuestro auxilio no tiene perdón@Nuestro auxilio no tiene salvación@@Por eso rezo este canto@Por eso peno en el corazón
Prayer/PR09_CAPTION	祈姊篇	Taranto to My Sister	Taranto a la Hermana Mía
Prayer/PR09_DESCRIPTION	用干沙颤抖的声音向风暴祈求。从云中召唤强光，直刺下来，杀伤周围敌人	Plea to the storms, intoned by dry throats and shaking voices. Calls forth blazing rays that pierce the clouds, striking down nearby enemies.	Plegaria a las tormentas, entonada por gargantas secas y voces quebradas. Invoca rayos abrasadores que atraviesan las nubes, fulminando a los enemigos cercanos.
Prayer/PR09_LORE	「烈风吾姊，莫离我身@永怀在胸，常存在心@@烈风吾姊，速止我血@永怀在胸，涌涌不绝@@烈风吾姊，莫收我声@永怀在胸，常在歌鸣」	Sister of mine, don't leave me,@for I carry you in my breast and in my heart@@Sister of mine, don't leave me bleeding@for I carry you in my chest and in my blood@@Sister of mine, don't leave me in silence,@for I carry you in my bosom and in my song.	"""Hermana Mía, no te alejes de mí@Que te tengo presente en mi pecho y mi corazón@@@Hermana Mía, no me dejes herido de muerte@Que te tengo presente en mi pecho y en mi sangre@@@Hermana Mía, no dejes de hablarme@Que te tengo presente en mi pecho y en mi cante"""
Prayer/PR101_CAPTION	无名守卫歌	Aubade of the Nameless Guardian	Alborada del Guardián Sin Nombre
Prayer/PR101_DESCRIPTION	一首赞颂落日的歌谣，由四位意志之魂所歌唱，用金线所纹绣。阿马内奇达因之而痛苦，它可以制造一个鬼魂陪伴忏悔者一段时间，并听从忏悔者的指令。@罗拉德斯将自己的怒火化作四位猛士相伴左右，数百年间，他们一直在为她抵御外人的攻击。	A song to an extinct sun, born of four wills spun in gold. It shapes the pain of the Amanecidas, creating a ghost that accompanies the Penitent One for a while, obeying his orders.@Laudes wove her passion into four warriors who fought alongside her, resisting the onslaught of the centuries.	Canto a un sol extinto, nacido de cuatro voluntades hiladas en oro. Da forma al dolor de las Amanecidas, creando un espectro que acompaña a Penitente durante un tiempo, obedeciendo sus órdenes.@Laudes trenzó su pasión en cuatro guerreras que combatieron junto a ella, resistiendo el embate de los siglos.
Prayer/PR101_LORE	旦升夜息@不晦不寒@@夜中有日@灯明雾残@@唤声高起@雅歌绕栏@@消乎吾罪@群星阑干@@知此新晓@双翼婵娟	Night, you sleep when the sun shines@Forget your cold and your gloom@@It's the light of a sunrise@With lanterns clearing the brume@@On the balconies, it calls@On the balconies, it sings@@Gathering up all the stars@Lifting the weight of my sins@@This new dawn that lights up the halls@Is a girl with graceful wings	Noche, que duermes a cuatro soles@@Olvida tus fríos y tus azules@@@Es la luz de la aurora@@Que levanta tu velo con sus faroles@@@En los balcones ya canta@@En los balcones  ya suena@@@Con ella se van las estrellas@@Con ella se va mi condena@@@Es la luz de la aurora@@Es la niña de gracias llena
Prayer/PR10_CAPTION	绝罚调	Soleá of Excommunication	Soleá a la Excomunión
Prayer/PR10_DESCRIPTION	祷文会点燃浑身的热血信仰，片刻之后，忏悔者将不再快速攻击，取而代之的是强力一击，力斩群敌	Prayer that ignites the blood with unbridled fervour. For a while, the quick attacks of The Penitent One are replaced with a devastating blow that annihilates enemies.	Plegaria que inflama la sangre con puro fervor. Durante un tiempo, los rápidos ataques de Penitente son sustituidos por un devastador golpe que destroza a sus enemigos.
Prayer/PR10_LORE	免我誓言@圣父开恩@@莫逞奇迹@摄我精魂@空余一身@@唯惧是存@宁罚吾身	Forgive me, Father@Excuse me from this oath@@Do not let your eternal Miracle@Take over my soul@And possess my body@@For I fear the Miracle,@More than I fear my own torment.	Perdonadme Padre@Sacadme de este juramento@@No permitáis que vuestro Milagro eterno@Se apodere de mi alma@Y posesione mi cuerpo@@Pues al Milagro le temo@Más que a mi propio tormento
Prayer/PR11_CAPTION	棘发曲	Tiento to your Thorned Hairs	Tiento a Tus Cabellos Espinados
Prayer/PR11_DESCRIPTION	召唤荆棘夫人的援助，她将在一小段时间内帮助忏悔者抵御所有邪灵	Summons the help of the thorned dame, who protects The Penitent One from all evil for a short while.	Invoca la ayuda de la dama espinada, que protege a Penitente de todo mal durante un corto periodo.
Prayer/PR11_LORE	稽首礼棘发@置身山寺中@莫悲世间苦@莫哀岁命凶@奇迹偕君降@@青丝作荆丛@惜君霜白颈@今染赤血红@愿吟棘发曲@不见棘发踪	If your name is Tentudía@She who left to join the nuns@Do not grieve or endure affliction@For with your unjust damnation@The Miracles you gave us@@If your hair has turned to bramble@That on your pale neck draws blood@Do not grieve or endure affliction@For we present you with this song@That might tear away each thorn.	Si te llamas Tentudía@Y con las monjas te fuiste@No llores ni tengas pena @Que con tu injusta condena @Los Milagros tú nos diste@@Si tus cabellos son las zarzas @Que en tu cuello hacen sangre @No llores ni tengas pena @Pues te damos este cante @Que cada espina arranque
Prayer/PR12_CAPTION	三姐妹深歌	Cante Jondo of the Three Sisters	Cante Jondo de las Tres Hermanas
Prayer/PR12_DESCRIPTION	人类终究无法高鸣此曲。这篇祷文有隆隆旋铁之声，世人难以吟唱。其巨大声响可以摧骨断筋，对周围的敌人造成极大的杀伤	A song incapable of resounding in any human throat. There was never a voice able to intone this prayer, which tries in vain to emulate the rumbling of the colossal, inverted iron spiral. Its cyclopean roar destroys organs and shatters bones, gravely harming nearby enemies.	Cante imposible de resonar en garganta humana. Nunca existió voz capaz de entonar esta plegaria, que vanamente trata de emular el retumbar de la colosal espiral de hierro invertida. Su ciclópeo rugido destruye los órganos y hace estallar los huesos, dañando gravemente a todos los enemigos cercanos.
Prayer/PR12_LORE	逍遥三女，齐祷如一@逍遥三女，请愿如一@逍遥三女，同生如一@@自由无拘，圣洁神祇@昔则为三，今则为一	Liberated, you three prayed as one@Liberated, you three pleaded as one@Liberated, you three were born as one@@Free and holy, of grace Divine@You are no longer three, you are now one.	Liberadas, tres rezasteis como una@Liberadas, tres pedisteis como una@Liberadas, tres nacisteis como una@@Libre y santa, Divina hermosura@Ya no sois tres, ahora sois una
Prayer/PR14_CAPTION	遗村歌	Verdiales of the Forsaken Hamlet	Verdiales del Pueblo Olvidado
Prayer/PR14_DESCRIPTION	被遗忘的村庄中，每逢佳节之际，便会响起此歌。其强大的力量会穿过地面、墙壁和屋顶，击伤忏悔者的敌人。@@曾经，吟唱之前总会有人吹响华美的螺号，而如今空留一片沉寂	Song that filled the air during the festivities of a lost village. Its power finds its way through the floor, continues through walls and ceilings, harming the enemies of The Penitent One.@The ringing of a laced shell horn used to precede this chant, but now only silence remains.	Canto que inundaba las fiestas de una aldea perdida. Proyecta su fuerza a través del suelo, y esta persiste por paredes y techos, dañando a los enemigos de Penitente. @@El resonar de la caracola encintada solía preceder a este cantar, mas ahora sólo queda silencio.
Prayer/PR14_LORE	阴晴风雨@神福永驻@@或驱或眠@神福永全@@或晦或明@神福永宁	Whether in rain, sun, or wind@May this land blessed be@@Whether walking or in deep sleep@May this land blessed be@@Whether by day, or in obscurity@May this land blessed be.	Ya llueva, seque o el viento remueva@Esta tierra bendita sea@@Ya caminando o dormidos nos tenga@Esta tierra bendita sea@@Ya de día, o en noche eterna@Esta tierra bendita sea
Prayer/PR15_CAPTION	赤雾歌谣	Romance to the Crimson Mist	Romance a la Bruma Carmesí
Prayer/PR15_DESCRIPTION	向血红迷雾祈祷的祷文，通篇皆是诚挚的信仰。神圣的血液从忏悔者的皮肤上蒸腾而出，触碰之人都会受到伤害	Prayer to the sanguine mists, fruit of true fervour. Vapours of holy blood emerge from the skin of The Penitent One, damaging those who cross them.	Oración a las nieblas de sangre, fruto del verdadero fervor. De la piel de Penitente surgen vapores de sangre bendita, que dañan a quienes los atraviesen.
Prayer/PR15_LORE	凭君吐息@@沸血贯体@@@@红则真珠@@玄则乌酒@@@@肌肤尽濯@@筋骨皆洗	Burning blood@That you breathe through my body@@Blood of red wine@Blood of black wine@@Emerge from my skin@Emerge from my bones.	Sangre ardiente@Que respiras por mi cuerpo@@Sangre de vino tinto@Sangre de vino negro@@Sal por mi piel@Sal por mis huesos@
Prayer/PR16_CAPTION	华冠曲	Zambra to the Resplendent Crown	Zambra de la Resplandeciente Corona
Prayer/PR16_DESCRIPTION	歌颂阳光的赞诗，即便最黑暗的角落也难逃阳光的照耀。该诗所赐之福可以提升孽刃所获得的眼泪。@@许多人渴求奇迹所留下的这份宝物，但是贪婪蒙蔽了他们的眼睛，看不透究竟是什么在起作用。	Hymn intoned to the rays of the sun, which generously bathe even the darkest of places. Its blessing increases the Tears harvested by Mea Culpa for a while. @Many yearn for these remainders of the Miracle, but greed can prevent them from recognising what truly matters.	Canción entonada a los rayos del sol, que generosamente bañan hasta el más oscuro de los rincones. Su bendición aumenta las Lágrimas cosechadas por Mea Culpa durante un tiempo. @Muchos anhelan estos residuos del Milagro, pero la avaricia puede impedir vislumbrar aquello que de verdad importa.
Prayer/PR16_LORE	「不得挽君手@恐惊风林眠@不得传君语@秋虫夜歌延@不得见君颜@黄沙日下烟@不得长相忘@与君永相连」@@忆马里安诺·索勒	"""I cannot hold your hand @Now that you sleep in the wind among the trees@I cannot speak to you@Now that you're singing with the midnight crickets@I cannot see you@Now that you're looking from the sun into the hot sand@And I cannot forget you,@For you will always be part of me.""@@In memory of Mariano Soler."	"""No puedo coger tu mano @Ahora que duermes en el viento entre los árboles.@No puedo hablarte@Ahora que cantas junto a los grillos de medianoche.@No puedo verte@Ahora que miras desde el sol hacia la arena caliente.@No puedo olvidarte,@Pues de mí siempre formarás parte.""@@En memoria de Mariano Soler."
Prayer/PR201_CAPTION	蓝薇咏	Cantiña of the Blue Rose	Cantiña de la Rosa Azul
Prayer/PR201_DESCRIPTION	一种无字祷文，当你手持异域蓝晶时，会发出共鸣。这是友谊的誓言，可以带人穿越疆界，也可以唤醒米莉恩，从镜中用她的利刃“永蓝”攻击或迷惑忏悔者的敌人。	An unwritten prayer, that resonates when you hold a violet crystal from a distant land. An oath of friendship allows these frontiers to be crossed, invoking Miriam from through the glass to attack and bewilder the enemies of the Penitent One with her powerful blade, “Eternal Blue”.	"Plegaria jamás escrita, que resuena al sujetar un cristal violeta venido de otro mundo. Un juramento de amistad permite atravesar esas fronteras, invocando a Miriam a través de la vidriera para atacar y aturdir a enemigos de Penitente con su poderoso acero, ""Eternal Blue""."
Prayer/PR201_LORE	百花为衣@蓝影如裳@@镜中伊人@披其紫装@@闻我呼号@归我身旁@@吾目可见@魔夜未央	Girl painted in flowers@and shades of blue@@Girl from the looking glass@Cloaked in mauve@@Return to my side@Hear my cry.@@That my eyes might see@Your night of magic	Niña de flores@Y de azules pintada@@Niña del espejo@Cubierto de malvas@@Vuelve a mi vera@Escucha mi llamada.@@Que mis ojos vean@Tu noche de magia
Prayer/PR202_CAPTION	归港曲	Mirabrás of the Return to Port	Mirabrás del Regreso a Puerto
Prayer/PR202_DESCRIPTION	一首用来欢迎回归水手的节日歌曲，这些水手丧命冷水之中，这首歌可以将他们召唤回岸上。祷颂这首歌可以将你传送回你上一次祈祷时的祷告台	A festive song that was used to welcome back sailors who, having been left for dead and drowned in the cold waters, somehow managed to make it back to shore. Invoking it will transport you to the last prie-dieu in which you prayed.	Festivo cante con el que se recibía a los marineros que habiéndoseles dado por muertos, ahogados en las frías aguas, arribaban aun así a tierra firme. Invocarla te transporta al último prie-dieu en el que rezaste.
Prayer/PR202_LORE	蓝光女神啊@驱散我四周的阴影吧@我的镜中光明殆尽@请驱散其中的黑暗吧@@女神带给我们温暖@太阳就是你的明灯@女神降恩于苦海@驱散寒冷，消融坚冰	Lady of the blue light@Cast out the shadows from my corner@Take away the darkness from my looking glass@Where the light has died@@Lady, bring us warmth@With your lamp of the sun@Take away the cold, take away the ice@From this sea of pain	Señora del destello azul@Llevaos de sombras mi rincón@Llevaos el negro de mi espejo@En el que muere la luz@@Señora que nos dais calor@Con vuestro candil de sol@Llevaos el frío, llevaos el hielo@De este mar de dolor
Prayer/PR203_CAPTION	天堡颂	Tirana of the Celestial Bastion	Tirana del Bastión Celeste
Prayer/PR203_DESCRIPTION	这一祷文滥用了神迹的慷慨，念诵者周身的空气都会得到圣化。它可以生成圣电屏障，任何想要穿过它的敌人都会受到伤害。	A prayer that abuses the bounties of the Miracle to sanctify the very air around whoever intones it. It generates a barrier of divine lightning that damage any enemies trying to cross it.	Plegaria que abusa de las bondades del Milagro para santificar el propio aire alrededor de quien la entona. Genera una barrera de relámpagos divinos que dañan a los enemigos que intenten cruzarla.
Prayer/PR203_LORE	纵使天罚@其何惧哉@探求禁忌@其何惧哉@过度索取@其何惧哉@穷目圣林@其何惧哉@皆神意矣	I do not fear punishment@for wanting to know@what is forbidden,@for asking@more than I should,@for wanting to look@beyond the olive groves.@I do not fear punishment.@For everything hails from the Divine.	Yo no le temo al castigo@@por querer saber@@lo que está prohibido,@@por preguntar@@más de lo debido,@@por querer mirar@@lo que está tras olivos.@@Yo no le temo al castigo@@Pues todo viene del Divino.
QuestItem/QI01_CAPTION	真葬束绳	Cord of the True Burying	Cordón del Genuino Sepulto
QuestItem/QI01_DESCRIPTION	一块挂着破损铜牌的绳子，铜牌上有真葬修会的标记	Braided rope from which hangs a medallion of worn bronze with the emblem of the Order of the True Burial.	Cordón trenzado del que cuelga una medalla de bronce gastado con el escudo de la Hermandad del Genuino Sepulto.
QuestItem/QI01_LORE	「无论你是谁，且听我布道，你要放弃自己的意志，恪守命令，这才是谦逊的第一要义。」@@「只有意志坚定之人才能渡过大梦境」@@我们祖师的训诫将会成为我们的圣则，我们神圣的目的就是追忆与埋葬，这将会使我们彻底献身于此等伟业，天亮之时，我们的思维从此开始；入睡之际，我们的思维以此为终	"""Whoever you are, I address my exhortation to you, who, renouncing your will, embrace obedience as the first key to humility.""@@""Only those who are whole will cross over to the other side of The Dream.""@@These words, pronounced by our first master, would become our illustrious Rule. We brothers, with our holy purpose of recollection and burial, will dedicate ourselves with complete devotion to such cause, it being our first thought at dawn and our last thought at bedtime."	"""Quienquiera que seas, dirijo mi exhortación a ti que, renunciando a tu voluntad, abrazas la obediencia como llave primera de la humildad"".@@""Solo los completos cruzarán hacia el otro lado del Sueño"".@@Estas palabras, pronunciadas por nuestro primer maestro, serán nuestra ilustre Regla. Los hermanos, con nuestro santo oficio de recopilación y sepultura, nos dedicaremos con devoción completa a tal causa, siendo nuestro primer pensamiento al despertar y nuestro último al acostar."
QuestItem/QI02_CAPTION	第一避难所印记	Mark of the First Refuge	Marca del Amparo Primero
QuestItem/QI02_DESCRIPTION	象征庇护的标记，可以使携带者免于痛苦。他们女神的身上出现了伤痕，她曾许诺会替自己所照顾的人受苦受难	Sign of protection that freed its bearer from pain. The wounds appeared in the flesh of their lady, who once swore to suffer instead of her wards.	Señal de protección, que libraba de dolor a su portador. Las heridas aparecían en la carne de su señora, que una vez juró sufrir en lugar de sus amparados.
QuestItem/QI02_LORE	索珂萝童年时代的村庄所在的路上，身负罪责的教会囚犯常会从这里路过。她从窗户里看到，囚犯们排成一队在爬山，当他们爬到山顶时，他们就会接受刑罚，直到死去为止	Socorro spent her childhood in a village which lined a route that Church prisoners, condemned for their crimes and sins, frequently traversed. From the window of her room, she could see how these prisoners climbed a hill in a line so that, when they reached the summit, they would be ready for the punishments and physical tortures reserved for them until they died.	Socorro pasó su infancia en una aldea situada en una ruta por donde pasaban prisioneros de la Iglesia condenados por sus crímenes y pecados. Desde la ventana de su habitación podía ver como caminaban en fila estos prisioneros por una colina para cuando llegaran a su cima ser dispuestos al castigo y torturas físicas hasta morir.
QuestItem/QI03_CAPTION	第二避难所印记	Mark of the Second Refuge	Marca del Amparo Segundo
QuestItem/QI03_DESCRIPTION	象征庇护的标记，可以使携带者免于伤害。永痛仕女将自己锁在大教堂中，相比于痛苦对她精神的封锁，教堂的院墙简直不值一提	Sign of protection that protected its bearer from all harm. The Pious Lady of the Perpetual Agony locked herself in the great cathedral, its walls a lightweight barrier compared to the constant pain that clouded her mind.	Señal de protección, que libraba a su portador de todo daño. La Piadosa Señora del Constante Calvario se encerró en la gran catedral, sus muros una liviana barrera comparada con el constante dolor que nublaba su mente.
QuestItem/QI03_LORE	索珂萝每时每刻都在听着这些受罚之人的惨叫声，她开始同情这些人，开始天天为这些受罚之人祈祷。她十分迫切地想要祈求他们能够免受苦难，于是她斗胆请求奇迹把他们所遭受的皮肉之苦全部转移到自己身上	Hearing the distant cries of the damned day and night turned Socorro into such a compassionate person that she devoted all her time to praying for those punished. So much did she pray for them to be freed from their pain and suffering that she dared ask the Miracle that the physical pain they were suffering be passed on to her.	El oír los gritos de los condenados en la lejanía durante los días y las noches convirtieron a Socorro en una persona tan misericordiosa que llegó a dedicar todas sus horas al rezo pidiendo por los aquellos castigados. Tanto rezaba por ellos con el objetivo de librarles del dolor y el sufrimiento que incluso pidió al Milagro que el dolor físico que padecían le fuese traspasado a ella.
QuestItem/QI04_CAPTION	第三避难所印记	Mark of the Third Refuge	Marca del Amparo Tercero
QuestItem/QI04_DESCRIPTION	象征庇护的标记，可以使携带者免于苦难。痛楚女神被红布包裹着，象征着她与自己照顾的人的血肉联系	Sign of protection that prevented the suffering of its bearer. The Grievous Lady was wrapped in crimson mantles, a symbol of her link to the flesh of her wards.	Señal de protección, que impedía el sufrimiento de su portador. La Dama Dolorosa fue envuelta en doseles carmesíes, símbolo de su enlace a la carne de sus amparados.
QuestItem/QI04_LORE	受罚之人遭受的鞭挞、刀割和击打的伤痕开始出现在索珂萝的身上，而她仍在为他们祈祷，虽然痛苦加身，但是却能使得受罚之人免于痛苦。她的身体满是伤痕，已经开始变形，浑身都流满鲜血，但她却没有因此丧命。她的惨叫声震耳欲聋，这一奇事不久便在这片土地上传布开来	As the legend goes, the wounds of lashes, cuts and blows received by the condemned began to appear on Socorro's body, and still she prayed for them, despite all that pain transferred to her, thus freeing the condemned from their suffering. So many injuries and so much pain were transferred to her that her body began deforming and drowning completely in wounds and bleeding bruises, but without causing her death. Her cries were so deafening that news of this miraculous event soon spread around the land.	La leyenda cuenta que a Socorro empezaron a aparecerle en el cuerpo las heridas de latigazos, cortes y golpes que recibían los condenados, por los que ella rezaba, junto con todo su dolor, traspasado a ella, librándoles del sufrimiento así a los condenados. Tantas heridas y dolor le fue transferido a ella que el cuerpo empezó a deformársele y a cubrirsele por completo de heridas y magulladuras sangrantes, pero sin que le llegaran a causar la muerte. Sus gritos eran tan fuertes que la noticia de este hecho milagroso no tardó en extenderse por todos los lugares.
QuestItem/QI06_CAPTION	特图狄拉的遗骸	Tentudía's Carnal Remains	Restos Carnales de Tentudía
QuestItem/QI06_DESCRIPTION	信徒特图狄拉惨遭杀害之后，她的遗骸被单独取出，这样一来便可以为她安排圣葬	Remains of the murdered novice Tentudía that were isolated from the rest so she could not receive a holy burial.	Restos de la ejecutada novicia Tentudía que fueron separados del resto para que no obtuviera Santa Sepultura.
QuestItem/QI06_LORE	「特图狄拉是何许人也？她跟你我一样，也是出生在阿尔贝罗的这个小村之中。在她十五岁的时候，发生了一件奇异的事情。她的父母发现她的头发开始扭曲，变成了纤细的荆棘。他们以为这是奇迹降下的惩罚，于是把她送往遥远的修女院去当新徒，这所修女院可是远近闻名的苦修圣所，这样人们就不会发现这一奇事，从而把她判作是异端」	"""Who was Tentudía, you ask? Well, she was once a girl born in this same yellowish village of Albero, like you and me. On her fifteenth year, something extremely unusual happened. Her parents watched as part of her hair began twisting, unavoidably turning into very thin thorns. Concerned with the thought that it might be a punishment from the Miracle, they locked her in as a novice inside a distant nunnery, famous for its strict cloistering, thus preventing the discovery of what would have, undoubtedly, been considered heresy."""	"""¿Que quién fue Tentudía, preguntas? Bueno, era una niña nacida en este misma amarillenta aldea de Albero, como tú y como yo. Cuando le llegaron las quince privameras ocurrió algo de lo más desacostumbrado. Sus padres notaron como parte de su cabello empezaba a trenzarse inevitablemente convirtiéndose en finas espinas. Alarmados por pensar que era un castigo del Milagro, la enviaron como novicia a un lejano convento famoso por su estricta clausura y así evitar que se diera a conocer lo que sin duda se hubiera considerado herejía."""
QuestItem/QI07_CAPTION	特图狄拉的遗发	Remains of Tentudía's Hair	Restos Capilares de Tentudía
QuestItem/QI07_DESCRIPTION	特图狄拉惨遭杀害之后，她的遗骸被单独取出，这样一来便可以为她安排圣葬	Remain of the thorned hairs of the novice Tentudía that were isolated from the rest so she could not receive a holy burial.	Restos del cabello espinado de la ejecutada novicia Tentudía que fueron separados del resto de su cuerpo para que no obtuviera santa sepultura.
QuestItem/QI07_LORE	「特图狄拉在那所修女院中度过了数年时光，随着她渐渐长大，她的头发也越来越难掩盖：荆棘不断地缠绕生长，扎得她满身伤痕，鲜血也染红了她的白衣。其他修女发现之后，一开始非常恐慌，后来认为她一定是被诅咒了的异教徒，果不其然，她父母最担心的事情还是发生了」	"""Tentudía spent several years in that nunnery, and as she grew up, it became harder and harder to hide her hair it wouldn't stop twisting and growing thorns, and the blood from the wounds it caused her did not take long to stain her pure white habit. The nuns, upon realising, were frightened by it and soon began considering her cursed, and a heretic, just as the parents of the girl had feared would happen."""	"""Tentudía pasó varios años en aquel convento, y ya siendo más adulta, le costaba más y más ocultar aquel cabello que no cesaba en espinarse, y la sangre por las heridas que le causaban en la espalda no tardó en manchar su pulcro hábito blanco. Las monjas al darse cuenta, alarmadas, no dudaron en considerarla maldita y hereje como temieron los padres de la chica que pasaría."""
QuestItem/QI08_CAPTION	特图狄拉的遗骨	Tentudía's Skeletal Remains	Restos Óseos de Tentudía
QuestItem/QI08_DESCRIPTION	特图狄拉惨遭杀害之后，她的遗骸被单独取出，这样一来便可以为她安排圣葬	Remains of the novice Tentudía that were isolated from the rest so she could not receive a holy burial.	Huesos de la ejecutada novicia Tentudía que fueron separados de sus otros restos para que no obtuviera Santa Sepultura.
QuestItem/QI08_LORE	「修女们密谋着想要处死她，甚至都不打算审讯或上报教会，以防奇迹的裁判官们大动肝火。因此她们给她定罪之后并未给她按修女姐妹的规格安葬，而是将她的遗骸草草葬于附近，因为大家都知道，如果墓葬里的遗体不完整的话，死者的灵魂就不会抵达大梦境的彼岸」	"""The nuns planned her execution in utmost secrecy, even without a trial or a report to the church, in fear it would reach the ears of the implacable inquisitors of the Miracle. So, after her condemnation, they did not give her the proper burial worthy of the sisters of the nunnery, but instead buried the remains of her body scattered around the vicinity, because it is known that if one's body is not whole in the burial, the soul will not cross through the Dream."""	"""Las monjas organizaron su ejecución en el mayor de los secretismos, sin siquiera un juicio previo o dar parte a la iglesia por temor a que llegase a oídos de los implacables inquisidores del Milagro. Así que después de su condena no le dieron una sepultura digna de las hermanas del convento sino que enterraron las partes de su cuerpo por los alrededores, pues es sabido que si el cuerpo de uno no está completo en el enterramiento, su alma no cruzará a través del Sueño.”"
QuestItem/QI101_CAPTION	水银	Quicksilver	Azogue
QuestItem/QI101_DESCRIPTION	一个被奇迹触碰过的银液之球。异国他乡的炼金师将其带至古斯托迪亚，那时交通开放，土路泥道上可谓络绎不绝。只要时机得当，它就可以重获自身蕴藏的治疗之力，说来可叹，炼金术的奥义早在许久之前就已经失传了。	A sphere of liquid silver touched by the Miracle. Brought to Cvstodia by alchemists from distant lands, back when the roads were still open and the wagons left furrows in the mud. In the right hands, its latent healing powers could be revived, but alas, the art of alchemy was lost many eons ago.	"Esfera de plata líquida tocada por el Milagro. Traída a Cvstodia por alquimistas de tierras lejanas, cuando las rutas seguían abiertas y las carretas dejaban surcos en el barro. Las manos adecuadas pueden sacar a relucir sus latentes propiedades curativas, pero el arte de la alquimia se perdió hace mucho. "
QuestItem/QI101_LORE	此物从地上洞孔或石板之间冒出。此物用作装饰，流动飞快，若是没有了它，神圣饰品的神圣性就会大打折扣。此物聚散无常，四处流动，没有了它，人像就会黯然失色，艺术品会因此而黯淡无光。此物滴漏难捉，却可以保持纯洁。孩子，拾取它们还是弃之不顾，就看你的选择了，但是要注意，最关键的还是你要用它们做什么。	It emerges from the pores of the earth. From between the flagstones. It is the silver of the ornaments, desperate to flee, to escape from them and turn from their sanctity. It detaches itself, it slips away, leaving the figures naked of its embrace, leaving the works of art orphans of brightness. It leaks through and hides under our feet, only to then sprout again free of impurity. It is your choice, my son, to pick them up or to leave them, but beware of the purpose you put them to.	Surge por los poros de la tierra. De entre las losas. Es plata de los ornamentos, que quiere huir, escapar de ellos y alejarse de la santidad. Se despega, se desliza, dejando a las figuras desnudas de su baño, dejando a las obras de arte huérfanas de brillo. Se filtra y oculta bajo nuestros pies para luego brotar de nuevo libres de impureza. Es vuestra elección, hijo mío, recogerlas o dejarlas estar, mas cuídate del uso que vayáis a darle.
QuestItem/QI102_CAPTION	水银	Quicksilver	Azogue
QuestItem/QI102_DESCRIPTION	一个被奇迹触碰过的银液之球。异国他乡的炼金师将其带至古斯托迪亚，那时交通开放，土路泥道上可谓络绎不绝。只要时机得当，它就可以重获自身蕴藏的治疗之力，说来可叹，炼金术的奥义早在许久之前就已经失传了。	A sphere of liquid silver touched by the Miracle. Brought to Cvstodia by alchemists from distant lands, back when the roads were still open and the wagons left furrows in the mud. In the right hands, its latent healing powers could be revived, but alas, the art of alchemy was lost many eons ago.	"Esfera de plata líquida tocada por el Milagro. Traída a Cvstodia por alquimistas de tierras lejanas, cuando las rutas seguían abiertas y las carretas dejaban surcos en el barro. Las manos adecuadas pueden sacar a relucir sus latentes propiedades curativas, pero el arte de la alquimia se perdió hace mucho. "
QuestItem/QI102_LORE	此物从地上洞孔或石板之间冒出。此物用作装饰，流动飞快，若是没有了它，神圣饰品的神圣性就会大打折扣。此物聚散无常，四处流动，没有了它，人像就会黯然失色，艺术品会因此而黯淡无光。此物滴漏难捉，却可以保持纯洁。孩子，拾取它们还是弃之不顾，就看你的选择了，但是要注意，最关键的还是你要用它们做什么。	It emerges from the pores of the earth. From between the flagstones. It is the silver of the ornaments, desperate to flee, to escape from them and turn from their sanctity. It detaches itself, it slips away, leaving the figures naked of its embrace, leaving the works of art orphans of brightness. It leaks through and hides under our feet, only to then sprout again free of impurity. It is your choice, my son, to pick them up or to leave them, but beware of the purpose you put them to.	Surge por los poros de la tierra. De entre las losas. Es plata de los ornamentos, que quiere huir, escapar de ellos y alejarse de la santidad. Se despega, se desliza, dejando a las figuras desnudas de su baño, dejando a las obras de arte huérfanas de brillo. Se filtra y oculta bajo nuestros pies para luego brotar de nuevo libres de impureza. Es vuestra elección, hijo mío, recogerlas o dejarlas estar, mas cuídate del uso que vayáis a darle.
QuestItem/QI103_CAPTION	水银	Quicksilver	Azogue
QuestItem/QI103_DESCRIPTION	一个被奇迹触碰过的银液之球。异国他乡的炼金师将其带至古斯托迪亚，那时交通开放，土路泥道上可谓络绎不绝。只要时机得当，它就可以重获自身蕴藏的治疗之力，说来可叹，炼金术的奥义早在许久之前就已经失传了。	A sphere of liquid silver touched by the Miracle. Brought to Cvstodia by alchemists from distant lands, back when the roads were still open and the wagons left furrows in the mud. In the right hands, its latent healing powers could be revived, but alas, the art of alchemy was lost many eons ago.	"Esfera de plata líquida tocada por el Milagro. Traída a Cvstodia por alquimistas de tierras lejanas, cuando las rutas seguían abiertas y las carretas dejaban surcos en el barro. Las manos adecuadas pueden sacar a relucir sus latentes propiedades curativas, pero el arte de la alquimia se perdió hace mucho. "
QuestItem/QI103_LORE	此物从地上洞孔或石板之间冒出。此物用作装饰，流动飞快，若是没有了它，神圣饰品的神圣性就会大打折扣。此物聚散无常，四处流动，没有了它，人像就会黯然失色，艺术品会因此而黯淡无光。此物滴漏难捉，却可以保持纯洁。孩子，拾取它们还是弃之不顾，就看你的选择了，但是要注意，最关键的还是你要用它们做什么。	It emerges from the pores of the earth. From between the flagstones. It is the silver of the ornaments, desperate to flee, to escape from them and turn from their sanctity. It detaches itself, it slips away, leaving the figures naked of its embrace, leaving the works of art orphans of brightness. It leaks through and hides under our feet, only to then sprout again free of impurity. It is your choice, my son, to pick them up or to leave them, but beware of the purpose you put them to.	Surge por los poros de la tierra. De entre las losas. Es plata de los ornamentos, que quiere huir, escapar de ellos y alejarse de la santidad. Se despega, se desliza, dejando a las figuras desnudas de su baño, dejando a las obras de arte huérfanas de brillo. Se filtra y oculta bajo nuestros pies para luego brotar de nuevo libres de impureza. Es vuestra elección, hijo mío, recogerlas o dejarlas estar, mas cuídate del uso que vayáis a darle.
QuestItem/QI104_CAPTION	水银	Quicksilver	Azogue
QuestItem/QI104_DESCRIPTION	一个被奇迹触碰过的银液之球。异国他乡的炼金师将其带至古斯托迪亚，那时交通开放，土路泥道上可谓络绎不绝。只要时机得当，它就可以重获自身蕴藏的治疗之力，说来可叹，炼金术的奥义早在许久之前就已经失传了。	A sphere of liquid silver touched by the Miracle. Brought to Cvstodia by alchemists from distant lands, back when the roads were still open and the wagons left furrows in the mud. In the right hands, its latent healing powers could be revived, but alas, the art of alchemy was lost many eons ago.	"Esfera de plata líquida tocada por el Milagro. Traída a Cvstodia por alquimistas de tierras lejanas, cuando las rutas seguían abiertas y las carretas dejaban surcos en el barro. Las manos adecuadas pueden sacar a relucir sus latentes propiedades curativas, pero el arte de la alquimia se perdió hace mucho. "
QuestItem/QI104_LORE	此物从地上洞孔或石板之间冒出。此物用作装饰，流动飞快，若是没有了它，神圣饰品的神圣性就会大打折扣。此物聚散无常，四处流动，没有了它，人像就会黯然失色，艺术品会因此而黯淡无光。此物滴漏难捉，却可以保持纯洁。孩子，拾取它们还是弃之不顾，就看你的选择了，但是要注意，最关键的还是你要用它们做什么。	It emerges from the pores of the earth. From between the flagstones. It is the silver of the ornaments, desperate to flee, to escape from them and turn from their sanctity. It detaches itself, it slips away, leaving the figures naked of its embrace, leaving the works of art orphans of brightness. It leaks through and hides under our feet, only to then sprout again free of impurity. It is your choice, my son, to pick them up or to leave them, but beware of the purpose you put them to.	Surge por los poros de la tierra. De entre las losas. Es plata de los ornamentos, que quiere huir, escapar de ellos y alejarse de la santidad. Se despega, se desliza, dejando a las figuras desnudas de su baño, dejando a las obras de arte huérfanas de brillo. Se filtra y oculta bajo nuestros pies para luego brotar de nuevo libres de impureza. Es vuestra elección, hijo mío, recogerlas o dejarlas estar, mas cuídate del uso que vayáis a darle.
QuestItem/QI105_CAPTION	水银	Quicksilver	Azogue
QuestItem/QI105_DESCRIPTION	一个被奇迹触碰过的银液之球。异国他乡的炼金师将其带至古斯托迪亚，那时交通开放，土路泥道上可谓络绎不绝。只要时机得当，它就可以重获自身蕴藏的治疗之力，说来可叹，炼金术的奥义早在许久之前就已经失传了。	A sphere of liquid silver touched by the Miracle. Brought to Cvstodia by alchemists from distant lands, back when the roads were still open and the wagons left furrows in the mud. In the right hands, its latent healing powers could be revived, but alas, the art of alchemy was lost many eons ago.	"Esfera de plata líquida tocada por el Milagro. Traída a Cvstodia por alquimistas de tierras lejanas, cuando las rutas seguían abiertas y las carretas dejaban surcos en el barro. Las manos adecuadas pueden sacar a relucir sus latentes propiedades curativas, pero el arte de la alquimia se perdió hace mucho. "
QuestItem/QI105_LORE	此物从地上洞孔或石板之间冒出。此物用作装饰，流动飞快，若是没有了它，神圣饰品的神圣性就会大打折扣。此物聚散无常，四处流动，没有了它，人像就会黯然失色，艺术品会因此而黯淡无光。此物滴漏难捉，却可以保持纯洁。孩子，拾取它们还是弃之不顾，就看你的选择了，但是要注意，最关键的还是你要用它们做什么。	It emerges from the pores of the earth. From between the flagstones. It is the silver of the ornaments, desperate to flee, to escape from them and turn from their sanctity. It detaches itself, it slips away, leaving the figures naked of its embrace, leaving the works of art orphans of brightness. It leaks through and hides under our feet, only to then sprout again free of impurity. It is your choice, my son, to pick them up or to leave them, but beware of the purpose you put them to.	Surge por los poros de la tierra. De entre las losas. Es plata de los ornamentos, que quiere huir, escapar de ellos y alejarse de la santidad. Se despega, se desliza, dejando a las figuras desnudas de su baño, dejando a las obras de arte huérfanas de brillo. Se filtra y oculta bajo nuestros pies para luego brotar de nuevo libres de impureza. Es vuestra elección, hijo mío, recogerlas o dejarlas estar, mas cuídate del uso que vayáis a darle.
QuestItem/QI106_CAPTION	石化钟铃	Petrified Bell	Campanilla petrificada
QuestItem/QI106_DESCRIPTION	虽然苦修没能完成，但这块石头上却生出了奇异的花株。没有人看它的时候，它的花茎会弯向圣途森林。@石瓣即象征着悲恸奇迹，警示着世人，定会有沉睡之物苏醒过来。	A strange flower sprouting from the very rock itself in payment for an incomplete penance. Its stem bends when no one looks at it, pointing towards the Forest of the Holy Line.@The stone petals are signs of the Sorrowful Miracle, warnings that something sleeping must wake.	Extraña flor brotada de la propia roca en pago a una penitencia incompleta. Su tallo se dobla cuando nadie la mira, apuntando hacia el Bosque de la Santa Línea.@@Las pétalos de piedra son señales del Milagro Doloroso, avisos de que algo dormido debe despertar.
QuestItem/QI106_LORE	「你为什么要选择我？为何我会感觉到你在我的肉体中，在我的肌肤内，在我的血液里？若是惩罚，请至少跟我稍讲一下，如此我才能明白你为什么会让我不醒不眠。愿我的躯体能因你而摧残，愿我的双臂能将你束缚，愿你呼唤我的名字时我的眼睛能够睁开。将我关在石头中吧，让这石头成为替我打开牢笼的钥匙。」	Why have you chosen me? Why do I feel you in my flesh, in my skin, in my blood? Punishment, say at least one word so I can understand why you keep me prisoner between sleep and wakefulness. May my body break for you. My arms be bound for you. My eyes awaken when you call me by name. Confine me to the stone room and let the stone itself be the key that sets me free.	"""¿Por qué me habéis elegido? ¿Por qué os siento en mi carne, en mi piel, en mi sangre? Castigo, decidme al menos una palabra para comprender por qué me dejáis prisionero entre el sueño y la vigilia. Quiébrese mi cuerpo por vos. Átense mis brazos por vos. Despiértense mis ojos cuando me llaméis por el nombre. Recluidme en la estancia de piedra y que la misma piedra sea la llave que me libere."""
QuestItem/QI107_CAPTION	金绣诗	Verses Spun from Gold	Versos hilados de oro
QuestItem/QI107_DESCRIPTION	诗章的残段，用金线绣在蓝绸上面。世上已知的诗歌中并无此诗。@金线似乎充满生命力，在绸子上蛇形如飞，而它们绣成的诗句，同样充满灵性。	A fragment of a stanza, embroidered in gold thread on blue silk. It does not belong to any known song.@The golden threads move with a life of their own, snaking through the fabric; but the verses they form are always the same.	Fragmento de una estrofa, escrita en hilo de oro sobre seda azul. No pertenece a ninguna canción conocida.@@Las hebras doradas se mueven con vida propia, serpenteando a través de la tela, mas los versos que forman son siempre los mismos.
QuestItem/QI107_LORE	旦升夜息@不晦不寒	Night, you sleep when the sun shines@Forget your cold and your gloom	Noche, que duermes a cuatro soles@@Olvida tus fríos y tus azules
QuestItem/QI108_CAPTION	金绣诗	Verses Spun from Gold	Versos hilados de oro
QuestItem/QI108_DESCRIPTION	诗章的残段，用金线绣在蓝绸上面。世上已知的诗歌中并无此诗。@金线似乎充满生命力，在绸子上蛇形如飞，而它们绣成的诗句，同样充满灵性。	A fragment of a stanza, embroidered in gold thread on blue silk. It does not belong to any known song.@The golden threads move with a life of their own, snaking through the fabric; but the verses they form are always the same.	Fragmento de una estrofa, escrita en hilo de oro sobre seda azul. No pertenece a ninguna canción conocida.@@Las hebras doradas se mueven con vida propia, serpenteando a través de la tela, mas los versos que forman son siempre los mismos.
QuestItem/QI108_LORE	旭日之辉@洞炬雾霭	It's the light of a sunrise@With lanterns clearing the brume	Es la luz de la aurora@@Que levanta tu velo con sus faroles
QuestItem/QI109_CAPTION	金绣诗	Verses Spun from Gold	Versos hilados de oro
QuestItem/QI109_DESCRIPTION	诗章的残段，用金线绣在蓝绸上面。世上已知的诗歌中并无此诗。@金线似乎充满生命力，在绸子上蛇形如飞，而它们绣成的诗句，同样充满灵性。	A fragment of a stanza, embroidered in gold thread on blue silk. It does not belong to any known song.@The golden threads move with a life of their own, snaking through the fabric; but the verses they form are always the same.	Fragmento de una estrofa, escrita en hilo de oro sobre seda azul. No pertenece a ninguna canción conocida.@@Las hebras doradas se mueven con vida propia, serpenteando a través de la tela, mas los versos que forman son siempre los mismos.
QuestItem/QI109_LORE	唤声高起@雅歌绕栏	On the balconies, it calls@On the balconies, it sings	En los balcones ya canta@@En los balcones ya suena
QuestItem/QI10_CAPTION	熔金硬币	Melted Golden Coins	Monedas Doradas Derretidas
QuestItem/QI10_DESCRIPTION	三枚金币熔在了一起，虽然算不上规整，但仍光泽闪闪	Three gold pieces melted into a distorted mass that never loses its shine.	Tres monedas de oro fundidas en una masa informe pero que nunca perdió su brillo.
QuestItem/QI10_LORE	"第三：「我当时在场，我看到了那个…东西。姐妹们的头发不断生长纠缠、咔咔作响，将她们完全包裹了起来，就像一枚蛋一样，一枚头发包成的毛蛋」 "	"No. 3 ""I was there, I bore witness to that... creation. The hairs of the sisters grew and braided, wrapping around them, making a terrifying crunching noise until it covered them completely, shaping itself as an egg, an egg made of rough, knotty hair."""	"#3 ""Estuve presente, fui uno de los testigos de aquella... creación. Los cabellos de las hermanas crecían y se trenzaban, les daba la vuelta emitiendo un crujido espantoso hasta que las cubrió por completo formando un huevo, de cabello áspero, nudoso."""
QuestItem/QI110_CAPTION	金绣诗	Verses Spun from Gold	Versos hilados de oro
QuestItem/QI110_DESCRIPTION	诗章的残段，用金线绣在蓝绸上面。世上已知的诗歌中并无此诗。@金线似乎充满生命力，在绸子上蛇形如飞，而它们绣成的诗句，同样充满灵性。	A fragment of a stanza, embroidered in gold thread on blue silk. It does not belong to any known song.@The golden threads move with a life of their own, snaking through the fabric; but the verses they form are always the same.	Fragmento de una estrofa, escrita en hilo de oro sobre seda azul. No pertenece a ninguna canción conocida.@@Las hebras doradas se mueven con vida propia, serpenteando a través de la tela, mas los versos que forman son siempre los mismos.
QuestItem/QI110_LORE	消乎吾罪@群星阑干	Gathering up all the stars@Lifting the weight of my sins	Con ella se van las estrellas@@Con ella se va mi condena
QuestItem/QI11_CAPTION	撕裂的婚礼素带	Torn Bridal Ribbon	Cinta Nupcial Rasgada
QuestItem/QI11_DESCRIPTION	这条轻柔的白色丝带是在婚礼上使用的，现在已被撕裂，上面的绣饰也被损毁。这是未完成的婚礼上的三件遗物之一，破碎的誓言造成的伤痛如今也是难以平复	This soft white ribbon, used during marriage ceremonies, has been torn, thus destroying its delicate embroideries. One of the three remains of an unfinished ceremony. The wounds inflicted by a broken oath rarely ever find healing.	Esta suave y blanca cinta utilizada durante los casamientos ha sido rasgada destruyendo sus delicados bordados. Uno de los tres vestigios de una ceremonia inacabada. Las heridas causadas por un juramento roto difícilmente encuentran sanación.
QuestItem/QI11_LORE	"第一：「没错，兄弟，自从那天三姐妹相互拥抱祈祷，祈求奇迹能帮她们免于婚礼以来，我已经好久没主持婚礼了」 "	"No. 1 ""Yes, brother, it's been a long time since I stopped officiating nuptials. Since the day those three sisters embraced each other, praying, since the day they asked the Miracle itself to help them to avoid such a holy bond."""	"#1 ""Sí, hermano, hace mucho tiempo que dejé de oficiar casamientos. Desde el día en que aquellas tres hermanas se abrazaron rezando, desde que pidieron ayuda al Milagro mismo para evitar tal santo enlace."" "
QuestItem/QI12_CAPTION	丧灵黑纱	Black Grieving Veil	Velo Negro de Luto
QuestItem/QI12_DESCRIPTION	虽然已经过去多年，但这块黑纱仍然然丝滑如初。这是未完成的婚礼上的三件遗物之一，破碎的誓言造成的伤痛如今也是难以平复	Dark cloth that has kept its silky feel despite the passing of the years. One of the three remains of an unfinished ceremony. The wounds inflicted by a broken oath rarely ever find healing.	Oscura tela que ha mantenido su sedoso tacto a pesar de los años. Uno de los tres vestigios de una ceremonia inacabada.@Las heridas causadas por un juramento roto difícilmente encuentran sanación.
QuestItem/QI12_LORE	第二：「她们在祷文里说了什么谁也不知道，大家也想不通她们为何要拒绝婚礼。奇迹痛下决心，帮助她们完成了心愿，这算不算帮助就由你定夺了」	"No. 2 ""No one knows what they asked for in that prayer, nor why they didn't want to be wedded. The Miracle, with its grievous plans, went to the aid of the sisters, if you can call that aid."""	"#2 ""Nadie sabe qué fue lo que pidieron en aquel rezo ni porqué no querían ser casadas. El Milagro, con sus dolorosos designios, acudió al amparo de las hermanas, si es que se le puede llamar amparo a eso."""
QuestItem/QI13_CAPTION	畸形卵	Egg of Deformity	Óvulo de la Deformidad
QuestItem/QI13_DESCRIPTION	奇形怪状的憎恶之卵，在祈祷者眼中，它长满毛发的外壳之中蕴藏着深不可测的奥秘。誓言破碎，阿塔吉拉卡斯因之而生，而苦难又将伤悲注入她的肉体当中	Hirsute egg, born of abomination. Its hairy shell hides unfathomable mysteries from prying eyes. The cruelty of a broken promise shaped Altasgracias, and the Affliction made her sorrows into flesh.	Huevo de pelo, nacido de la aberración. Su velludo cascarón oculta insondables misterios de miradas inadecuadas. La crueldad de una promesa rota dio forma a Altasgracias, y la Aflicción hizo carne sus penurias.
QuestItem/QI13_LORE	我们将把声音注入卵中，我们的舌头会不断地缠绕生长，总有一天会助我们逃脱。这可是我们从未拥有过的自由之结。我们的头发会隔绝温度，直到余烬的热量使其孵化开来	We will enclose our voices inside this egg, our tongues that endlessly twist and grow in order to escape. Knots of a freedom we never had. Our hair will cover this ovum with cold until the heat of embers makes it hatch.	Nosotras guardaremos en este huevo nuestras voces, nuestras lenguas que se retorcerán  para crecer y escapar. Nudos de la libertad que nunca tuvimos. Nuestro pelo cubrirá de frío este óvulo hasta que el calor de unas brasas lo haga eclosionar.
QuestItem/QI14_CAPTION	孵化的畸形卵	Hatched Egg of Deformity	Óvulo Eclosionado de la Deformidad
QuestItem/QI14_DESCRIPTION	奇形怪状的憎恶之卵，在祈祷者眼中，它长满毛发的外壳之中蕴藏着深不可测的奥秘。誓言破碎，阿塔吉拉卡斯因之而生，而苦难又将伤悲注入她的肉体当中	Hirsute egg, born of abomination. Its hairy shell hides unfathomable mysteries from prying eyes. The cruelty of a broken promise shaped Altasgracias, and the Affliction made her sorrows into flesh.	Huevo de pelo, nacido de la aberración. Su velludo cascarón oculta insondables misterios de miradas inadecuadas. La crueldad de una promesa rota dio forma a Altasgracias, y la Aflicción hizo carne sus penurias.
QuestItem/QI14_LORE	我们将把声音注入卵中，我们的舌头会不断地缠绕生长，总有一天会助我们逃脱。这可是我们从未拥有过的自由之结。我们的头发会隔绝温度，直到余烬的热量使其孵化开来	We will enclose our voices inside this egg, our tongues that endlessly twist and grow in order to escape. Knots of a freedom we never had. Our hair will cover this ovum with cold until the heat of embers makes it hatch.	Nosotras guardaremos en este huevo nuestras voces, nuestras lenguas que se retorcerán  para crecer y escapar. Nudos de la libertad que nunca tuvimos. Nuestro pelo cubrirá de frío este óvulo hasta que el calor de unas brasas lo haga eclosionar.
QuestItem/QI19_CAPTION	迷迭香束	Bouquet of Rosemary	Ramillete de Romero
QuestItem/QI19_DESCRIPTION	一束香草，不久之前在圣途森林遍地都是。如今这种香草十分稀缺，变得弥足珍贵，对于那些看到它们医药效果的人来说，这种植物尤为珍贵	Bunch of aromatic herbs, common not long ago along the Forest of the Holy Trail. Today, however, their scarcity makes them increasingly valuable, especially for those who discern their healing abilities.	Manojo de yerbas aromáticas, comúnmente encontradas en el Bosque de la Santa Línea no hace mucho tiempo. Hoy, sin embargo, su escasez las hace cada vez más preciadas, sobre todo por aquellos que disciernen sus capacidades curativas.
QuestItem/QI19_LORE	蒂尔索忏悔录·第五@@「圣会的成员又惊又俱地看着，除了我们姐妹中的一员，她在我身边跪下，亲吻了一个被感染的年轻人溃烂的伤口，丝毫不怕被感染，之后，伤口便愈合了。于是众兄弟跪倒在地，泪流满面，齐声祈祷」	"Confessions of Tirso. Part 5@@""Congregation members, witnesses to the phenomenon, watched in astonishment and fear, except for one of our sisters, who knelt beside me, and, without fear of contagion, kissed one of the terrible sores that the affection had caused on the young man, and the wound began to close. The brothers fell to their knees, amidst tears and prayers."""	"Confesiones de Tirso. Parte 5@@""Los miembros de la congregación, testigos de aquel fenómeno, miraban asombrados y asustados. Todos salvo una de nuestras hermanas que se arrodilló a mi lado, y sin temor al posible contagio besó una de las terribles llagas que aquella afección había causado en el joven. La herida empezó entonces a cerrarse, los hermanos cayendo de rodillas entre llantos y rezos."""
QuestItem/QI201_CAPTION	爆裂的叛徒右眼	Severed Right Eye of the Traitor	Diestra Mirada Seccionada del Traidor
QuestItem/QI201_DESCRIPTION	一颗纯金眼球，装饰着伊西多拉之镰，她会为亡者歌唱安魂曲。叛徒被打入无尽的黑暗，而他的眼球也从他那熔化的脸上摘了下来，因为他看到的太多了。藏骨仕女奉命监视他，而曾经与她共同高歌的骨头也在这黑暗的角落里找到了新的坟墓。	An eyeball of solid gold that adorned the scythe of Isidora, the singer of the dead. Condemned to an eternity of deep-rooted darkness, the melted face of the Traitor was also robbed of his eyes for he had seen too much. The lady of the ossuary was charged to watch over him, and the bones that used to sing with her found a new tomb in the darkest of corners.	Globo ocular de oro macizo que adornaba la guadaña de Isidora, cantora de los muertos. Castigado a una eternidad de enraizada oscuridad, el rostro derretido del Traidor fue además despojado de sus ojos, pues había visto demasiado. La dama del osario fue encargada de su custodia, y los huesos que antes cantaban con ella encontraron nueva tumba en los más recónditos rincones.
QuestItem/QI201_LORE	孩子们打开屋门，在她大喊“伊西多拉！给我们唱一曲吧，伊西多拉！”之后，全都跑了出去。虽然伊西多拉那晚穿了华丽的舞台装，但仍然没有为他们歌唱。@ 她反而是向公墓走去，在通往阿尔贝罗教堂藏骨堂地穴的入口处停了下来。着迷的孩子们感到了铁门之后的寂静，这时她开始放声吟咏无人能识的诗歌。少顷，人们又听到了另一个远处的声音，这声音与地穴深处那悲伤的旋律组成了美妙的哀歌二重唱。之后这位女士便穿过石拱门，关上了身后的大门。当她的声音消失在远方时，越来越多的声音开始与她共吟，就好像地下有十多人的唱诗班在等待着她一样。歌声临近尾声时，人们听到地下传来一连串响声，孩子们哭着走了出来，墓穴又恢复了往昔的安静。@这位女歌手再也没有现身，从此人们都记住了藏骨圣女伊西多拉，还有亡者发出的声音。	The children opened the doors of their houses and ran out after her shouting, “Isidora! Sing to us, Isidora!” But, still dressed in one of her flamboyant stage outfits, Isidora did not sing to them that night.@Instead she headed towards the cemetery and stopped before the entrance to the crypt that connects to the ossuary beneath the old Church of Albero. The intrigued children fell silent behind the iron gates. And it was then that she began to intone verses that no one had ever heard before. After a short while, another distant voice could be heard, accompanying the sad melody from the depths of the crypt, forming a beautiful yet mournful duet. The lady then walked through the stone archway, closing the door behind her. As her voice faded into the distance, more and more voices joined with her, as if a great choir of dozens was awaiting her at the bottom of the steps. When the song came to an end and they heard the final strains rise up from beneath the ground, the children walked away with tears in their eyes, and the cemetery recovered its usual silence.@Never again was the singing lady seen, and ever since she has been remembered as Isidora, the Lady of the Ossuary and the voice of the dead.	"Los niños abrían las puertas de las casas y salían corriendo tras ella gritando ""¡Isidora! ¡Cántanos, Isidora!"" Pero ella, aun llevando puesto uno de los llamativos vestidos que usaba para sus actuaciones, no les cantaría esa noche.@La dama se dirigió al cementerio y se detuvo a la entrada de la cripta que conecta con el osario, bajo la vieja Iglesia de Albero. Los niños, intrigados, callaron tras la verja de hierro. Fue entonces cuando comenzó a entonar unos versos que nadie había escuchado nunca antes. Al poco tiempo se podía divisar otra lejana voz, que acompañaba a la triste melodía desde el fondo de la cripta, formando así un bello, aunque lúgubre diálogo. La dama atravesó el arco de piedra, cerrándose la puerta tras ella. Mientras la voz de la cantaora se iba perdiendo, más y más voces se le iban uniendo, como si un gran coro de decenas de miembros la estuvieran esperando al final de las escaleras. Al terminar la canción, oyéndose apagados sus últimos compases bajo la propia tierra, los niños se marcharon con lágrimas en los ojos, y el cementerio recobró su silencio habitual.@Nunca más se volvió a ver a la cantaora, y desde entonces se la recuerda como Isidora, la Dama del Osario, la voz de los muertos."
QuestItem/QI202_CAPTION	爆裂的叛徒左眼	Broken Left Eye of the Traitor	Siniestra Mirada Quebrada del Traidor
QuestItem/QI202_DESCRIPTION	这是从深渊野兽眼窝中抠出的黄金眼球。背叛者被驱逐到这个界域，被罚要铭记他所直视的真相。他的一只眼睛被送到了海中，从此音信全无，但是吞噬这颗眼球的海水从此变成了吞噬船只的墓地，胆敢从此经过的船只无不葬身海底	Eyeball forged in gold, torn from the socket of a beast from the depths. The Traitor was banished to this world, condemned to remember the truth he had dared to gaze upon. One of the eyes was delivered to the sea and no more was heard of it, but the waters that engulfed it became the burial ground of any vessel that ventured to sail through them.	Globo ocular forjado en oro, arrancado de la cuenca de una bestia de las profundidades. El Traidor fue desterrado a este mundo, condenado a recordar la verdad que se había atrevido a contemplar. Uno de los ojos fue entregado a la mar y nunca más se supo más de él, mas las aguas que lo engulleron se tornaron cementerio de todo navío que osara a surcarlas.
QuestItem/QI202_LORE	“我诅咒你。在黑暗水域下，你的影子将被怪异神文环绕，然后缩成一团。你的白鳞将在月光下反射出惨白的光。诅咒你那无形之颈上的宝石，诅咒你那金眼，它可以招引他人，令人争风而死”	“A curse on you. A curse on your shadow beneath the dark waters that writhes around knotted in strange hieroglyphics. A curse on your white scales that reflect the pale light of our moons. A curse on the jewels that adorn your shapeless necks. And a curse on the Eye, your golden eye that beckons to men and storms to die before you.”	“Maldita seáis. Maldita sea vuestra sombra bajo las aguas oscuras que se retuerce anudada en extraños jeroglíficos, maldita sean vuestras escamas blancas que reflejan la luz pálida de nuestras lunas. Maldita sean las joyas que os adornan vuestras nucas sin forma. Y maldito sea el Ojo, vuestro ojo de oro que llama a hombres y a tormentas a morir ante vos.”
QuestItem/QI203_CAPTION	残缺的肩衣	Incomplete Scapular	Escapulario Incompleto
QuestItem/QI203_DESCRIPTION	半件肩衣，末端有红绳拴着一尊扭曲者的雕像。下面这句话被刻入了抛光木头之中，而且几乎已经被热忱信徒的手摸没了 @ “虽隔天涯，你我为一。@以斯德拉”	"Half of a scapular, with an effigy of the Twisted One that hangs at the end of a fine crimson cord. These words, almost worn away by the repeated caresses of zealous fingers, are carved into the polished wood.@""Even at a distance we are together, always. @Esdras."""	"La mitad de un escapulario, con una efigie del Retorcido que cuelga al final de un fino cordón carmesí. Unas palabras están talladas en la pulida madera, casi borradas por la repetida caricia de dedos fervorosos.@""Aún en la distancia estamos juntos, siempre. @@Esdras."""
QuestItem/QI203_LORE	“战争终于结束了，兄弟。不要担心我的伤势…我的双眼闭上时，神迹会带我去见圣父。这是我的半件肩衣，记住，如果你想将两件合而为一，那都是因为我的意愿。@兄弟，擦干眼泪吧。我必需走了，但我的声音会与你长在。”	"""The battle is over at last, brother. Do not concern yourself with my wounds... When my eyes close, the Miracle will take me with the Father. Here, this is half of my scapular. Remember that if you manage to reunite the two halves, it will be because I wished it so. @My brother, dry your tears. Although I must go, my voice will be yours forever."""	“La batalla ha terminado al fin, hermano. No os preocupéis por mis heridas... Cuando se cierren mis ojos el Milagro me llevará con el Padre. Tomad, esta es la mitad de mi escapulario. Recordad que si alguna vez reunís de nuevo las dos mitades será porque así lo he querido. @Hermano mío, secad vuestras lágrimas. Aunque me yo me marche ahora tendréis mi voz para siempre.”
QuestItem/QI204_CAPTION	扭木之钥	Key Grown from Twisted Wood	Llave Crecida En Madera Retorcida
QuestItem/QI204_DESCRIPTION	一把笨重的钥匙，直接生于树干之上。它的表面经过抛光，像是一个神奇的雕塑，上面有三个显眼的结，是用来做钥匙齿的。钥匙头上覆有熔金，这是对古斯托迪亚地下囚笼中的叛徒仅有的尊重。	A ponderous key, grown straight from the trunk of a tree. Its surface is polished like an impossible carving, except for three striking knots that serve as teeth. A layer of molten gold covers its head, the only show of deference to the Traitor who was locked up in the deepest roots of Cvstodia.	Una pesada llave, crecida directamente del tronco de un árbol. Su superficie está pulida como una imposible talla, excepto por tres llamativos nudos que hacen las veces de dientes. Una capa de oro derretido cubre su cabeza, la única deferencia al Traidor que fue encerrado en las raíces más profundas de Cvstodia.
QuestItem/QI204_LORE	狄俄索达多静静地观察着这枚木钥匙，空气中只有他的呼吸在跃动。停了许久之后，他最终说道：“不，世间没有这样的钥匙了。”然后他开始踱步，倚在灯上，焦躁地环顾四周，想要找到那扇奇怪的大门，好用钥匙打开。他沿着走廊走了几步，抱满了落满灰尘的书卷，破烂的书架在潮湿的空气中腐坏，架子上堆满了以往的书箱，突然他听到了研磨的声音：这把生结的木钥匙在他手中振动，而且变得越来越扭曲。那时他才意识到，他找到了自己要找的门。	Diosdado observed that singular wooden key in a silence disturbed only by the rattle of his own breathing. After a long pause he finally said, “No, there is no other key like this.” Then he began to walk, leaning on the lamp that he used as a stick, and looking around anxiously, trying to find something that would help him remember the place where the strange door could be found, in whose lock this unusual key would fit. He walked down long hallways, crammed with dusty tomes, past bookcases filled with ramshackle wooden shelves that had long ago rotted in the humid air, when suddenly he heard a grinding sound the key of knotted wood was stirring in the palm of his hand and seemed to be twisting more and more. It was then that he realised he had found the door he was looking for.	Diosdado observó aquella singular llave de madera, en el silencio perturbado solo por los estertores de su propia respiración. Tras una larga pausa se dijo por fin “No, no hay ninguna llave que se parezca a esta”. Entonces comenzó a caminar ayudándose de su lámpara, que le servía a su vez de bastón, mirando con ansiedad a su alrededor, intentando encontrar algo que le ayudara a recordar el lugar donde se encontraba aquella extraña puerta, en cuya cerradura encajaba tan particular llave. Caminaba por largos pasillos atestados de polvorientos libros, y por estancias repletas de desvencijados estantes de madera, podridos hacía ya largo tiempo por la intensa humedad, cuando oyó un crujido la llave de madera anudada se estaba agitando en la palma de su mano y parecía que se torcía cada vez más y más. Comprendió entonces que había encontrado la puerta que buscaba.
QuestItem/QI20_CAPTION	芳香蒜头	Incense Garlic	Ajo de Incienso
QuestItem/QI20_DESCRIPTION	这种蒜色白如骨，世间罕见。它的檀木芳香只有在雨天才能闻得到，它的香气十分奇特，草药医师嗅觉灵敏，会循着香气找出香蒜	Bulb white as bone, very hard to find. Its intense aroma, reminiscent of sandalwood, is only noticeable on rainy days, betraying its hiding place. It was sought after by the herbalists with the best sense of smell for its miraculous properties.	Bulbo blanco como el hueso, muy difícil de encontrar. Su intenso aroma, que recuerda al perfume del sándalo, se desprende sólo en días lluviosos, traicionando su escondite. Los herbolarios con mejor olfato lo buscaban para sus brebajes, por sus propiedades milagrosas.
QuestItem/QI20_LORE	蒂尔索忏悔录·第六@@「自那之后，亲吻伤口的那位姐妹又从奇迹的怒火之中拯救了数以百计的感染者，从此之后，我们的圣会就被称作舐伤圣会」	"Confessions of Tirso. Part 6@@""Ever since then, our pious kisses have saved hundreds from the affection of the Miracle that ravages these lands, and from then on our congregation has been called that of the Kissers of Wounds."""	"Confesiones de Tirso. Parte 6@@""Desde entonces nuestros besos piadosos han salvado a cientos de la afección del Milagro que desola estas tierras y desde entonces nuestra congregación es llamada la de los Besadores de Llagas."""
QuestItem/QI301_CAPTION	克己圣痕	Holy Wound of Abnegation	Santa Llaga de la Abnegación
QuestItem/QI301_DESCRIPTION	"这是放逐面容赐给克兰莎的标记，试图向她揭示真相并且最终打开她的白银之眼。但是至高意志铸造的沉重枷锁不久之后又将她的双眼蒙蔽。@可以使你走上反转王座之外的道路，这是向绒羽国度朝圣的最终阶段，艾斯克利瓦尔教皇对此地可谓百般拒绝。 "	"Mark that the Exiled Visage bestowed upon Crisanta, in an attempt to reveal the truth to her and finally open her silver eyes. But the heavy chains forged by the High Wills soon closed them again.@Allows you to walk the path beyond the Turned Throne, the final phase of the pilgrimage to a land of palliums and velvet that were forever denied to the Pontiff Escribar. "	"Marca que el Rostro Exiliado otorgó a Crisanta, buscando así revelarle la verdad y abrir al fin sus ojos de plata. Los pesados eslabones forjados por las Altas Voluntades no tardaron en cerrarlos de nuevo.@Permite andar la senda más allá del Trono Girado, última etapa del peregrinaje a una tierra de palios y terciopelos que le fueron por siempre negados al pontífice Escribar. "
QuestItem/QI301_LORE	圣义·禁颂@@『第四伤痕与其姐妹不同，它会使灵魂受到无法救赎的痛苦，并且用超一切罪愆。只有第四处才是最深层最禁忌的痛苦。那是失落灵魂至大至真之伤。是谓薄暮之伤』	Holy Creed. Forbidden Verse@@“It is only the Fourth Wound that, unlike its sisters, makes the soul suffer in such a way that goes beyond repentance as an act and beyond guilt as a perpetual state. It is only the Fourth that represents the deepest and most forbidden pain. The greatest and truest wound of the lost soul. The wounds of eventide.”	"Santo Credo. Versículo Prohibido@@""Es solo la Cuarta Llaga la que, al contrario que sus hermanas, hace sufrir el alma de una forma que va más allá del arrepentimiento como acto y de la culpa como estado perpetuo. Es solo el Cuarto el que representa el dolor más profundo y prohibido. La mayor y más verdadera herida del alma en pena. La herida del ocaso."""
QuestItem/QI31_CAPTION	荆棘	Thorn	"Espina "
QuestItem/QI31_DESCRIPTION	"迪欧加卡斯的小礼物，被钉在你的剑格下面扭曲者的像上。这些荆棘是奇迹用罪恶养成，携带者的罪过都由这荆棘来背负 "	"Small gift from Deogracias, nailed into the effigy of the Twisted under the guard of your sword. The thorns arisen from the Miracle feed on sin and guilt, growing with the burden that its bearer carries. "	"Pequeño obsequio de Deogracias, clavado en la efigie del Retorcido bajo la guardia de tu espada. Las espinas surgidas del Milagro se alimentan del pecado y la culpa, creciendo junto a la carga que su portador lleve sobre sus hombros. "
QuestItem/QI31_LORE	迪欧加卡斯的辞别书@@「阿伯特兄弟，你知道的，我还是个小孩子的时候就在这座修道院当书记员。我写了许多关于我们的修道院、圣徒还有痛极奇迹的事情。我必须告诉你，虽然我仍要继续写下去，我已下定决心离去。在高墙之内，我无法见证奇迹的真正杰作。我有幸能亲眼见证你神圣的作品，无论晴天还是下雨，纵使赤脚踏上热砂，我都要向世人传颂奇迹」	"Deosgracias' Farewell@@""Brother Abbot, you know that I have been a scribe in this abbey since I was but a wee child. I have written about our church, our saints and our Miracle of the Greatest Pain. I must inform you that I have made the decision to leave, although I intend to continue writing. In these walls I cannot be a true witness of the works of the Miracle. I need to appreciate with my own eyes your holy works. I will be a teller of the Miracle wherever it takes me, rain or shine, or scorching sand under my bare feet."""	"Despedida de Deogracias@@""Hermano Abad, sabe que he sido escribano en esta abadía desde que era muy joven. He escrito sobre nuestra iglesia, nuestros santos y nuestro Milagro del Mayor Dolor. Tengo que decirle que he tomado la decisión de marcharme, aunque no de dejar de escribir. En estos muros no puedo ser verdadero testigo de las obras del Milagro. Necesito apreciar con mis propios ojos sus santas obras. Seré relator del Milagro adonde quiera que me lleve, llueva, nieve, o haya arenas bajo mis pies descalzos."""
QuestItem/QI32_CAPTION	初萌新芽	Budding Sprout	"Brote Incipiente "
QuestItem/QI32_DESCRIPTION	"迪欧加卡斯的小礼物，被钉在你的剑格下面扭曲者的像上。这些荆棘是奇迹用罪恶养成，携带者的罪过都由这荆棘来背负 "	"Small gift from Deogracias, nailed into the effigy of the Twisted under the guard of your sword. The thorns arisen from the Miracle feed on sin and guilt, growing with the burden that its bearer carries. "	"Pequeño obsequio de Deogracias, clavado en la efigie del Retorcido bajo la guardia de tu espada. Las espinas surgidas del Milagro se alimentan del pecado y la culpa, creciendo junto a la carga que su portador lleve sobre sus hombros. "
QuestItem/QI32_LORE	迪欧加卡斯的辞别书@@「阿伯特兄弟，你知道的，我还是个小孩子的时候就在这座修道院当书记员。我写了许多关于我们的修道院、圣徒还有痛极奇迹的事情。我必须告诉你，虽然我仍要继续写下去，我已下定决心离去。在高墙之内，我无法见证奇迹的真正杰作。我有幸能亲眼见证你神圣的作品，无论晴天还是下雨，纵使赤脚踏上热砂，我都要向世人传颂奇迹」	"Deosgracias' Farewell@@""Brother Abbot, you know that I have been a scribe in this abbey since I was but a wee child. I have written about our church, our saints and our Miracle of the Greatest Pain. I must inform you that I have made the decision to leave, although I intend to continue writing. In these walls I cannot be a true witness of the works of the Miracle. I need to appreciate with my own eyes your holy works. I will be a teller of the Miracle wherever it takes me, rain or shine, or scorching sand under my bare feet."""	"Despedida de Deogracias@@""Hermano Abad, sabe que he sido escribano en esta abadía desde que era muy joven. He escrito sobre nuestra iglesia, nuestros santos y nuestro Milagro del Mayor Dolor. Tengo que decirle que he tomado la decisión de marcharme, aunque no de dejar de escribir. En estos muros no puedo ser verdadero testigo de las obras del Milagro. Necesito apreciar con mis propios ojos sus santas obras. Seré relator del Milagro adonde quiera que me lleve, llueva, nieve, o haya arenas bajo mis pies descalzos."""
QuestItem/QI33_CAPTION	茁壮苗芽	Grown Sprout	"Brote Crecido "
QuestItem/QI33_DESCRIPTION	"迪欧加卡斯的小礼物，被钉在你的剑格下面扭曲者的像上。这些荆棘是奇迹用罪恶养成，携带者的罪过都由这荆棘来背负 "	"Small gift from Deogracias, nailed into the effigy of the Twisted under the guard of your sword. The thorns arisen from the Miracle feed on sin and guilt, growing with the burden that its bearer carries. "	"Pequeño obsequio de Deogracias, clavado en la efigie del Retorcido bajo la guardia de tu espada. Las espinas surgidas del Milagro se alimentan del pecado y la culpa, creciendo junto a la carga que su portador lleve sobre sus hombros. "
QuestItem/QI33_LORE	迪欧加卡斯的辞别书@@「阿伯特兄弟，你知道的，我还是个小孩子的时候就在这座修道院当书记员。我写了许多关于我们的修道院、圣徒还有痛极奇迹的事情。我必须告诉你，虽然我仍要继续写下去，我已下定决心离去。在高墙之内，我无法见证奇迹的真正杰作。我有幸能亲眼见证你神圣的作品，无论晴天还是下雨，纵使赤脚踏上热砂，我都要向世人传颂奇迹」	"Deosgracias' Farewell@@""Brother Abbot, you know that I have been a scribe in this abbey since I was but a wee child. I have written about our church, our saints and our Miracle of the Greatest Pain. I must inform you that I have made the decision to leave, although I intend to continue writing. In these walls I cannot be a true witness of the works of the Miracle. I need to appreciate with my own eyes your holy works. I will be a teller of the Miracle wherever it takes me, rain or shine, or scorching sand under my bare feet."""	"Despedida de Deogracias@@""Hermano Abad, sabe que he sido escribano en esta abadía desde que era muy joven. He escrito sobre nuestra iglesia, nuestros santos y nuestro Milagro del Mayor Dolor. Tengo que decirle que he tomado la decisión de marcharme, aunque no de dejar de escribir. En estos muros no puedo ser verdadero testigo de las obras del Milagro. Necesito apreciar con mis propios ojos sus santas obras. Seré relator del Milagro adonde quiera que me lleve, llueva, nieve, o haya arenas bajo mis pies descalzos."""
QuestItem/QI34_CAPTION	棘刺石南	Thorny Briar	"Zarza Espinosa "
QuestItem/QI34_DESCRIPTION	"迪欧加卡斯的小礼物，被钉在你的剑格下面扭曲者的像上。这些荆棘是奇迹用罪恶养成，携带者的罪过都由这荆棘来背负 "	"Small gift from Deogracias, nailed into the effigy of the Twisted under the guard of your sword. The thorns arisen from the Miracle feed on sin and guilt, growing with the burden that its bearer carries. "	"Pequeño obsequio de Deogracias, clavado en la efigie del Retorcido bajo la guardia de tu espada. Las espinas surgidas del Milagro se alimentan del pecado y la culpa, creciendo junto a la carga que su portador lleve sobre sus hombros. "
QuestItem/QI34_LORE	迪欧加卡斯的辞别书@@「阿伯特兄弟，你知道的，我还是个小孩子的时候就在这座修道院当书记员。我写了许多关于我们的修道院、圣徒还有痛极奇迹的事情。我必须告诉你，虽然我仍要继续写下去，我已下定决心离去。在高墙之内，我无法见证奇迹的真正杰作。我有幸能亲眼见证你神圣的作品，无论晴天还是下雨，纵使赤脚踏上热砂，我都要向世人传颂奇迹」	"Deosgracias' Farewell@@""Brother Abbot, you know that I have been a scribe in this abbey since I was but a wee child. I have written about our church, our saints and our Miracle of the Greatest Pain. I must inform you that I have made the decision to leave, although I intend to continue writing. In these walls I cannot be a true witness of the works of the Miracle. I need to appreciate with my own eyes your holy works. I will be a teller of the Miracle wherever it takes me, rain or shine, or scorching sand under my bare feet."""	"Despedida de Deogracias@@""Hermano Abad, sabe que he sido escribano en esta abadía desde que era muy joven. He escrito sobre nuestra iglesia, nuestros santos y nuestro Milagro del Mayor Dolor. Tengo que decirle que he tomado la decisión de marcharme, aunque no de dejar de escribir. En estos muros no puedo ser verdadero testigo de las obras del Milagro. Necesito apreciar con mis propios ojos sus santas obras. Seré relator del Milagro adonde quiera que me lleve, llueva, nieve, o haya arenas bajo mis pies descalzos."""
QuestItem/QI35_CAPTION	血污石南	Bloodstained Briar	Zarza Manchada de Sangre
QuestItem/QI35_DESCRIPTION	"迪欧加卡斯的小礼物，被钉在你的剑格下面扭曲者的像上。这些荆棘是奇迹用罪恶养成，携带者的罪过都由这荆棘来背负 "	"Small gift from Deogracias, nailed into the effigy of the Twisted under the guard of your sword. The thorns arisen from the Miracle feed on sin and guilt, growing with the burden that its bearer carries. "	"Pequeño obsequio de Deogracias, clavado en la efigie del Retorcido bajo la guardia de tu espada. Las espinas surgidas del Milagro se alimentan del pecado y la culpa, creciendo junto a la carga que su portador lleve sobre sus hombros. "
QuestItem/QI35_LORE	迪欧加卡斯的辞别书@@「阿伯特兄弟，你知道的，我还是个小孩子的时候就在这座修道院当书记员。我写了许多关于我们的修道院、圣徒还有痛极奇迹的事情。我必须告诉你，虽然我仍要继续写下去，我已下定决心离去。在高墙之内，我无法见证奇迹的真正杰作。我有幸能亲眼见证你神圣的作品，无论晴天还是下雨，纵使赤脚踏上热砂，我都要向世人传颂奇迹」	"Deosgracias' Farewell@@""Brother Abbot, you know that I have been a scribe in this abbey since I was but a wee child. I have written about our church, our saints and our Miracle of the Greatest Pain. I must inform you that I have made the decision to leave, although I intend to continue writing. In these walls I cannot be a true witness of the works of the Miracle. I need to appreciate with my own eyes your holy works. I will be a teller of the Miracle wherever it takes me, rain or shine, or scorching sand under my bare feet."""	"Despedida de Deogracias@@""Hermano Abad, sabe que he sido escribano en esta abadía desde que era muy joven. He escrito sobre nuestra iglesia, nuestros santos y nuestro Milagro del Mayor Dolor. Tengo que decirle que he tomado la decisión de marcharme, aunque no de dejar de escribir. En estos muros no puedo ser verdadero testigo de las obras del Milagro. Necesito apreciar con mis propios ojos sus santas obras. Seré relator del Milagro adonde quiera que me lleve, llueva, nieve, o haya arenas bajo mis pies descalzos."""
QuestItem/QI37_CAPTION	橄榄种子	Olive Seeds	Semillas de Olivo
QuestItem/QI37_DESCRIPTION	一把精心保存的种子。橄榄磨成的油膏是每个医师都必不可少的药品	A handful of seeds, carefully preserved. The stones of the olives were mashed into an oily unguent, essential to the bag of any healer.	Un puñado de semillas, conservadas cuidadosamente. Los huesos de la aceituna se machacaban en un oleoso ungüento, imprescindible en el zurrón de cualquier curandero.
QuestItem/QI37_LORE	『蒂尔索忏悔录·第四』@@@@一天夜里，年轻的男子浑身发热，颤动不已，他身上的伤口烂得越来越严重，可谓痛苦万分，我看他难受，于是靠近他，将他搂在怀里，不禁流着泪亲吻他的额头。我用嘴唇感受着他额头的温度，发现年轻人睁开了双眼看着我，似乎一瞬之间他的痛苦全部消失了」	Confessions of Tirso. Part 4@@On one of the nights during which the young man agonised, amidst terrible febrile tremors, with the wounds that plagued his body spreading more and more, I approached him so distraught that I held him in my arms and, shedding tears, I kissed him on the forehead. While I felt the ardour of his forehead on my lips, I noticed the young man was opening his eyes and looking at me, his agony apparently gone, all of a sudden.	Confesiones de Tirso. Parte 4@@Una de las noches en las que el joven agonizaba entre terribles temblores febriles, las heridas surgidas en su cuerpo abriéndose más y más, me acerqué a él. Tan apenado me sentía que lo incorporé entre mis brazos y, entre lágrimas, le besé en la frente. Aún sentía el ardor en mis labios cuando advertí que el joven abría los ojos, mirándome, habiendo cesado de repente su agonía.
QuestItem/QI38_CAPTION	磨难圣痕	Holy Wound of Attrition	Santa Llaga de la Atrición
QuestItem/QI38_DESCRIPTION	黄金面容留下的痕迹，可以显示忏悔者灵魂之中磨难的圣洁	Mark left by the Golden Visage that reveals the cleanliness of Attrition in the soul of The Penitent One.	Marca dejada por el Rostro Dorado que revela la limpieza de Atrición en el alma del Penitente.
QuestItem/QI38_LORE	圣者诗训·第一@@「圣王苦修赎罪，其灵魂苦痛必经三途。三种途径每种都是各有初衷，每一种又都痛苦万分。因此三种痛苦是他无尽痛楚的关键所在，必须严加看守」	"Santo Credo. Verse One@@""His Holiness, because of his high penance, must endure suffering in his soul in three ways. Each of the ways is a motive, and each motive is a sore. Hence these three sores are the keys to his eternal pain, and must be guarded."""	"Santo Credo. Versículo Primero@@""Su Santidad, por su alta penitencia, sufre en su alma de tres formas. Cada forma es un motivo, y cada motivo es una llaga. Son tres llagas pues las llaves de su dolor eterno y deben ser custodiadas."""
QuestItem/QI39_CAPTION	悔悟圣痕	Holy Wound of Contrition	Santa Llaga de la Contrición
QuestItem/QI39_DESCRIPTION	黄金面容留下的痕迹，可以显示忏悔者灵魂之中悔悟的圣洁	Mark left by the Golden Visage that reveals the cleanliness of Contrition in the soul of The Penitent One.	Marca dejada por el Rostro Dorado que revela la limpieza de Contrición en el alma del Penitente.
QuestItem/QI39_LORE	圣者诗训·第二@@「奇迹用纯洁圣徒的热情创造了黄金面容，将其永封于大梦境之中。三名守卫面容相仿，面敷炽金，守护着圣王灵魂的三处圣痕」	"Santo Credo. Verse Two@@""The Miracle created the Golden Visages from the very fervour of the uncorrupted saints, in order to preserve them, eternal, in the forbidden Dream. Three identical faces covered in torrid gold are the guardians of the three wounds in His Holiness' soul."""	"Santo Credo. Versículo Segundo@@""El Milagro creó los Rostros Dorados desde el fervor mismo de los santos incorruptos para hacerlos eternos en el Sueño prohibido. Tres rostros iguales cubiertos por oro caliente son los guardianes de las tres llagas del alma de Su Santidad."""
QuestItem/QI40_CAPTION	内疚圣痕	Holy Wound of Compunction	Santa Llaga de la Compunción
QuestItem/QI40_DESCRIPTION	黄金面容留下的痕迹，可以显示忏悔者灵魂之中内疚的圣洁	Mark left by the Golden Visage that reveals the cleanliness of Compunction in the soul of The Penitent One.	Marca dejada por el Rostro Dorado que revela la limpieza de Compunción en el alma del Penitente.
QuestItem/QI40_LORE	『圣者诗训·第三』@@@@「如果三处圣痕合而为一，神母会的大门就会打开。神母会将分崩离析，禁域不再完整，圣地也将遭受亵渎」	"Santo Credo. Verse Three@@""The door to The Mother will open if the three wounds were to be joined together. The Mother would suffer a crack. The enclosure would end up broken, and the forbidden would be profaned."""	"Santo Credo. Versículo Tercero@@""La puerta a La Madre se abriría si se unieran las tres llagas. La Madre tendría una grieta. Su clausura quedaría quebrada y lo prohibido sería profanado."""
QuestItem/QI41_CAPTION	空圣水瓶	Empty Bile Vessel	Matraz Biliar Vacío
QuestItem/QI41_DESCRIPTION	用水晶与黄金制成的瓶子，可以用来装哀恸喷泉之中的圣水	Vessel made of crystal and gold capable of holding the hallowed bile that emanates from the mourning fountains.	Recipiente de cristal y oro capaz de contener bilis santificada emanada de las fuentes del luto.
QuestItem/QI41_LORE	「快起来，告诉我们你看到了什么，」书记员目不转睛地盯着纸稿说道。「我奉命来挖尸体，有个忏悔者差不多一年前给埋了，」掘墓人答道。「他在阿尔贝罗可是人人敬爱，许多教区居民都凑到他坟墓跟前去。但是当我把他挖出来时，他的石棺裂缝里涌出了鲜血，红得就像红酒一样。在场的人跑过去掀开棺盖，用肩扛着他，任凭鲜血涌出。其他人跑回家中，找水桶和水瓶，去接那不断涌出的鲜血」	"""Get up and tell us what you witnessed,"" said the Scribe without averting his gaze from the paper. ""I received an order for the exhumation of a penitent who had been buried about a year ago,"" answered the gravedigger. ""He was well loved in Albero, and many parishioners approached his grave. But, when I dug him up, we saw blood coming out of a crack in his sarcophagus, blood red as wine. Those who were there rushed to open the lid of the coffin, and carried him on their shoulders, watching as blood gushed out from its side. Others ran to their houses, searching for buckets and bottles to keep all that blood that wouldn't stop flowing out."""	"""Levántese y cuéntenos de lo que fue testigo."" Dijo el Escribano mientras seguía con su mirada clavada en el papel. ""Recibí órdenes de la exhumación de un penitente el cual había sido enterrado hacía aproximadamente un año."" Respondió el enterrador. ""Era muy estimado en Albero y muchos parroquianos se acercaron. Pues cuando lo desenterré vimos que de una grieta de su sarcófago salía sangre, tan roja como el vino. Los que allí estaban corrieron a abrir la tapa del sarcófago y lo levantaron a hombros viendo como de su costado salía sangre a borbotones. Otros corrieron a sus casas a buscar cazos y botellas donde guardar toda esa sangre que no paraba de salir."""
QuestItem/QI44_CAPTION	念珠绳结	Knot of Rosary Rope	Nudo de Cordón de Rosario
QuestItem/QI44_DESCRIPTION	古代修士身亡后，他们的法衣做成了绳结	Rope knot made from the threads of habits of monks deceased in ancient times.	Nudo de cordón hecho con hilos de hábitos de monjes difuntos en épocas antiguas.
QuestItem/QI44_LORE	她的名字是恩歌拉夏，她能做出全古斯托迪亚最华美的念珠串。教区著名的祭司与主教们常常光顾她的工坊，甚至神书圣座埃斯科利巴本人都从她那里订货。恩歌拉夏的手艺十分精湛，做的念珠串可谓精美绝伦，完美无瑕。坊间传言，只有她做的念珠才会得到神灵的赐福，用她的念珠吟诵祷文神灵才会听到，除此之外，用其余的念珠皆是罪过。因此，神母教会禁止人们使用其他念珠，之后其他所谓的违法念珠都被查抄焚毁。持有违法念珠的人会遭受惩罚，甚至会被判为异教徒。后来恩歌拉夏不在人世了，我们真不知道之后念珠会是什么情况	Engracia was her name. Her rosaries were the prettiest of all Cvstodia. The most prestigious priests and bishops frequented her workshop, and even our very Holiness Escribar commissioned her. Such was her mastery that a rosary crafted by the old Engracia was unparalleled in beauty, delicacy and perfection. Word spread that a rosary that was not made by her would not receive divine blessing, and prayers would not be heard, and besides, that would be a sin. This caused all the others to become banned by the Holy Mother Church, and those so-called false rosaries were searched after, and burned. Someone who kept a deceitful rosary would be severely punished, sometimes even accused of heresy. Then we all began to wonder what would become of the rosaries when Engracia was no longer with us.	Engracia era su nombre. Sus rosarios eran los más bellos de toda Cvstodia. A su taller iban los más prestigiosos sacerdotes, obispos e incluso le llegaron encargos su mismísima Santidad Escribar. Tal era su maestría que un rosario obrado por la anciana Engracia no tenía pizca de comparación en belleza, primor y perfección. Se llegó a creer que un rosario que no fuese creado por ella no tendría el beneplácito divino y los rezos realizados no serían escuchados, además que aquello sería pecado. Esto provocó que llegaran incluso a prohibirse por la Madre Iglesia haciendo que todos esos llamados falsos rosarios fueran buscados y quemados. Alguien que conservara un rosario falso sería duramente castigado, incluso a veces acusado de herejía. Entonces todos nos preguntamos qué sería de los rosarios cuando Engracia ya no estuviera con nosotros.
QuestItem/QI45_CAPTION	空圣水瓶	Empty Bile Vessel	Matraz Biliar Vacío
QuestItem/QI45_DESCRIPTION	用水晶与黄金制成的瓶子，可以用来装哀恸喷泉之中的圣水	Vessel made of crystal and gold capable of holding the hallowed bile that emanates from the mourning fountains.	Recipiente de cristal y oro capaz de contener bilis santificada emanada de las fuentes del luto.
QuestItem/QI45_LORE	「快起来，告诉我们你看到了什么，」书记员目不转睛地盯着纸稿说道。「我奉命来挖尸体，有个忏悔者差不多一年前给埋了，」掘墓人答道。「他在阿尔贝罗可是人人敬爱，许多教区居民都凑到他坟墓跟前去。但是当我把他挖出来时，他的石棺裂缝里涌出了鲜血，红得就像红酒一样。在场的人跑过去掀开棺盖，用肩扛着他，任凭鲜血涌出。其他人跑回家中，找水桶和水瓶，去接那不断涌出的鲜血」	"""Get up and tell us what you witnessed,"" said the Scribe without averting his gaze from the paper. ""I received an order for the exhumation of a penitent who had been buried about a year ago,"" answered the gravedigger. ""He was well loved in Albero, and many parishioners approached his grave. But when I dug him up, we saw blood coming from a crack in his sarcophagus, blood red as wine. Those who were there rushed to open the lid of the coffin, and carried him on their shoulders, watching as blood gushed out from its side. Others ran to their houses, searching for buckets and bottles to keep all that blood that wouldn't stop flowing out."""	"""Levántese y cuéntenos de lo que fue testigo."" Dijo el Escribano mientras seguía con su mirada clavada en el papel. ""Recibí órdenes de la exhumación de un penitente el cual había sido enterrado hacía aproximadamente un año."" Respondió el enterrador. ""Era muy estimado en Albero y muchos parroquianos se acercaron. Pues cuando lo desenterré vimos que de una grieta de su sarcófago salía sangre, tan roja como el vino. Los que allí estaban corrieron a abrir la tapa del sarcófago y lo levantaron a hombros viendo como de su costado salía sangre a borbotones. Otros corrieron a sus casas a buscar cazos y botellas donde guardar toda esa sangre que no paraba de salir."""
QuestItem/QI46_CAPTION	空圣水瓶	Empty Bile Vessel	Matraz Biliar Vacío
QuestItem/QI46_DESCRIPTION	用水晶与黄金制成的瓶子，可以用来装哀恸喷泉之中的圣水	Vessel made of crystal and gold capable of holding the hallowed bile that emanates from the mourning fountains.	Recipiente de cristal y oro capaz de contener bilis santificada emanada de las fuentes del luto.
QuestItem/QI46_LORE	「快起来，告诉我们你看到了什么，」书记员目不转睛地盯着纸稿说道。「我奉命来挖尸体，有个忏悔者差不多一年前给埋了，」掘墓人答道。「他在阿尔贝罗可是人人敬爱，许多教区居民都凑到他坟墓跟前去。但是当我把他挖出来时，他的石棺裂缝里涌出了鲜血，红得就像红酒一样。在场的人跑过去掀开棺盖，用肩扛着他，任凭鲜血涌出。其他人跑回家中，找水桶和水瓶，去接那不断涌出的鲜血」	"""Get up and tell us what you witnessed,"" said the Scribe without averting his gaze from the paper. ""I received an order for the exhumation of a penitent who had been buried about a year ago,"" answered the gravedigger. ""He was well loved in Albero, and many parishioners approached his grave. But when I dug him up, we saw blood coming from a crack in his sarcophagus, blood red as wine. Those who were there rushed to open the lid of the coffin, and carried him on their shoulders, watching as blood gushed out from its side. Others ran to their houses, searching for buckets and bottles to keep all that blood that wouldn't stop flowing out."""	"""Levántese y cuéntenos de lo que fue testigo."" Dijo el Escribano mientras seguía con su mirada clavada en el papel. ""Recibí órdenes de la exhumación de un penitente el cual había sido enterrado hacía aproximadamente un año."" Respondió el enterrador. ""Era muy estimado en Albero y muchos parroquianos se acercaron. Pues cuando lo desenterré vimos que de una grieta de su sarcófago salía sangre, tan roja como el vino. Los que allí estaban corrieron a abrir la tapa del sarcófago y lo levantaron a hombros viendo como de su costado salía sangre a borbotones. Otros corrieron a sus casas a buscar cazos y botellas donde guardar toda esa sangre que no paraba de salir."""
QuestItem/QI47_CAPTION	空圣水瓶	Empty Bile Vessel	Matraz Biliar Vacío
QuestItem/QI47_DESCRIPTION	用水晶与黄金制成的瓶子，可以用来装哀恸喷泉之中的圣水	Vessel made of crystal and gold capable of holding the hallowed bile that emanates from the mourning fountains.	Recipiente de cristal y oro capaz de contener bilis santificada emanada de las fuentes del luto.
QuestItem/QI47_LORE	「快起来，告诉我们你看到了什么，」书记员目不转睛地盯着纸稿说道。「我奉命来挖尸体，有个忏悔者差不多一年前给埋了，」掘墓人答道。「他在阿尔贝罗可是人人敬爱，许多教区居民都凑到他坟墓跟前去。但是当我把他挖出来时，他的石棺裂缝里涌出了鲜血，红得就像红酒一样。在场的人跑过去掀开棺盖，用肩扛着他，任凭鲜血涌出。其他人跑回家中，找水桶和水瓶，去接那不断涌出的鲜血」	"""Get up and tell us what you witnessed,"" said the Scribe without averting his gaze from the paper. ""I received an order for the exhumation of a penitent who had been buried about a year ago,"" answered the gravedigger. ""He was well loved in Albero, and many parishioners approached his grave. But when I dug him up, we saw blood coming from a crack in his sarcophagus, blood red as wine. Those who were there rushed to open the lid of the coffin, and carried him on their shoulders, watching as blood gushed out from its side. Others ran to their houses, searching for buckets and bottles to keep all that blood that wouldn't stop flowing out."""	"""Levántese y cuéntenos de lo que fue testigo."" Dijo el Escribano mientras seguía con su mirada clavada en el papel. ""Recibí órdenes de la exhumación de un penitente el cual había sido enterrado hacía aproximadamente un año."" Respondió el enterrador. ""Era muy estimado en Albero y muchos parroquianos se acercaron. Pues cuando lo desenterré vimos que de una grieta de su sarcófago salía sangre, tan roja como el vino. Los que allí estaban corrieron a abrir la tapa del sarcófago y lo levantaron a hombros viendo como de su costado salía sangre a borbotones. Otros corrieron a sus casas a buscar cazos y botellas donde guardar toda esa sangre que no paraba de salir."""
QuestItem/QI48_CAPTION	空圣水瓶	Empty Bile Vessel	Matraz Biliar Vacío
QuestItem/QI48_DESCRIPTION	用水晶与黄金制成的瓶子，可以用来装哀恸喷泉之中的圣水	Vessel made of crystal and gold capable of holding the hallowed bile that emanates from the mourning fountains.	Recipiente de cristal y oro capaz de contener bilis santificada emanada de las fuentes del luto.
QuestItem/QI48_LORE	「快起来，告诉我们你看到了什么，」书记员目不转睛地盯着纸稿说道。「我奉命来挖尸体，有个忏悔者差不多一年前给埋了，」掘墓人答道。「他在阿尔贝罗可是人人敬爱，许多教区居民都凑到他坟墓跟前去。但是当我把他挖出来时，他的石棺裂缝里涌出了鲜血，红得就像红酒一样。在场的人跑过去掀开棺盖，用肩扛着他，任凭鲜血涌出。其他人跑回家中，找水桶和水瓶，去接那不断涌出的鲜血」	"""Get up and tell us what you witnessed,"" said the Scribe without averting his gaze from the paper. ""I received an order for the exhumation of a penitent who had been buried about a year ago,"" answered the gravedigger. ""He was well loved in Albero, and many parishioners approached his grave. But when I dug him up, we saw blood coming from a crack in his sarcophagus, blood red as wine. Those who were there rushed to open the lid of the coffin, and carried him on their shoulders, watching as blood gushed out from its side. Others ran to their houses, searching for buckets and bottles to keep all that blood that wouldn't stop flowing out."""	"""Levántese y cuéntenos de lo que fue testigo."" Dijo el Escribano mientras seguía con su mirada clavada en el papel. ""Recibí órdenes de la exhumación de un penitente el cual había sido enterrado hacía aproximadamente un año."" Respondió el enterrador. ""Era muy estimado en Albero y muchos parroquianos se acercaron. Pues cuando lo desenterré vimos que de una grieta de su sarcófago salía sangre, tan roja como el vino. Los que allí estaban corrieron a abrir la tapa del sarcófago y lo levantaron a hombros viendo como de su costado salía sangre a borbotones. Otros corrieron a sus casas a buscar cazos y botellas donde guardar toda esa sangre que no paraba de salir."""
QuestItem/QI49_CAPTION	空圣水瓶	Empty Bile Vessel	Matraz Biliar Vacío
QuestItem/QI49_DESCRIPTION	用水晶与黄金制成的瓶子，可以用来装哀恸喷泉之中的圣水	Vessel made of crystal and gold capable of holding the hallowed bile that emanates from the mourning fountains.	Recipiente de cristal y oro capaz de contener bilis santificada emanada de las fuentes del luto.
QuestItem/QI49_LORE	「快起来，告诉我们你看到了什么，」书记员目不转睛地盯着纸稿说道。「我奉命来挖尸体，有个忏悔者差不多一年前给埋了，」掘墓人答道。「他在阿尔贝罗可是人人敬爱，许多教区居民都凑到他坟墓跟前去。但是当我把他挖出来时，他的石棺裂缝里涌出了鲜血，红得就像红酒一样。在场的人跑过去掀开棺盖，用肩扛着他，任凭鲜血涌出。其他人跑回家中，找水桶和水瓶，去接那不断涌出的鲜血」	"""Get up and tell us what you witnessed,"" said the Scribe without averting his gaze from the paper. ""I received an order for the exhumation of a penitent who had been buried about a year ago,"" answered the gravedigger. ""He was well loved in Albero, and many parishioners approached his grave. But when I dug him up, we saw blood coming from a crack in his sarcophagus, blood red as wine. Those who were there rushed to open the lid of the coffin, and carried him on their shoulders, watching as blood gushed out from its side. Others ran to their houses, searching for buckets and bottles to keep all that blood that wouldn't stop flowing out."""	"""Levántese y cuéntenos de lo que fue testigo."" Dijo el Escribano mientras seguía con su mirada clavada en el papel. ""Recibí órdenes de la exhumación de un penitente el cual había sido enterrado hacía aproximadamente un año."" Respondió el enterrador. ""Era muy estimado en Albero y muchos parroquianos se acercaron. Pues cuando lo desenterré vimos que de una grieta de su sarcófago salía sangre, tan roja como el vino. Los que allí estaban corrieron a abrir la tapa del sarcófago y lo levantaron a hombros viendo como de su costado salía sangre a borbotones. Otros corrieron a sus casas a buscar cazos y botellas donde guardar toda esa sangre que no paraba de salir."""
QuestItem/QI50_CAPTION	空圣水瓶	Empty Bile Vessel	Matraz Biliar Vacío
QuestItem/QI50_DESCRIPTION	用水晶与黄金制成的瓶子，可以用来装哀恸喷泉之中的圣水	Vessel made of crystal and gold capable of holding the hallowed bile that emanates from the mourning fountains.	Recipiente de cristal y oro capaz de contener bilis santificada emanada de las fuentes del luto.
QuestItem/QI50_LORE	「快起来，告诉我们你看到了什么，」书记员目不转睛地盯着纸稿说道。「我奉命来挖尸体，有个忏悔者差不多一年前给埋了，」掘墓人答道。「他在阿尔贝罗可是人人敬爱，许多教区居民都凑到他坟墓跟前去。但是当我把他挖出来时，他的石棺裂缝里涌出了鲜血，红得就像红酒一样。在场的人跑过去掀开棺盖，用肩扛着他，任凭鲜血涌出。其他人跑回家中，找水桶和水瓶，去接那不断涌出的鲜血」	"""Get up and tell us what you witnessed,"" said the Scribe without averting his gaze from the paper. ""I received an order for the exhumation of a penitent who had been buried about a year ago,"" answered the gravedigger. ""He was well loved in Albero, and many parishioners approached his grave. But when I dug him up, we saw blood coming from a crack in his sarcophagus, blood red as wine. Those who were there rushed to open the lid of the coffin, and carried him on their shoulders, watching as blood gushed out from its side. Others ran to their houses, searching for buckets and bottles to keep all that blood that wouldn't stop flowing out."""	"""Levántese y cuéntenos de lo que fue testigo."" Dijo el Escribano mientras seguía con su mirada clavada en el papel. ""Recibí órdenes de la exhumación de un penitente el cual había sido enterrado hacía aproximadamente un año."" Respondió el enterrador. ""Era muy estimado en Albero y muchos parroquianos se acercaron. Pues cuando lo desenterré vimos que de una grieta de su sarcófago salía sangre, tan roja como el vino. Los que allí estaban corrieron a abrir la tapa del sarcófago y lo levantaron a hombros viendo como de su costado salía sangre a borbotones. Otros corrieron a sus casas a buscar cazos y botellas donde guardar toda esa sangre que no paraba de salir."""
QuestItem/QI51_CAPTION	空圣水瓶	Empty Bile Vessel	Matraz Biliar Vacío
QuestItem/QI51_DESCRIPTION	用水晶与黄金制成的瓶子，可以用来装哀恸喷泉之中的圣水	Vessel made of crystal and gold capable of holding the hallowed bile that emanates from the mourning fountains.	Recipiente de cristal y oro capaz de contener bilis santificada emanada de las fuentes del luto.
QuestItem/QI51_LORE	「快起来，告诉我们你看到了什么，」书记员目不转睛地盯着纸稿说道。「我奉命来挖尸体，有个忏悔者差不多一年前给埋了，」掘墓人答道。「他在阿尔贝罗可是人人敬爱，许多教区居民都凑到他坟墓跟前去。但是当我把他挖出来时，他的石棺裂缝里涌出了鲜血，红得就像红酒一样。在场的人跑过去掀开棺盖，用肩扛着他，任凭鲜血涌出。其他人跑回家中，找水桶和水瓶，去接那不断涌出的鲜血」	"""Get up and tell us what you witnessed,"" said the Scribe without averting his gaze from the paper. ""I received an order for the exhumation of a penitent who had been buried about a year ago,"" answered the gravedigger. ""He was well loved in Albero, and many parishioners approached his grave. But when I dug him up, we saw blood coming from a crack in his sarcophagus, blood red as wine. Those who were there rushed to open the lid of the coffin, and carried him on their shoulders, watching as blood gushed out from its side. Others ran to their houses, searching for buckets and bottles to keep all that blood that wouldn't stop flowing out."""	"""Levántese y cuéntenos de lo que fue testigo."" Dijo el Escribano mientras seguía con su mirada clavada en el papel. ""Recibí órdenes de la exhumación de un penitente el cual había sido enterrado hacía aproximadamente un año."" Respondió el enterrador. ""Era muy estimado en Albero y muchos parroquianos se acercaron. Pues cuando lo desenterré vimos que de una grieta de su sarcófago salía sangre, tan roja como el vino. Los que allí estaban corrieron a abrir la tapa del sarcófago y lo levantaron a hombros viendo como de su costado salía sangre a borbotones. Otros corrieron a sus casas a buscar cazos y botellas donde guardar toda esa sangre que no paraba de salir."""
QuestItem/QI52_CAPTION	念珠绳结	Knot of Rosary Rope	Nudo de Cordón de Rosario
QuestItem/QI52_DESCRIPTION	古代修士身亡后，他们的法衣做成了绳结	Rope knot made from the threads of habits of monks deceased in ancient times.	Nudo de cordón hecho con hilos de hábitos de monjes difuntos en épocas antiguas.
QuestItem/QI52_LORE	她的名字是恩歌拉夏，她能做出全古斯托迪亚最华美的念珠串。教区著名的祭司与主教们常常光顾她的工坊，甚至神书圣座埃斯科利巴本人都从她那里订货。恩歌拉夏的手艺十分精湛，做的念珠串可谓精美绝伦，完美无瑕。坊间传言，只有她做的念珠才会得到神灵的赐福，用她的念珠吟诵祷文神灵才会听到，除此之外，用其余的念珠皆是罪过。因此，神母教会禁止人们使用其他念珠，之后其他所谓的违法念珠都被查抄焚毁。持有违法念珠的人会遭受惩罚，甚至会被判为异教徒。后来恩歌拉夏不在人世了，我们真不知道之后念珠会是什么情况	Engracia was her name. Her rosaries were the prettiest of all Cvstodia. The most prestigious priests and bishops frequented her workshop, and even our very Holiness Escribar commissioned her. Such was her mastery that a rosary crafted by old Engracia was unparalleled in beauty, delicacy and perfection. Word spread that a rosary that was not made by her would not receive divine blessing, and prayers would not be heard, and besides, that would be a sin. This caused all the others to become banned by the Holy Mother Church, and those so-called false rosaries were sought, and burned. Someone who kept a deceitful rosary would be severely punished, sometimes even accused of heresy. Then we all began to wonder what would become of the rosaries when Engracia was no longer with us.	Engracia era su nombre. Sus rosarios eran los más bellos de toda Cvstodia. A su taller iban los más prestigiosos sacerdotes, obispos e incluso le llegaron encargos su mismísima Santidad Escribar. Tal era su maestría que un rosario obrado por la anciana Engracia no tenía pizca de comparación en belleza, primor y perfección. Se llegó a creer que un rosario que no fuese creado por ella no tendría el beneplácito divino y los rezos realizados no serían escuchados, además que aquello sería pecado. Esto provocó que llegaran incluso a prohibirse por la Madre Iglesia haciendo que todos esos llamados falsos rosarios fueran buscados y quemados. Alguien que conservara un rosario falso sería duramente castigado, incluso a veces acusado de herejía. Entonces todos nos preguntamos qué sería de los rosarios cuando Engracia ya no estuviera con nosotros.
QuestItem/QI53_CAPTION	念珠绳结	Knot of Rosary Rope	Nudo de Cordón de Rosario
QuestItem/QI53_DESCRIPTION	古代修士身亡后，他们的法衣做成了绳结	Rope knot made from the threads of habits of monks deceased in ancient times.	Nudo de cordón hecho con hilos de hábitos de monjes difuntos en épocas antiguas.
QuestItem/QI53_LORE	她的名字是恩歌拉夏，她能做出全古斯托迪亚最华美的念珠串。教区著名的祭司与主教们常常光顾她的工坊，甚至神书圣座埃斯科利巴本人都从她那里订货。恩歌拉夏的手艺十分精湛，做的念珠串可谓精美绝伦，完美无瑕。坊间传言，只有她做的念珠才会得到神灵的赐福，用她的念珠吟诵祷文神灵才会听到，除此之外，用其余的念珠皆是罪过。因此，神母教会禁止人们使用其他念珠，之后其他所谓的违法念珠都被查抄焚毁。持有违法念珠的人会遭受惩罚，甚至会被判为异教徒。后来恩歌拉夏不在人世了，我们真不知道之后念珠会是什么情况	Engracia was her name. Her rosaries were the prettiest of all Cvstodia. The most prestigious priests and bishops frequented her workshop, and even our very Holiness Escribar commissioned her. Such was her mastery that a rosary crafted by old Engracia was unparalleled in beauty, delicacy and perfection. Word spread that a rosary that was not made by her would not receive divine blessing, and prayers would not be heard, and besides, that would be a sin. This caused all the others to become banned by the Holy Mother Church, and those so-called false rosaries were sought, and burned. Someone who kept a deceitful rosary would be severely punished, sometimes even accused of heresy. Then we all began to wonder what would become of the rosaries when Engracia was no longer with us.	Engracia era su nombre. Sus rosarios eran los más bellos de toda Cvstodia. A su taller iban los más prestigiosos sacerdotes, obispos e incluso le llegaron encargos su mismísima Santidad Escribar. Tal era su maestría que un rosario obrado por la anciana Engracia no tenía pizca de comparación en belleza, primor y perfección. Se llegó a creer que un rosario que no fuese creado por ella no tendría el beneplácito divino y los rezos realizados no serían escuchados, además que aquello sería pecado. Esto provocó que llegaran incluso a prohibirse por la Madre Iglesia haciendo que todos esos llamados falsos rosarios fueran buscados y quemados. Alguien que conservara un rosario falso sería duramente castigado, incluso a veces acusado de herejía. Entonces todos nos preguntamos qué sería de los rosarios cuando Engracia ya no estuviera con nosotros.
QuestItem/QI54_CAPTION	念珠绳结	Knot of Rosary Rope	Nudo de Cordón de Rosario
QuestItem/QI54_DESCRIPTION	古代修士身亡后，他们的法衣做成了绳结	Rope knot made from the threads of habits of monks deceased in ancient times.	Nudo de cordón hecho con hilos de hábitos de monjes difuntos en épocas antiguas.
QuestItem/QI54_LORE	她的名字是恩歌拉夏，她能做出全古斯托迪亚最华美的念珠串。教区著名的祭司与主教们常常光顾她的工坊，甚至神书圣座埃斯科利巴本人都从她那里订货。恩歌拉夏的手艺十分精湛，做的念珠串可谓精美绝伦，完美无瑕。坊间传言，只有她做的念珠才会得到神灵的赐福，用她的念珠吟诵祷文神灵才会听到，除此之外，用其余的念珠皆是罪过。因此，神母教会禁止人们使用其他念珠，之后其他所谓的违法念珠都被查抄焚毁。持有违法念珠的人会遭受惩罚，甚至会被判为异教徒。后来恩歌拉夏不在人世了，我们真不知道之后念珠会是什么情况	Engracia was her name. Her rosaries were the prettiest of all Cvstodia. The most prestigious priests and bishops frequented her workshop, and even our very Holiness Escribar commissioned her. Such was her mastery that a rosary crafted by old Engracia was unparalleled in beauty, delicacy and perfection. Word spread that a rosary that was not made by her would not receive divine blessing, and prayers would not be heard, and besides, that would be a sin. This caused all the others to become banned by the Holy Mother Church, and those so-called false rosaries were sought, and burned. Someone who kept a deceitful rosary would be severely punished, sometimes even accused of heresy. Then we all began to wonder what would become of the rosaries when Engracia was no longer with us.	Engracia era su nombre. Sus rosarios eran los más bellos de toda Cvstodia. A su taller iban los más prestigiosos sacerdotes, obispos e incluso le llegaron encargos su mismísima Santidad Escribar. Tal era su maestría que un rosario obrado por la anciana Engracia no tenía pizca de comparación en belleza, primor y perfección. Se llegó a creer que un rosario que no fuese creado por ella no tendría el beneplácito divino y los rezos realizados no serían escuchados, además que aquello sería pecado. Esto provocó que llegaran incluso a prohibirse por la Madre Iglesia haciendo que todos esos llamados falsos rosarios fueran buscados y quemados. Alguien que conservara un rosario falso sería duramente castigado, incluso a veces acusado de herejía. Entonces todos nos preguntamos qué sería de los rosarios cuando Engracia ya no estuviera con nosotros.
QuestItem/QI55_CAPTION	念珠绳结	Knot of Rosary Rope	Nudo de Cordón de Rosario
QuestItem/QI55_DESCRIPTION	古代修士身亡后，他们的法衣做成了绳结	Rope knot made from the threads of habits of monks deceased in ancient times.	Nudo de cordón hecho con hilos de hábitos de monjes difuntos en épocas antiguas.
QuestItem/QI55_LORE	她的名字是恩歌拉夏，她能做出全古斯托迪亚最华美的念珠串。教区著名的祭司与主教们常常光顾她的工坊，甚至神书圣座埃斯科利巴本人都从她那里订货。恩歌拉夏的手艺十分精湛，做的念珠串可谓精美绝伦，完美无瑕。坊间传言，只有她做的念珠才会得到神灵的赐福，用她的念珠吟诵祷文神灵才会听到，除此之外，用其余的念珠皆是罪过。因此，神母教会禁止人们使用其他念珠，之后其他所谓的违法念珠都被查抄焚毁。持有违法念珠的人会遭受惩罚，甚至会被判为异教徒。后来恩歌拉夏不在人世了，我们真不知道之后念珠会是什么情况	Engracia was her name. Her rosaries were the prettiest of all Cvstodia. The most prestigious priests and bishops frequented her workshop, and even our very Holiness Escribar commissioned her. Such was her mastery that a rosary crafted by old Engracia was unparalleled in beauty, delicacy and perfection. Word spread that a rosary that was not made by her would not receive divine blessing, and prayers would not be heard, and besides, that would be a sin. This caused all the others to become banned by the Holy Mother Church, and those so-called false rosaries were sought, and burned. Someone who kept a deceitful rosary would be severely punished, sometimes even accused of heresy. Then we all began to wonder what would become of the rosaries when Engracia was no longer with us.	Engracia era su nombre. Sus rosarios eran los más bellos de toda Cvstodia. A su taller iban los más prestigiosos sacerdotes, obispos e incluso le llegaron encargos su mismísima Santidad Escribar. Tal era su maestría que un rosario obrado por la anciana Engracia no tenía pizca de comparación en belleza, primor y perfección. Se llegó a creer que un rosario que no fuese creado por ella no tendría el beneplácito divino y los rezos realizados no serían escuchados, además que aquello sería pecado. Esto provocó que llegaran incluso a prohibirse por la Madre Iglesia haciendo que todos esos llamados falsos rosarios fueran buscados y quemados. Alguien que conservara un rosario falso sería duramente castigado, incluso a veces acusado de herejía. Entonces todos nos preguntamos qué sería de los rosarios cuando Engracia ya no estuviera con nosotros.
QuestItem/QI56_CAPTION	念珠绳结	Knot of Rosary Rope	Nudo de Cordón de Rosario
QuestItem/QI56_DESCRIPTION	古代修士身亡后，他们的法衣做成了绳结	Rope knot made from the threads of habits of monks deceased in ancient times.	Nudo de cordón hecho con hilos de hábitos de monjes difuntos en épocas antiguas.
QuestItem/QI56_LORE	她的名字是恩歌拉夏，她能做出全古斯托迪亚最华美的念珠串。教区著名的祭司与主教们常常光顾她的工坊，甚至神书圣座埃斯科利巴本人都从她那里订货。恩歌拉夏的手艺十分精湛，做的念珠串可谓精美绝伦，完美无瑕。坊间传言，只有她做的念珠才会得到神灵的赐福，用她的念珠吟诵祷文神灵才会听到，除此之外，用其余的念珠皆是罪过。因此，神母教会禁止人们使用其他念珠，之后其他所谓的违法念珠都被查抄焚毁。持有违法念珠的人会遭受惩罚，甚至会被判为异教徒。后来恩歌拉夏不在人世了，我们真不知道之后念珠会是什么情况	Engracia was her name. Her rosaries were the prettiest of all Cvstodia. The most prestigious priests and bishops frequented her workshop, and even our very Holiness Escribar commissioned her. Such was her mastery that a rosary crafted by old Engracia was unparalleled in beauty, delicacy and perfection. Word spread that a rosary that was not made by her would not receive divine blessing, and prayers would not be heard, and besides, that would be a sin. This caused all the others to become banned by the Holy Mother Church, and those so-called false rosaries were sought, and burned. Someone who kept a deceitful rosary would be severely punished, sometimes even accused of heresy. Then we all began to wonder what would become of the rosaries when Engracia was no longer with us.	Engracia era su nombre. Sus rosarios eran los más bellos de toda Cvstodia. A su taller iban los más prestigiosos sacerdotes, obispos e incluso le llegaron encargos su mismísima Santidad Escribar. Tal era su maestría que un rosario obrado por la anciana Engracia no tenía pizca de comparación en belleza, primor y perfección. Se llegó a creer que un rosario que no fuese creado por ella no tendría el beneplácito divino y los rezos realizados no serían escuchados, además que aquello sería pecado. Esto provocó que llegaran incluso a prohibirse por la Madre Iglesia haciendo que todos esos llamados falsos rosarios fueran buscados y quemados. Alguien que conservara un rosario falso sería duramente castigado, incluso a veces acusado de herejía. Entonces todos nos preguntamos qué sería de los rosarios cuando Engracia ya no estuviera con nosotros.
QuestItem/QI57_CAPTION	烈油金管	Golden Thimble Filled with Burning Oil	Dedal de Oro Lleno de Aceite Ardiente
QuestItem/QI57_DESCRIPTION	饰有黄金的管子，上面刻着一行字：「救赎之油非冷金无以承载」	"Thimble adorned with gold carrying an inscription that reads ""Only cold gold can carry the Redeeming Oil."""	"Dedal ornamentado de oro con una inscripción que reza ""Sólo el oro frío puede cargar con el Óleo Redentor""."
QuestItem/QI57_LORE	第一：村里有个妙龄女子名叫奥莉娅，此人面容俊俏，虔心诚挚，如同孩童一般，雕刻家们一般都找她来当模特进行雕刻。她的面庞十分容易辨认，于是人们逐渐将她当做天神下凡，后来甚至在游行时用她来取代圣像。人们这种做法十分狂热，她受不了被人们当成是神明，于是用热油烧毁了神赐的俊俏面庞，出家去了修道院	No. 1 A young villager named Áurea had such a beautiful and pious face that even as a child, statue sculptors took her as a model for their creations. Her face became so recognisable that, little by little, people took her as the living, breathing image of divinity, until it reached a point where they ended up taking her out on procession, and even replacing their own images. Such was the fervour around her that she could not bear to be mistaken with the divinity, and burned her face with boiling oil to gift her pious beauty to God, and took up the habits of a convent.	#1 Una joven aldeana llamada Áurea tenía el rostro tan bello y piadoso que desde niña los escultores de figuras la tomaban como modelo para la creación de sus obras. Su cara llegó a ser tan reconocible que poco a poco la gente la tomaba como la viva imagen de su divinidad, llegando a tal punto que incluso la terminaron por sacar a ella misma en procesión y hasta sustituyendo a las propias imágenes. El fervor era tal que ella no pudo soportar que la gente la llegara a suplantar por la divinidad y se quemó el rostro con aceite hirviendo para entregar su belleza piadosa a Dios y tomó los hábitos en un convento.
QuestItem/QI58_CAPTION	长兄会密室钥匙	Key to the Chamber of the Eldest Brother	Llave de la Cámara del Hermano Mayor
QuestItem/QI58_DESCRIPTION	由兄弟会中的长兄会看管的密钥，但最终还是丢失了，这间密室永远没法打开了	A forbidden key that was guarded by the Eldest Brother of the Brotherhood, but was eventually lost, thus forever sealing the chamber it opened.	La llave prohibida que fue custodiada por el Hermano Mayor de la Cofradía pero que acabó perdida sellando la cámara que guardaba desde entonces.
QuestItem/QI58_LORE	…我听到了他的恸哭。他本来不能说话，但是看到了元初奇迹之后就能发声了。他身受折磨，一心寻求接受制裁，于是惩罚从天而降。我听到了他的恸哭。即便是圣父不再与我们同在，即便圣地之中只有他的大小画像。我听到了他的恸哭。是奇迹让我得以听闻，听闻长兄会与圣会卫士的制裁，而圣父的沉默便是他们所要保守的秘密。我听到了他的恸哭，却不想再度听闻。我会用你的恸哭来掩盖他的恸哭，这便是我的忏悔…	... I hear his lament. The one who was believed mute from the beginning, since there were witnesses to the First Miracle. The afflicted one who asked for punishment, and had it granted to him. I hear his lament. Even if the Father is no longer with us, even if only his images, large and small, remain in all the sacred places. I hear his lament. It is the Miracle that makes me hear it, this is my punishment as the Eldest Brother and guardian of this congregation whose mystery is the silence of the Father. I hear his lament, and I don't want to hear it anymore. I will have yours cover His. That is my penance.....	... Oigo su lamento. El que se había creído mudo desde el principio, desde que hubo testigos del Primer Milagro. El afligido que pidió castigo y le fue concedido. Oigo su lamento. Aunque el Padre ya no esté con nosotros, aunque solo queden ya sus imágenes, grandes y pequeñas, en todos los lugares sagrados. Oigo su lamento. Es el Milagro que me hace oirlo, este mi castigo del Hermano Mayor y guardián de esta congregación cuyo misterio es el silencio del Padre. Oigo su lamento y no quiero oírlo más. Haré que los vuestros tapen el Suyo. Esa es mi penitencia...
QuestItem/QI59_CAPTION	中空金管	Empty Golden Thimble	Dedal de Oro Vacío
QuestItem/QI59_DESCRIPTION	饰有黄金的管子，上面刻着一行字：「救赎之油非冷金无以承载」	"Thimble adorned with gold carrying an inscription that reads ""Only cold gold can carry the Redeeming Oil."""	"Dedal ornamentado de oro con una inscripción que reza ""Sólo el oro frío puede cargar con el Óleo Redentor""."
QuestItem/QI59_LORE	第一：村里有个妙龄女子名叫奥莉娅，此人面容俊俏，虔心诚挚，如同孩童一般，雕刻家们一般都找她来当模特进行雕刻。她的面庞十分容易辨认，于是人们逐渐将她当做天神下凡，后来甚至在游行时用她来取代圣像。人们这种做法十分狂热，她受不了被人们当成是神明，于是用热油烧毁了神赐的俊俏面庞，出家去了修道院	No. 1 A young villager named Áurea had such a beautiful and pious face that even as a child, statue sculptors took her as a model for their creations. Her face became so recognisable that, little by little, people took her as the living, breathing image of divinity, until it reached a point where they ended up taking her out on procession, and even replacing their own images. Such was the fervour around her that she could not bear to be mistaken with the divinity, and burned her face with boiling oil to gift her pious beauty to God, and took up the habits of a convent.	1# Una joven aldeana llamada Áurea tenía el rostro tan bello y piadoso que desde niña los escultores de figuras la tomaban como modelo para la creación de sus obras. Su cara llegó a ser tan reconocible que poco a poco la gente la tomaba como la viva imagen de su divinidad, llegando a tal punto que incluso la terminaron por sacar a ella misma en procesión y hasta sustituyendo a las propias imágenes. El fervor era tal que ella no pudo soportar que la gente la llegara a suplantar por la divinidad y se quemó el rostro con aceite hirviendo para entregar su belleza piadosa a Dios y tomó los hábitos en un convento.
QuestItem/QI60_CAPTION	俄瑞斯忒斯的残损面罩	Deformed Mask of Orestes	Máscara Deformada de Orestes
QuestItem/QI60_DESCRIPTION	梦幻世界中一位死去的副主教手中所持的圣物	Artefact found in the hands of a dead archdeacon in a dreamed world.	Artefacto encontrado en manos de un archidiácono muerto en un mundo soñado.
QuestItem/QI60_LORE	『俄瑞斯忒斯忏悔录』@@我的力量正在衰弱。我恐怕力不从心，要辜负煌极天尊交付与我的神圣使命了。其他人都不明白：如果答案如此轻而易得，我就不必以身犯险，置身于此地了。我的生命有限，不足以解开这梦幻王国的奥秘。我将满怀对这片土地的无知与骄傲步入坟墓。@@当我得知这块面罩将伴我左右时，我真是无比欣慰。我真是百无一用，白白研究了这么久，这回可好，这面罩可以免于我这样的俗人的亵渎了	Confession of Orestes@@My forces are decreasing. I fear that the sacred mission that your Most Illustrious has entrusted to me is beyond our abilities. The others are mistaken if the answer were so easily found, I would not have ventured into this place, crossing the boundaries of the flesh. My time, limited as it already was, has not been enough to unravel the unfathomable mysteries of this dream kingdom. This land that my ignorance and pride have turned into my grave.@@I find consolation in knowing that the mask will remain with me, thus eluding ungodly hands in the same way that the answers I sought have managed to elude my useless scrutiny.	Confesión de Orestes@@Mis fuerzas se consumen. Temo que la sagrada misión que su Ilustrísima tuvo a bien encomendarme se encuentre por encima de nuestras facultades. Los demás están equivocados si la respuesta fuera tan sencilla de encontrar, no me habría aventurado en este lugar, traspasando las fronteras de la carne. Mi tiempo, limitado como era ya, no ha sido suficiente para desentrañar los insondables misterios de este reino de ensueño. Esta tierra que mi ignorancia y orgullo han tornado en mi tumba.@@Me llevo conmigo el consuelo de que la máscara se quedará conmigo, eludiendo así manos impías de igual forma que las respuestas que buscaba han sabido eludir mi inútil escrutinio.
QuestItem/QI61_CAPTION	多佛斯的光亮面罩	Mirrored Mask of Dolphos	Máscara Espejada de Dolfos
QuestItem/QI61_DESCRIPTION	雪地孤塔中一位死去的副主教手中所持的圣物	Artefact found in the hands of a dead archdeacon in tower isolated amidst snow.	Artefacto encontrado en manos de un archidiácono muerto en una torre apartada entre las nieves.
QuestItem/QI61_LORE	"『多佛斯忏悔录·第一』@@他们不明白，神恩并不在故纸堆和黑暗的梦境之中。只有纯洁之中才有神恩，日常所见所触皆可成为神恩。我必须从光洁之中体悟真美，从曲面之中还原真相。我必须体会金匠的手艺，是奇迹操控他们的双手，按照奇迹的尊荣制造出此等精品。而在冰冷的房间中，它们终将与我再无瓜葛 "	"Confessions from Dolphos. Part 1@@They don't understand. They will not find Grace amid old books and dark dreams. Grace is in purity itself, in what we can see and touch. I must study the beauty of the shining, and the curves that reflect the transformed truth. I must study the art of the goldsmiths as the miracle controls their hands, creating ornaments in Its image and likeness. Here in these icy rooms, they will finally leave me alone. "	Confesiones de Dolfos. Parte 1@@No lo entienden. La Gracia no la encontrarán entre viejos libros y oscuros sueños. La Gracia está en la pureza misma en lo que podemos ver y tocar. Debo estudiar la belleza del brillo, y las curvas que reflejan la verdad transformada. Debo estudiar el arte de los orfebres pues el milagro controla sus manos creando ornamentos a su imagen y semejanza. Aquí en estos aposentos helados me dejarán solo.
QuestItem/QI62_CAPTION	克来辛忒的雕纹面罩	Embossed Mask of Crescente	Máscara Repujada de Crescente
QuestItem/QI62_DESCRIPTION	尘封的图书馆中一位死去的副主教手中所持的圣物	Artefact found in the hands of a dead archdeacon in a dusty library.	Artefacto encontrado en manos de un archidiácono muerto en una polvorienta biblioteca.
QuestItem/QI62_LORE	克来辛忒忏悔录』@@@@我曾视其为父亲，但无奈记忆已被时间夺去。他与村民同流合污，盲目迷信地在神母圣坛寻找不可能存在的东西。多佛斯背弃了煌极天尊，与一众仆从躲到了寒冷山峰上，他自称是在反省，实际上是在掩饰自己的懒惰与不诚。如今能在圣厅有一席之地的只有我一人。虽然书架上的禁书浩如烟海，但我誓要读遍这些宗卷。	Confessions from Crescente@@The ravages of time had taken their toll on the mind of the one I once respected like a father. He has allowed himself to be carried away by the superstition and fallacies of the village, searching for the impossible with his clouded eyes among the altars of the Mother. And Dolphos betrays the trust of his Most Illustrious, taking refuge in the cold peaks with his host of servants, wearing his introspection as an excuse to hide his laziness and lack of faith. Only I, the only one capable of ascending to the marble halls with an adequate response, remain. The forbidden volumes of these endless shelves will not resist the zeal of my searching much longer.	Confesiones de Crescente@@Los estragos de la edad han hecho mella en la mente de aquél al que una vez respeté como a un padre. Se ha dejado llevar por la superchería y la superstición del pueblo, buscando imposibles con sus nublados ojos entre los altares de la Madre. Y Dolfos traiciona la confianza de su Ilustrísima, refugiándose en las frías alturas con una hueste de sirvientes, vistiendo su excusa de la introspección para ocultar su pereza y falta de fe. Solo quedo yo, el único capaz de ascender a los salones de mármol con una respuesta adecuada. Los tomos prohibidos de estas interminables estanterías no resistirán el celo de mi búsqueda por mucho más tiempo.
QuestItem/QI63_CAPTION	干燥丁香	Dried Clove	Clavos Secos
QuestItem/QI63_DESCRIPTION	遥远异域来的稀有香料。此地的石路上不见贸易车队已经有许多时日了，这些东西可谓愈发珍贵。从前的时候这些东西可以做成膏药或药油，可以说具有极高的价值	Rare and fragrant spice, coming from distant lands. Trading caravans stopped traversing these stony roads long ago, making this item a rare discovery. In the past it was highly prized for its strength in poultices and balms.	Rara y fragante especia, venida de tierras lejanas. Las caravanas comerciantes hace tiempo dejaron de surcar los pedregosos caminos, haciendo de éste objeto un verdadero hallazgo. Antiguamente se valoraba por su potencia en cataplasmas y bálsamos.
QuestItem/QI63_LORE	如今传言已变成现实：疾病已在阿尔贝罗悄然蔓延开来。一天有一个年轻人满怀忧虑地来到我们的教会，想知道自己究竟犯了什么错，要接受如此严重的责罚，自此之后，奇迹之罚便降临阿尔贝罗	It was not just hearsay anymore the illness had reached Albero without warning. The outbreak and punishment of the Miracle, so often discussed, came through a young man who arrived to our small congregation full of fear, wondering what his unforgivable sin had been to receive such a condemnation.	Ya no eran simples habladurías. La afección había llegado a Albero sin advertirlo. El brote y castigo del Milagro del que se hablaba se hizo presente en un joven que llegó a nuestra pequeña congregación asustado, preguntándose cuál era su imperdonable pecado para recibir semejante condena.
QuestItem/QI64_CAPTION	熏黑蒜头	Sooty Garlic	Ajo Tiznado
QuestItem/QI64_DESCRIPTION	覆满黑灰的蒜头。这种蒜头是焦土之上生长的第一茬果实，找到这种蒜头预示着能走大运。拿它当作药物来使用时可以缓解各种疼痛，但是很少有人敢于尝试	Dark bulb, covered in black dust. Its finding is an omen of good luck, since it only grows as the first fruit on burned grounds. It is said to soothe many aches when used in a tisane, although few dare to try it.	Bulbo oscuro, envuelto en polvo negruzco. Su hallazgo es signo de buenaventura, pues nace solo como primer fruto en tierra quemada. Se dice que en una tisana aplaca muchos dolores, aunque pocos tienen el valor de probarla.
QuestItem/QI64_LORE	「当奇迹未明确下旨，而庸医俗人对此置若罔闻之时，我们又能怎么办呢？向奇迹祈祷以求原谅？若想祷文上达天听，我们又要作出怎样的牺牲呢？那个年轻人得到了奇迹的怜悯，与他一道之人也都得到了奇迹的怜悯」	"""And what could we do, a crowd of plain and profane healers, blind to the vague wills of the Miracle? Pray, begging for its forgiveness? What would our sacrifice have to be for our prayers to be heard? At the mercy of the Miracle was that young man, and at the mercy of the Miracle were left the rest of us with him"""	"""¿Qué podríamos hacer nosotros, un grupo de simples y profanos curanderos, ignorantes de las difusas voluntades del Milagro? ¿Rezar suplicando por su perdón? ¿Cuál tendría que ser nuestro sacrificio para que nuestros ruegos fueran escuchados? A merced del Milagro estaba aquel joven, y a merced del Milagro quedabamos los demás con él."""
QuestItem/QI65_CAPTION	百里香束	Bouquet of Thyme	Ramillete de Tomillo
QuestItem/QI65_DESCRIPTION	一束香草，从前在青铜界域的崖壁上到处都是。如今这种香草十分稀缺，变得弥足珍贵，对于那些看到它们医药效果的人来说，这种植物尤为珍贵	Bunch of aromatic herbs, common in the past amidst the cliffs of the Bronze Borders. Today, however, their scarcity makes them increasingly valuable, especially for those who discern their healing abilities.	Manojo de yerbas aromáticas, en el pasado comunes entre los riscos de las Fronteras de Bronce. Hoy, sin embargo, su escasez las hace cada vez más preciadas, sobretodo por aquellos que disciernen sus capacidades curativas.@
QuestItem/QI65_LORE	不久，人们就都赶了过来，他们都患了未知的疑难杂症。一家老小无论老人、年轻人还是婴儿，都赶了过来。圣会的兄弟们应对不过来，我们的护理也起不到什么作用，使用油膏和念诵祷文作用也微乎其微。我们已经迷失了，迷失在黑暗与未知当中	It wasn't long before more and more people came to us, affected by that terrible and unknown suffering. Whole families, the old, the young and even the new-born. We brothers of the congregation were unable to cope, and our care was not working, nor were our ointments, nor our constant prayers. We are lost, submerged in the darkness of uncertainty.	No pasó mucho tiempo cuando vinieron a nosotros más y más afectados por aquel terrible y desconocido padecimiento. Familias enteras, mayores, jovenes y hasta recien nacidos. Los hermanos de la congregación no dabamos abasto, no servían nuestros cuidados, ungüentos, ni nuestros constantes rezos. Estamos perdidos, sumidos en la oscuridad de lo incierto.
QuestItem/QI66_CAPTION	亚麻布	Linen Cloth	Paño de Lino
QuestItem/QI66_DESCRIPTION	@一块没用的布，有时似乎会轻轻震动，发出奇妙的声响。苦难有时会在这种平凡的物件上留下印记，这让人难以透过它腐朽的外表发现其被掩盖住的神奇	A useless rag that seems to slightly vibrate at times, emitting an unintelligible buzz. The Affliction sometimes leaves its mark on mundane-looking objects, unable to reveal the miracle under its mantle of corruption.	Harapo inservible que parece vibrar levemente en ciertas ocasiones, emitiendo un zumbido ininteligible. La Aflicción deja su marca a veces en objetos de apariencia mundana, incapaces de revelar el milagro bajo su manto de corrupción.
QuestItem/QI66_LORE	「他诚挚至极，几乎没有注意到有人坐在了他的身旁。有人轻轻地将一块白布敷在他的额前，这块布轻柔至极，像纸一样通透，他虔诚狂热，额头上的汗水也被白布吸走，这使他倍感安逸，不禁合眼而眠。白布被浸湿后，修女将其呈予神母，说道：『这就算是他的忏悔了』」	"Febrile as he was, he hardly noticed that someone had sat down next to him. A gentle hand patted a white cloth on his forehead; it was a fabric of the utmost softness, which allowed light through it as if it were a sheet of paper, and was soaking his feverish sweats and providing such relief that he could not help but fall asleep. When the cloth was soaked, the nun got up and handed it to the Mother Superior, adding ""With this, we will be able to have his confession."""	"Febril como estaba, apenas sintió que alguien se había sentado junto él. Una dulce mano pasaba un paño blanco por su frente, un tejido de una extrema suavidad que dejaba pasar la luz a través como si de un fino papel se tratara, secándole el sudor de las fiebres y aliviándose de manera que no pudo evitar quedarse dormido. Cuando el paño estuvo empapado de sudor, la monja se levantó y se le entregó a la Madre Superiora, diciéndole ""Con esto podremos confesarle."""
QuestItem/QI67_CAPTION	断手	Severed Hand	Mano Cortada
QuestItem/QI67_DESCRIPTION	一只断掉的手，紧握着一个破损的铃铛，有时会略微抽搐。苦难有时会在这种平凡的物件上留下印记，这让人难以透过它腐朽的外表发现其被掩盖住的神奇	A severed hand that tightly grasps a broken bell, sometimes afflicted by slight spasms. The Affliction sometimes leaves its mark on mundane-looking objects, unable to reveal the miracle under its mantle of corruption.	Mano cercenada que sujeta con fuerza una campana quebrada, agitada en ocasiones por ligeros espasmos. La Aflicción deja su marca a veces en objetos de apariencia mundana, incapaces de revelar el milagro bajo su manto de corrupción.
QuestItem/QI67_LORE	「…他们听到天崩地裂的声音时，便意识到情况不妙。于是他们深入洞中寻找圣主，在洞中，大团的尘雾让他们看不清前路，虽然他们呼喊圣主的尊名，但并没有得到回应。时间一天天过去了，尘雾也随之散去，他们得以目睹大地的崩坏，但是当他们无助地哭泣时，突然听到了远出传来了一阵声响。那是落在岩石间的铃声。他们跟着声音走，直到找到了圣主破碎而腐烂的尸体。然而，他的手却神秘地完好无损，手指上还绑着一个小铃铛。」	"""... As soon as the atrocious earth tremor was heard, they knew something dreadful had happened. They searched for their master in the deepest parts of the cave, where they were met with a gigantic dust cloud that extended far beyond their eyes, and even though they called the name of their master, there were no answers. Days went by until the cloud cleared and they could face the devastating consequences of the landslide, feeling hopeless, but suddenly, amidst their tears, they heard a faraway sound..."""	"""... Cuando se oyó el espantoso temblor de tierra supieron que algo grave había pasado. Bajaron en busca de su maestro a la parte inferior de la caverna cuando encontraron una gran nube de polvo que se extendía más y más y les impedía el paso y aunque gritaron el nombre del maestro, no hubo respuesta. Pasaron días hasta que la nube se despejó y pudieron ver los efectos terribles del derrumbe sintiéndose desesperanzados, pero de repente, entre lágrimas, oyeron un sonido lejano, el sonido de un cascabel entre las enormes rocas caídas. Comenzaron a seguir aquel sonido y a levantar rocas hasta que encontraron el cuerpo aplastado y descomponiéndose desde hacía días del maestro, pero no su mano, la cual tenía un pequeño cascabel amarrado en el dedo y permanecía milagrosamente intacta..."""
QuestItem/QI68_CAPTION	泪浴干花	Dried Flowers bathed in Tears	Flores Secas Bañadas en Lágrimas
QuestItem/QI68_DESCRIPTION	橄榄树的花瓣，已经被冰霜冻成了晶体。真正的痛苦之泪使得花瓣得以保持冰冷，不至于完全凋零。它们可以说是绝佳的贡品，但是在献祭给圣墓之前，便已经遗失在了冰雪之中	Olive tree petals, vitrified by frost. Tears of true bitterness prevented the cold from withering them completely. Now they are an offering never made, lost in the snow before it could reach the sepulchre of the saint.	Pétalos de olivo, vitrificados por la escarcha. Las lágrimas de auténtica amargura impidieron que el frío los marchitara del todo. Ahora son ofrenda nunca perpetrada, perdida en la nieve antes de llegar al sepulcro de la santa.@
QuestItem/QI68_LORE	这并不是一段愉快的回忆。恩歌拉夏跟你我一样，都是出生在阿尔贝罗。但她又与我们不一样，因为每天采摘完橄榄后，我们都离去了，而她却独自在山上呆着。有人反映说看见她在哭泣，因此我们觉得她是在橄榄树林中独自悲伤。后来旱灾来袭，许多其他的作物都干死了，而出人意料的是，山上的橄榄树却依然存活，依然果实累累。于是就有人说橄榄树是由女孩的眼泪浇灌的。一天早上，我们发现这个女孩靠在橄榄树下死了，她是否是心悲而亡我们不得而知。我们将她葬在橄榄树林旁的一个小山洞里，她就是在这里天天流泪的。次日，所有的橄榄树全都枯萎了	Well, I remember it with great sorrow. Engracia was one of us, born in Albero like you and me. She was peculiar, however, because every day, after a day gathering olives, she stayed in the mountains while the rest of us left. Some said they had seen her cry, and that's why we thought she stayed among the olive trees, to be alone with her sorrow. Many years of drought razed the land back then, but although the other crops dried up and died, the olive trees on our hill would not they remained the best harvests, to everyone's surprise. This gave rise to the rumour that the olive trees were being watered by the girl's very tears. One morning, we found the girl dead, leaning on one of the olive trees; whether she died of sorrow we will never know. We buried her in a small cave next to the olive trees where she cried. The next day, the olive trees had withered.	Bien, recuerdo aquello con gran tristeza. Engracia era una más de nosotras, nacida en Albero como tú y como yo. Era sin embargo peculiar pues cada día, tras la jornada recogiendo olivas, ella se quedaba en el monte mientras las demás nos marchábamos. Algunas decían que la habían visto llorar y por eso pensamos se quedaba entre los olivos, para estar a solas con su pena. Hubo muchos años de sequía en aquella época, pero a pesar de que los demás cultivos se secaban, los olivos del monte no, se mantenían como en las mejores cosechas para sorpresa de todos. Esto causó que se llegara a decir que los olivos eran regados por las propias lágrimas de la chica. Una mañana encontramos a la chica fallecida apoyada en uno de los olivos, si murió de pena nunca lo sabríamos. Le dimos sepultura en una pequeña cueva al lado de los olivos donde ella lloraba. Al día siguiente los olivos se habían marchitado.
QuestItem/QI69_CAPTION	祭司的钥匙	Key of the Secular	Llave del Seglar
QuestItem/QI69_DESCRIPTION	一把简易的小钥匙。当犯人的生命能够保全时，创世主会亲临他们面前，带给他们食物	Small, simple key. The Initiates visited only the minor prisoners, bringing them food on the rare occasions when the inmate's life had to be preserved.	Pequeña llave sencilla. Los Iniciados visitaban solo a los presos menores, llevándoles comida en las raras ocasiones en las que la vida del reo debía ser preservada.
QuestItem/QI69_LORE	「…他搬起旁边的一块大石头就朝自己的腿砸去，直到把骨头都砸折了，如此一来他挣脱了囚链。他告诉我们，他爬着逃了出去，脚下的沙子吸干了留下的血迹，这样抓他的人就不知道他从哪边逃走了。从此之后，他每天晚上都要流着泪对着床边的沙堆祈祷一番」	"""... He took a large stone that rested nearby and struck his leg with it until his bones broke, thus escaping from the chain that held him prisoner. Crawling, he left the place, but the sand under his feet, according to what he told us, absorbed the trail of blood he left behind, and so his captors could not tell which path he had taken. Since then, every night, he prays, tearfully, next to a pile of sand he keeps beside his bed..."""	“... Cogió una gran piedra que había cerca y se golpeó en la pierna con ella hasta que sus huesos se quebraron, pudiendo escapar así de la cadena que lo tenía prisionero. Arrastrándose, se marchó del lugar, no obstante la arena bajo sus pies, según nos contó, absorbió el rastro de sangre que iba dejando, haciendo que sus captores no lograsen saber por dónde se había ido. Desde entonces cada noche reza entre lágrimas junto a un montón de arena al lado de su lecho...”
QuestItem/QI70_CAPTION	书记员的钥匙	Key of the Scribe	Llave del Escribano
QuestItem/QI70_DESCRIPTION	保存完好的铁钥匙。每一场审讯时书记员都在场，记录着被审之人的口供	Iron key, well preserved. The Scribes were present at each interrogation, tasked with recording the inevitable confessions of the tortured.	"Llave de hierro, bien mantenida. Los Escribanos presenciaban cada interrogatorio, encargados de registrar las ineludibles confesiones del torturado. "
QuestItem/QI70_LORE	圣父啊，请帮我摆脱束缚我四肢的枷锁…圣父啊，他们要取我性命…向他们供认并无裨益，他们就是想屈打成招…圣父啊…他们要的根本不是真相…他们就是想听我口中说出对您的不敬之词，圣父啊，愿奇迹能拯救我…	Father, take off these things that restrain my arms and legs... Father, they are killing me... it does not help me to tell them what I did, for they want to hear what I did not do... Father... They are not looking for the truth... They want an offence against you from my mouth, Father, may the Miracle save me....	Padre, quitad estas cosas que me sujetan los brazos y las piernas... Padre, me están matando... de nada me sirve decir lo que hice porque quieren oír lo que no hice... Padre... No escuchan la verdad... quieren una ofensa a vos de mi boca, Padre, el Milagro me salve...
QuestItem/QI71_CAPTION	裁判官的钥匙	Key of the Inquisitor	Llave del Inquisidor
QuestItem/QI71_DESCRIPTION	钢铁铸成的圣师钥匙。大裁判官的剑炽烈无比，即便是透过最冰冷的墙，大家也都知道此人驾临了	Master key forged from steel. The heat of the sword carried by the Great Inquisitor announced his arrival even through the coldest walls.	Llave maestra forjada de acero. El calor de la espada portada por el Inquisidor Mayor anunciaba su llegada incluso a través de los muros más fríos.
QuestItem/QI71_LORE	在众人的注视下，露济薇娜虚弱地从椅子上站起来，对裁判官说：「拜圣主所赐，我看到的幻影都是真实不虚的，除此之外，还能有什么原因呢？我的罪过无非是忽视了这一恩典罢了」@@坐在中央席的裁判官答道：「那不如用你的所谓恩典来为教会增光添彩吧？」说罢他从座上起身，降下一个华美的银匣，说道：「愿你获得神恩的双目长存于此，就在这无窗圣堂之中。这便是神母教会的判决」	"Luzdivina rose weakly from her chair under the attentive gaze of all present and, addressing the inquisitors, said ""The apparitions are a truth granted to my eyes by Our Lord. For what other reasons could there be behind this miraculous talent? My sin has been overlooking the merit of such a valuable gift.""@@The inquisitor sitting in the centre of the room answered ""What gesture could then be more pious than using your grace in benefit of the Church, Holy and Wise?"" Then he got up from his throne and, hoisting a lustrous silver tray bearing precious ornaments, said "" May your fortunate eyes rest here henceforth, and a windowless chapel be their dwelling. For this is the Word of our Holy Mother Church."""	"Luzdivina se levantó débilmente de su silla ante la mirada atenta de todos los presentes y dirigiéndose a los inquisidores dijo “Las apariciones son una verdad otorgada a mis ojos por Nuestro Señor, ¿Pues qué otras razones habría tras esta destreza milagrosa?. Mi pecado es la ignorancia del mérito de tan alto don.""@@El inquisidor que estaba sentado en el centro respondió ""¿Qué gesto sería más piadoso entonces que hacer uso de tu gracia en beneficio de la Iglesia que es Santa y Docta?"" Entonces el Inquisidor se levantó de su trono y alzando una lustrosa bandeja de plata llena de ornamentos preciosos dijo ""Que tus venturosos ojos descansen aquí a partir de ahora y que una capilla sin ventanas sea su hogar. Pues es palabra de nuestra Santa Iglesia Madre."""
QuestItem/QI72_CAPTION	高峰钥匙	Key of the High Peaks	Llave de las Altas Cumbres
QuestItem/QI72_DESCRIPTION	通往遥远的女修道院的钥匙	Key for the transportation that leads to the remote convent.	"Llave para el transporte que lleva al apartado convento. "
QuestItem/QI72_LORE	这把钥匙银光闪闪，但不知是何等材质。我希望这是世上最纯洁的钥匙。当它自身与其所负担的任务一样完美之时，可以将它带来给我。战车将入库封存，我若不进行呼唤，你们的战马将永远休息。这便是我的命令，这便是圣王的命令	The key must be silver, but not any kind. I want it to be the purest there is. Bring it to me when its beauty is as high as its task is meaningful. The chariot will be sealed and forbidden, and your horses will sleep for as long as I order it. This I command, and my command is the command of His Holiness Himself.	"La llave debe ser de plata, pero no de cualquiera. Quiero que sea la más pura que haya. Tráemela cuando su belleza sea tan alta como alto es su cometido. La carroza quedará cerrada y prohibida, sus caballos dormirán mientras yo diga. Así lo ordeno, y mi orden es la orden de Su Santidad misma. "
QuestItem/QI75_CAPTION	璇玑圣杯	Chalice of Inverted Verses	Cáliz de los Versos Invertidos
QuestItem/QI75_DESCRIPTION	生锈的铁杯，外表简单朴素。杯壁装饰有暗银，杯底有几行螺旋排列的诗文，讲的是异教的禽兽与禁果的故事	Rusty iron cup, of simple appearance. Its interior is embossed in lacklustre silver, and depicts rows of spiral verses, which descend to the bottom. These rhymes speak of pagan beasts and forbidden fruit.	Copa de hierro oxidado, de apariencia sencilla. Su interior repujado en deslucida plata presenta hileras de versos en espiral, que descienden hasta el fondo. Sus rimas hablan de bestias paganas y frutas prohibidas.
QuestItem/QI75_LORE	—可是圣父啊，神母所禁止的那些绘画和偶像究竟在何处？如果它们是由奇迹激发而创，就不应该被毁弃，这可是罪孽深重啊。—孩子，我也说不清楚，但是我敢保证，秘密画廊里的这些藏品肯定多如牛毛	-But, Father, where are all the idols, paintings and statues that the Mother has seized and banned? If they were inspired by the faith in our Miracle, they should not have been destroyed, for it would be a grave sin. -I don't know, dear son, but I would bet my faith that those underground galleries hide more than air.	-Bien, padre. ¿Dónde están todos los ídolos, pinturas y figuras, que la Madre ha requisado y prohibido? Si son inspiradas por la fe en nuestro Milagro no han debido de ser destruidas, ya que sería un grave pecado. -No lo sé hijo mío, pero apostaría mi fe, a que esas galerías subterráneas contienen algo más que aire.
QuestItem/QI76_CAPTION	璇玑圣杯	Chalice of Inverted Verses	Cáliz de los Versos Invertidos
QuestItem/QI76_DESCRIPTION	生锈的铁杯，外表简单朴素。杯壁装饰有暗银，杯底有几行螺旋排列的诗文，讲的是异教的禽兽与禁果的故事@这个杯子里面装着一点孽刃获取来的赎罪之泪	Rusty iron cup, of simple appearance. Its interior is embossed in lacklustre silver, and depicts rows of spiral verses, which descend to the bottom. These rhymes speak of pagan beasts and forbidden fruit.@The cup is partially filled with Tears of Atonement, harvested by Mea Culpa.	Copa de hierro oxidado, de apariencia sencilla. Su interior repujado en deslucida plata presenta hileras de versos en espiral, que descienden hasta el fondo. Sus rimas hablan de bestias paganas y frutas prohibidas.@La copa está parcialmente llena de Lágrimas de Enmienda, cosechadas por Mea Culpa.
QuestItem/QI76_LORE	—可是圣父啊，神母所禁止的那些绘画和偶像究竟在何处？如果它们是由奇迹激发而创，就不应该被毁弃，这可是罪孽深重啊。—孩子，我也说不清楚，但是我敢保证，秘密画廊里的这些藏品肯定多如牛毛	-But, Father, where are all the idols, paintings and statues that the Mother has seized and banned? If they were inspired by the faith in our Miracle, they should not have been destroyed, for it would be a grave sin. -I don't know, dear son, but I would bet my faith that those underground galleries hide more than air.	-Bien, padre. ¿Dónde están todos los ídolos, pinturas y figuras, que la Madre ha requisado y prohibido? Si son inspiradas por la fe en nuestro Milagro no han debido de ser destruidas, ya que sería un grave pecado. -No lo sé hijo mío, pero apostaría mi fe, a que esas galerías subterráneas contienen algo más que aire.
QuestItem/QI77_CAPTION	璇玑圣杯	Chalice of Inverted Verses	Cáliz de los Versos Invertidos
QuestItem/QI77_DESCRIPTION	生锈的铁杯，外表简单朴素。杯壁装饰有暗银，杯底有几行螺旋排列的诗文，讲的是异教的禽兽与禁果的故事@这个杯子里面装着孽刃获取来的赎罪之泪	Rusty iron cup, of simple appearance. Its interior is embossed in lacklustre silver, and depicts rows of spiral verses, which descend to the bottom. These rhymes speak of pagan beasts and forbidden fruit.@The cup is filled to the brim with Tears of Atonement, harvested by Mea Culpa.	Copa de hierro oxidado, de apariencia sencilla. Su interior repujado en deslucida plata presenta hileras de versos en espiral, que descienden hasta el fondo. Sus rimas hablan de bestias paganas y frutas prohibidas.@La copa está completamente llena de Lágrimas de Enmienda, cosechadas por Mea Culpa.
QuestItem/QI77_LORE	—可是圣父啊，神母所禁止的那些绘画和偶像究竟在何处？如果它们是由奇迹激发而创，就不应该被毁弃，这可是罪孽深重啊。—孩子，我也说不清楚，但是我敢保证，秘密画廊里的这些藏品肯定多如牛毛	-But, Father, where are all the idols, paintings and statues that the Mother has seized and banned? If they were inspired by the faith in our Miracle, they should not have been destroyed, for it would be a grave sin. -I don't know, dear son, but I would bet my faith that those underground galleries hide more than air.	-Bien, padre. ¿Dónde están todos los ídolos, pinturas y figuras, que la Madre ha requisado y prohibido? Si son inspiradas por la fe en nuestro Milagro no han debido de ser destruidas, ya que sería un grave pecado. -No lo sé hijo mío, pero apostaría mi fe, a que esas galerías subterráneas contienen algo más que aire.
QuestItem/QI78_CAPTION	赎罪之泪	Tears of Atonement	Lágrimas de Enmienda
QuestItem/QI79_CAPTION	猩红石南	Crimson Briar	Zarza Carmesí
QuestItem/QI79_DESCRIPTION	"迪欧加卡斯的小礼物，被钉在你的剑格下面扭曲者的像上。这些荆棘是奇迹用罪恶养成，携带者的罪过都由这荆棘来背负 "	"Small gift from Deogracias, nailed into the effigy of the Twisted under the guard of your sword. The thorns arisen from the Miracle feed on sin and guilt, growing with the burden that its bearer carries. "	"Pequeño obsequio de Deogracias, clavado en la efigie del Retorcido bajo la guardia de tu espada. Las espinas surgidas del Milagro se alimentan del pecado y la culpa, creciendo junto a la carga que su portador lleve sobre sus hombros. "
QuestItem/QI79_LORE	迪欧加卡斯的辞别书@@@@「阿伯特兄弟，你知道的，我还是个小孩子的时候就在这座修道院当书记员。我写了许多关于我们的修道院、圣徒还有痛极奇迹的事情。我必须告诉你，虽然我仍要继续写下去，我已下定决心离去。在高墙之内，我无法见证奇迹的真正杰作。我有幸能亲眼见证你神圣的作品，无论晴天还是下雨，纵使赤脚踏上热沙，我都要向世人传颂奇迹」	"Deosgracias' Farewell@@""Brother Abbot, you know that I have been a scribe in this abbey since I was but a wee child. I have written about our church, our saints and our Miracle of the Greatest Pain. I must inform you that I have made the decision to leave, although I intend to continue writing. In these walls I cannot be a true witness of the works of the Miracle. I need to appreciate with my own eyes your holy works. I will be a teller of the Miracle wherever it takes me, rain or shine, or scorching sand under my bare feet."""	"Despedida de Deogracias@@""Hermano Abad, sabe que he sido escribano en esta abadía desde que era muy joven. He escrito sobre nuestra iglesia, nuestros santos y nuestro Milagro del Mayor Dolor. Tengo que decirle que he tomado la decisión de marcharme, aunque no de dejar de escribir. En estos muros no puedo ser verdadero testigo de las obras del Milagro. Necesito apreciar con mis propios ojos sus santas obras. Seré relator del Milagro adonde quiera que me lleve, llueva, nieve, o haya arenas bajo mis pies descalzos."""
QuestItem/QI80_CAPTION	血编藤蔓	Vine Braided in Blood	Enredadera trenzada en sangre
QuestItem/QI80_DESCRIPTION	"迪欧加卡斯的小礼物，被钉在你的剑格下面扭曲者的像上。这些荆棘是奇迹用罪恶养成，携带者的罪过都由这荆棘来背负 "	"Small gift from Deogracias, nailed into the effigy of the Twisted under the guard of your sword. The thorns arisen from the Miracle feed on sin and guilt, growing with the burden that its bearer carries. "	"Pequeño obsequio de Deogracias, clavado en la efigie del Retorcido bajo la guardia de tu espada. Las espinas surgidas del Milagro se alimentan del pecado y la culpa, creciendo junto a la carga que su portador lleve sobre sus hombros. "
QuestItem/QI80_LORE	迪欧加卡斯的辞别书@@@@「阿伯特兄弟，你知道的，我还是个小孩子的时候就在这座修道院当书记员。我写了许多关于我们的修道院、圣徒还有痛极奇迹的事情。我必须告诉你，虽然我仍要继续写下去，我已下定决心离去。在高墙之内，我无法见证奇迹的真正杰作。我有幸能亲眼见证你神圣的作品，无论晴天还是下雨，纵使赤脚踏上热沙，我都要向世人传颂奇迹」	"Deosgracias' Farewell@@""Brother Abbot, you know that I have been a scribe in this abbey since I was but a wee child. I have written about our church, our saints and our Miracle of the Greatest Pain. I must inform you that I have made the decision to leave, although I intend to continue writing. In these walls I cannot be a true witness of the works of the Miracle. I need to appreciate with my own eyes your holy works. I will be a teller of the Miracle wherever it takes me, rain or shine, or scorching sand under my bare feet."""	"Despedida de Deogracias@@""Hermano Abad, sabe que he sido escribano en esta abadía desde que era muy joven. He escrito sobre nuestra iglesia, nuestros santos y nuestro Milagro del Mayor Dolor. Tengo que decirle que he tomado la decisión de marcharme, aunque no de dejar de escribir. En estos muros no puedo ser verdadero testigo de las obras del Milagro. Necesito apreciar con mis propios ojos sus santas obras. Seré relator del Milagro adonde quiera que me lleve, llueva, nieve, o haya arenas bajo mis pies descalzos."""
QuestItem/QI81_CAPTION	古斯托迪亚的罪孽	Cvstodia of Sin	Cvstodia del Pecado
QuestItem/QI81_DESCRIPTION	"迪欧加卡斯的小礼物，被钉在你的剑格下面扭曲者的像上。这些荆棘是奇迹用罪恶养成，携带者的罪过都由这荆棘来背负 "	"Small gift from Deogracias, nailed into the effigy of the Twisted under the guard of your sword. The thorns arisen from the Miracle feed on sin and guilt, growing with the burden that its bearer carries. "	"Pequeño obsequio de Deogracias, clavado en la efigie del Retorcido bajo la guardia de tu espada. Las espinas surgidas del Milagro se alimentan del pecado y la culpa, creciendo junto a la carga que su portador lleve sobre sus hombros. "
QuestItem/QI81_LORE	迪欧加卡斯的辞别书@@@@「阿伯特兄弟，你知道的，我还是个小孩子的时候就在这座修道院当书记员。我写了许多关于我们的修道院、圣徒还有痛极奇迹的事情。我必须告诉你，虽然我仍要继续写下去，我已下定决心离去。在高墙之内，我无法见证奇迹的真正杰作。我有幸能亲眼见证你神圣的作品，无论晴天还是下雨，纵使赤脚踏上热沙，我都要向世人传颂奇迹」	"Deosgracias' Farewell@@""Brother Abbot, you know that I have been a scribe in this abbey since I was but a wee child. I have written about our church, our saints and our Miracle of the Greatest Pain. I must inform you that I have made the decision to leave, although I intend to continue writing. In these walls I cannot be a true witness of the works of the Miracle. I need to appreciate with my own eyes your holy works. I will be a teller of the Miracle wherever it takes me, rain or shine, or scorching sand under my bare feet."""	"Despedida de Deogracias@@""Hermano Abad, sabe que he sido escribano en esta abadía desde que era muy joven. He escrito sobre nuestra iglesia, nuestros santos y nuestro Milagro del Mayor Dolor. Tengo que decirle que he tomado la decisión de marcharme, aunque no de dejar de escribir. En estos muros no puedo ser verdadero testigo de las obras del Milagro. Necesito apreciar con mis propios ojos sus santas obras. Seré relator del Milagro adonde quiera que me lleve, llueva, nieve, o haya arenas bajo mis pies descalzos."""
Relic/RE01_CAPTION	恒沙血	Blood Perpetuated in Sand	Sangre Perpetuada en Arena
Relic/RE01_DESCRIPTION	这些被封存的血液颇为神奇，随着持有者走的路越来越多，血液会出现新的分层，而在此之前无人可以看见。@@奇迹可谓高深莫测，持有者脚下会出现血液漩涡，谁也不知道这些血出自何处。	Preserved blood with miraculous properties. With the passage of its bearer, new ledges are revealed, formerly invisible to the beholder's eyes.@The Miracle is truly unfathomable, and no one knows the origin of the blood that swirls around the wearer's feet.	"Sangre conservada con maravillosas propiedades. Al paso de quien la lleva se revelan apoyos antes invisibles a sus ojos.@El Milagro es en verdad insondable, y nadie conoce el origen de la sangre que se arremolina a los pies del portador. "
Relic/RE01_LORE	「将此包注满沙土，再将伤口溢出的鲜血注入其中，如此一来便会赤红如血。有了此物，尔等便可以向信众示明道路，走出这干涸之地。尔等速速远离，我要念诵祷文，圣父眠于此地，而我将化作沙土，拥抱圣父…」	"""Take this bag and fill it with sand. Now imbue it with the blood spilling from these dreadful wounds, so it will turn crimson red. With it you will show the way through these dry lands to those who are yet to follow. Leave me, now. I want to say my prayers, for I will soon be joining the dry sap of these roots that painfully embrace Our Father..."""	"""Toma esta bolsa y llénala de arena. Ahora impregna la sangre que está derramándoseme por estas terribles heridas en ella y así se teñirá granate. Con ella podrás indicar el camino por estas secas tierras a los que vienen detrás. Ahora déjame solo, quiero rezar mis oraciones porque pronto me entregaré a la savia seca de las raíces que abrazan con dolor a nuestro Padre..."""
Relic/RE02_CAPTION	慈主的不朽手	Incorrupt Hand of the Fraternal Master	Mano Incorrupta del Maestro Fraterno
Relic/RE02_DESCRIPTION	这件圣物保存完好，有灵虚肌腱联结，必要时它会轻轻摇动。持有者附近有异常时，手中的响铃就会发出警告。@毕竟好奇心一上来，什么岔子都有可能出	Sacred relic, in a perfect state of conservation. The hand shakes gently when it considers it necessary, secretly articulated by ethereal muscles and tendons. The bell that it's holding warns the wearer of the nearby presence of a mystery. @After all, no bastion is safe from the tenacity of the truly curious.	Reliquia sagrada, en perfecto estado de conservación. La mano se agita suavemente cuando considera necesario, secretamente articulada por músculos y tendones etéreos. La campanilla que sujeta avisa al portador de la presencia cercanada de un misterio. @Al fin y al cabo, no hay bastión alguna a salvo de la tenacidad de los verdaderos curiosos.
Relic/RE02_LORE	「…他们听到天崩地裂的声音时，便意识到情况不妙。于是他们深入洞中寻找圣主，在洞中，大团的尘雾让他们看不清前路，虽然他们呼喊圣主的尊名，但并没有得到回应。时间一天天过去了，尘雾也随之散去，他们得以目睹大地的崩坏，但是当他们无助地哭泣时，突然听到了远出传来了一阵声响。那是落在岩石间的铃声。他们跟着声音走，直到找到了圣主破碎而腐烂的尸体。然而，他的手却神秘地完好无损，手指上还绑着一个小铃铛。」	"""... As soon as the atrocious earth tremor was heard, they knew something dreadful had happened. They searched for their master in the deepest parts of the cave, where they were met with a gigantic dust cloud that extended far beyond their eyes, and even though they called the name of their master, there were no answers. Days went by until the cloud cleared and they could face the devastating consequences of the landslide, feeling hopeless, but suddenly, amidst their tears, they heard a faraway sound."""	"""... Cuando se oyó el espantoso temblor de tierra supieron que algo grave había pasado. Bajaron en busca de su maestro a la parte inferior de la caverna cuando encontraron una gran nube de polvo que se extendía más y más y les impedía el paso y aunque gritaron el nombre del maestro, no hubo respuesta. Pasaron días hasta que la nube se despejó y pudieron ver los efectos terribles del derrumbe sintiéndose desesperanzados, pero de repente, entre lágrimas, oyeron un sonido lejano, el sonido de un cascabel entre las enormes rocas caídas. Comenzaron a seguir aquel sonido y a levantar rocas hasta que encontraron el cuerpo aplastado y descomponiéndose desde hacía días del maestro, pero no su mano, la cual tenía un pequeño cascabel amarrado en el dedo y permanecía milagrosamente intacta..."""
Relic/RE03_CAPTION	破土圣指	Nail Uprooted from Dirt	Uña arrancada del barro
Relic/RE03_DESCRIPTION	"途至师是教团的创立者，会给信徒心灵上的慰藉，而这便是他纯净的遗物。他在古斯托迪亚四处云游探秘，绝不会停下脚步。携带此圣物者会获得他的坚韧意志，穿越沼泽如履平地 "	"Incorrupt remains of the Great Pilgrim, founder of the order and comfort to his followers. His feet never stopped, always taking him forward in his mysterious wandering through Cvstodia. The bearer of this relic receives his determination, and walks effortlessly through swamps and muddy marshlands. "	"Resto incorrupto del Gran Peregrino, fundador de la orden y consuelo de sus seguidores. Sus pies no se detuvieron jamás, llevándolo siempre hacia delante en su misterioso vagar por Cvstodia. El portador de esta reliquia recibe su determinación, y camina sin problema por ciénagas y pantanos enfangados. "
Relic/RE03_LORE	「…殉道士尼坎诺惨遭酷刑，而他的信徒们则眼睁睁地看着，不敢作声，行刑之后，他又被活埋，而这枚指甲则是他在活埋之前扯下来的。尘封之下，这枚指甲不太容易看到，其他信徒都四散离去，而一位信徒却在悼念这一惨案时拾取了这枚指甲，他可谓是最后的一名信徒，而他的名字则无人能知。他从自己的衣服上扯下一块布将指甲包了起来，是夜，他来到了教堂，而正是这所教堂的圣会将尼坎诺判作异端，他将指甲藏入了教堂的暗砖之中，然后深藏身与名…」	"""... And that fingernail was the one that Martyr Nicanor ripped from himself when he was buried alive between spasms of pain after a cruel torture in front of his followers who cried in silence. The fingernail barely visible among the removed dirt was picked up by the last follower, who was lamenting such a horrid event when all the others left and whose name is unknown. He wrapped it using a piece of cloth torn from his own clothes, and that same night, he went to the church whose congregation was the same one that had denounced Nicanor as a heretic, hid the fingernail among its inner bricks, and left..."""	"“... Y aquella uña fue la que se arrancó el Mártir Nicanor cuando fue enterrado vivo entre espasmos de dolor tras su cruel tortura delante de sus seguidores que lloraban en silencio. La uña apenas visible entre la tierra recién removida fue recogida por el último seguidor que quedó lamentando tan hórrido acontecimiento cuando todos los demás se marcharon y cuyo nombre se desconoce, éste la envolvió en un trozo de tela arrancado de sus propias ropas y aquella misma noche marchó a la propia iglesia cuya congregación fue la misma que había denunciado a Nicanor por hereje, la escondió entre sus ladrillos interiores y se marchó...” "
Relic/RE04_CAPTION	幻罪布巾	Shroud of Dreamt Sins	Sudario de los Pecados Soñados
Relic/RE04_DESCRIPTION	这条泛黄的布巾可以鉴证信徒诚挚的忏悔。若是有灵魂惨遭折磨，它便会震颤抖动，让无言的亡者也能向世人进行倾诉	Yellowish fabric, witness to febrile confessions. It still quivers in the face of tortured souls, allowing one to listen to those who can no longer speak.	Tejido amarillento, testigo de febriles confesiones. Todavía vibra en presencia de almas torturadas, permitiendo escuchar a aquellos que ya no pueden hablar.
Relic/RE04_LORE	「他诚挚至极，几乎没有注意到有人坐在了他的身旁。有人轻轻地将一块白布敷在他的额前，这块布轻柔至极，像纸一样通透，他虔诚狂热，额头上的汗水也被白布吸走，这使他倍感安逸，不禁合眼而眠。白布被浸湿后，修女将其呈予神母，说道：『这就算是他的忏悔了』」	"Febrile as he was, he hardly noticed someone had sat down next to him. A gentle hand patted a white cloth on his forehead; it was a fabric of the utmost softness, which allowed light through it as if it were a sheet of paper, and was soaking his feverish sweat and providing such relief that he couldn't help but fall asleep. When the cloth was soaked, the nun got up and handed it to the Mother Superior, adding ""With this, we'll be able to have his confession."""	"Febril como estaba, apenas sintió que alguien se había sentado junto él. Una dulce mano pasaba un paño blanco por su frente, un tejido de una extrema suavidad que dejaba pasar la luz a través como si de un fino papel se tratara, secándole el sudor de las fiebres y aliviándose de manera que no pudo evitar quedarse dormido. Cuando el paño estuvo empapado de sudor, la monja se levantó y le entregó el paño a la Madre Superiora diciéndole ""Con esto podremos confesarle."""
Relic/RE05_CAPTION	金丝布	Linen of Golden Thread	Lienzo de Hilo de Oro
Relic/RE05_DESCRIPTION	"这块纤薄的锦布可谓不朽神物，而织造它的纺机只有在月圆之夜才会转动。元初长子将它作为礼物赐给忏悔者，如此一来忏悔者便可前往无底深渊 "	"Product of a spinning wheel that only turned on full moon nights, this thin thread was plaited to immortalise its progeny. Bestowed as a gift by the first-born, it allows The Penitent One to descend into bottomless abysses. "	Fruto de una rueca que giraba solo en noches de luna llena, este fino hilo fue trenzado para inmortalizar a su prole. Recibido como regalo del primogénito, permite a Penitente descender a insondables abismos.
Relic/RE05_LORE	我告诉神母会的成员我画完了，于是他们进来拿走了画作。他们一声不响，包起画就走。我倾尽毕生心血为神母会作画，让神灵能够跃然纸上，但是最后一幅画…神母会似乎不想让任何人看到它，就算是他们将其展出，连我这画家也不能看上一眼。这便是他们委托给我的最后一份差事	Members of The Mother came and took the painting away as soon as I told them it was finished. They didn't say a word, they just covered it up and carried it away. I have been painting for The Mother all my life, recreating moments of the lives of the saints, but for this last canvas... it was as if they didn't want anyone laying eyes on it; they did not even let me, its creator, see it on display, if they ever came to display it. It was the last commission they requested from me.	Miembros de La Madre vinieron y se llevaron el cuadro en cuanto les avisé de que estaba terminado. No dijeron nada, solo lo taparon y se lo llevaron. Llevo pintando para La Madre momentos de la vida de los santos toda mi existencia, y este último cuadro fue como si no quisieran que nadie lo viese, ni siquiera me dejaron verlo expuesto a mí, su creador, si es que llegaron siquiera a exponerlo. Fue el último encargo que me hicieron.
Relic/RE07_CAPTION	多佛斯的镀银肺	Silvered Lung of Dolphos	Pulmón Plateado de Dolfos
Relic/RE07_DESCRIPTION	这一器官被条条银丝包裹，可谓闪亮夺目。枢机主教多佛斯将他的银匙放入炉中熔炼，意图避免人们对银器的觊觎。携带者可以免遭毒气的影响	Organ preserved in sparkling silver, with plenty of filigrees. Cardinal Dolphos melted his spoons in a pot, looking to escape jealousies with the argentine concoction. Protects the wearer from poisonous Miasma.	Órgano preservado en brillante plata, cuajado de filigranas. El cardenal Dolfos fundió sus cucharas en un cazo, buscando salvarse de las envidias con el argénteo caldo. Protege al portador de la venenosa Miasma.
Relic/RE07_LORE	多佛斯忏悔录·第三方@@法衣有何用，指环中的黄金又有何益？只有精雕的纯洁白银才能获得奇迹的恩赐。白银不可外现于人，不应饰于身外，应存于人身，与皮肉合一	Confessions from Dolphos. Part 3@@What's the use of gowns. What good is the gold from rings. Only the purity of silver that once was embellished possesses the graces of Miracle. Silver should not be seen, it should not be worn on the outside of the body, but on the inside let it embellish the flesh, let it adorn the skin.	"Confesiones de Dolfos. Parte 3@@De qué sirven las togas. De qué sirve el oro de anillos. Solo la pureza de la plata que fue una vez ornamentada posee las gracias del Milagro. La plata no debe ser vista, no debe lucir por fuera del cuerpo, sino por dentro, que embellezca la carne, que acicale la piel. "
Relic/RE10_CAPTION	三结秘舌	Three Gnarled Tongues	Tres Lenguas Nudosas
Relic/RE10_DESCRIPTION	这些秘舌被破碎之誓联结在一起，只有古斯托迪亚的创立者才能听到它们的言语。它们的言语可以唤醒沉睡的根须，为携带者设路搭桥	Tied together by a broken oath, these tongues speak words that only the foundations of Cvstodia can hear. Their pleas awaken the sleeping roots from their lethargy, creating footbridges and climbable ledges for their wearers.	Atadas entre sí por un juramento roto, estas lenguas hablan en palabras que sólo los cimientos de Cvstodia pueden escuchar. Sus ruegos despiertan a las raíces durmientes de su letargo, creando pasarelas y superficies escalables para aquellos que las porten.
Relic/RE10_LORE	这是畸形怪物的三条舌头，能发出不同的声音，三种声音能和谐一致。三条舌头团成一结，所到之处，根须就会生长拧成，好似曾经三姐妹的秀发一般	These are the three tongues born from the monstrosity. Three tongues that are three voices. Three cries in harmony. The tongues are knotted into one. Roots grow and twist in their presence, just like the hair of what were once three sisters.	Estas son las tres lenguas nacidas de la monstruosidad. Tres lenguas que son tres voces. Tres clamores en sintonía. Las lenguas se anudan formando una sola. Las raíces en su presencia crecen y se retuercen como los cabellos de lo que una vez fueron tres hermanas.
RosaryBead/RB01_CAPTION	鸽子头骨	Dove Skull	Cráneo de Paloma
RosaryBead/RB01_DESCRIPTION	鸟类的头骨，人们将其钻孔作为宝石座。看似脆弱不堪，实则能稍微提升忏悔者的防御	Skull of a bird, drilled as a collet. Its apparent frailness slightly strengthens The Penitent One's defences.	Calavera de ave, perforada como engarce. Su aparente fragilidad potencia ligeramente las defensas de Penitente.
RosaryBead/RB01_LORE	清晨，刑火燃起，犯人们向无情的裁判官苦苦哀求，一只白鸽从天而降，飞到一名犯人肩上，与之一并被焚为灰烬	That morning, when the bonfires were lit and the convicts were raising their ghastly pleas to the indifferent inquisitors, a white dove came down from heaven and perched on the shoulder of a prisoner, where it stayed until it burned with him.	Aquella mañana, cuando las hogueras se encendieron y los condenados comenzaron sus terribles súplicas a los impasibles inquisidores, una paloma blanca bajó de entre los humos y se posó en el hombro de uno de los culpados y ahí permaneció hasta que ardió junto a él.
RosaryBead/RB02_CAPTION	神圣禁忌灰烬	Ember of the Holy Cremation.	Brasa de la Santa Cremación
RosaryBead/RB02_DESCRIPTION	通过一种早已被人遗忘的仪式，这些灰烬已结成晶体。上面还留有异域之火的余温。此物可以调和心性，持有者的防御会有所提升	Ember crystallised through a long forgotten ritual. It retains some of the heat of a bonfire lit on a different land. Tempers the heart, increasing the defences of whoever carries it.	Ascua cristalizada en un ritual olvidado. Conserva algo del calor de una hoguera encendida en otra tierra. Templa el corazón, aumentando las defensas de quien la porte.
RosaryBead/RB02_LORE	一小撮教区居民高唱着进行曲结队向墓园进发。他们一路上一遍又一遍地吟诵着祷文， 慢慢地声音变得晕晕沉沉，毫无韵律。当他们抵达墓园时，一切都安静了下来。掘墓人将冰冷的泥土铲在棺材上，一个戴兜帽的女孩将一把发热的灰烬洒向墓坑，据说此人是亡者的女儿，而这把灰则闪闪发光。掘墓人仍在一铲一铲地将泥土填向墓坑，但是在冰冷的泥土下面，这把灰仍然清晰可见。	And so the March was sung, as a small group of parishioners walked in procession to the graveyard. The prayer was repeated over and over again along the way, turning their voices into a hypnotic whisper, murmurous and unrhythmic. Upon arrival at the burial ground, everything fell silent. When, with each shovelful from the undertakers,  the soil dropped cold onto the coffin, a hooded girl, rumoured to be the daughter of the deceased, threw in a hot ember that gleamed on its way down into the pit. The dirt continued to cover the hole but, to everyone's astonishment, the ember could still be seen, glowing under the frosty soil.	Y así cantaron la Marcha, mientras iban en procesión hasta el camposanto un pequeño grupo de feligreses. La oración se repetía una y otra vez durante el recorrido convirtiendo sus voces en un hipnótico murmullo, susurrante y desacompasado. Al llegar al lugar del entierro todo quedó en silencio. Cuando la tierra caía fría sobre el ataúd con cada palada de los enterradores, una muchacha encapuchada, supuesta hija del difunto, dejó caer una brasa aún candente que resplandeció en su trayectoria hacia el hoyo. La tierra seguía tapando el hoyo pero, para el asombro de todos, la brasa seguía viéndose resplandeciendo ardiente bajo la helada tierra.
RosaryBead/RB03_CAPTION	白银葡萄	Silver Grape	Uva de plata
RosaryBead/RB03_DESCRIPTION	一颗球形的白银果实，完全是为了满足教士的虚荣。此物冰冷坚硬，可以极大提升持有者的防御	A dead fruit converted into a bead, in a display of clerical vanity. Its cold hardness passes onto its wearer, enhancing their defences considerably.	Fruto muerto, tornado en abalorio en un alarde de vanidad clerical. Su fría dureza se transmite al portador, aumentando considerablemente sus defensas.
RosaryBead/RB03_LORE	『多佛斯忏悔录·第二部分』@@我必须尽可能多地熔炼宝珠。我需要它们当中的白银，还有它们华美的曲线。白银圣德会将我的肺从内而外包裹起来，当我呼吸时，奇迹将会用纯净贯穿我。白银圣德会将我的胃包裹起来，当我进食时，奇迹将会用纯净滋养我。白银圣德会将我的双眼由内而外装饰起来，当我睁眼时，我将会目睹奇迹	Confessions from Dolphos. Part 2@@I must melt more beads, as many beads as I can. I need their silver, I need their embellished floral curves. The virtue of silver will adorn my lungs inside and out, and when I breathe, the pure grace of Miracle will penetrate. It will embellish my stomach inside and out, and when I eat, I will be nourished with the pure grace of the Miracle. It will ornament my eyes inside and out, and when I look, I will see the Miracle itself.	Confesiones de Dolfos. Parte 2@@Debo derretir más abalorios, todos los que pueda. Necesito su plata, necesito sus ornamentadas curvas florales. La virtud de la plata ornamentará mis pulmones por dentro y por fuera y cuando respire entrará la gracia pura del Milagro. Ornamentará mi estómago por dentro y por fuera, y cuando me alimente me nutriré de la gracia pura del milagro. Ornamentará mis ojos por dentro y por fuera, y cuando mire veré al mismo Milagro.@
RosaryBead/RB04_CAPTION	诰谕之词	Uvula of Proclamation	Úvula de la Proclamación
RosaryBead/RB04_DESCRIPTION	当装备上这个小舌时，消灭目标后有一定概率获得赎罪之泪	When the Uvula is equipped, you have a chance of earning Tears of Atonement when destroying an object.	Con la cuenta equipada desbloquea la posibilidad de ganar Lágrimas de Enmienda al destruir un objeto.
RosaryBead/RB04_LORE	埃斯科利巴圣王裁决令@@圣王说：「所谓圣膏军，盔甲之下他们体挂油布，我亲自为其涂膏赐福。他们会捍卫万母之母，正如我也会庇佑他们」	"Decree from His Holiness Escribar@@""It shall be called the Anointed Legion"" said His Holiness. ""Under the armour, their bodies shall be covered with bandages anointed with oils that I myself will bless. They will protect the Mother of Mothers as I will protect them."""	"Decreto de Su Santidad Escribar@@""Se llamará la Legión Ungida"" dijo Su Santidad. ""Bajo esas armaduras su cuerpo estará cubierto de vendas ungidas en óleos que yo mismo bendeciré. Protegerán a La Madre de Madres como yo les protegeré a ellos."" "
RosaryBead/RB05_CAPTION	中空宝珠	Hollow Pearl	Perla Hueca
RosaryBead/RB05_DESCRIPTION	一枚中空晦暗的珠子。虽然没有珍珠的亮泽，但是却有点发蓝。当消灭周围目标后会提升携带者的信仰	Empty, tarnished sphere. There is no trace of nacre left, but it retains just a hint of bluish sheen. It creates fervour when destroying surrounding objects.	Vacua esfera deslustrada. Todo rastro de nácar ha desaparecido, pero conserva un atisbo de brillo azulado. Genera fervor al destruir objetos del entorno.
RosaryBead/RB05_LORE	「他中招了，兄弟，奇迹就在这里面」修士惊恐地说道。@「拿过那块木头来，帮我抵住囚牢，」另一位年轻的修士答道。@他们听到一声巨响和惨叫声穿过大木门，一颗小珠从下面升了出来，他们两人的肢体也都被撕成碎片	"""It has got to him, brother, the Miracle is within these walls,"" said the friar, scared.@""Grab that piece of wood and help me block his cell,"" answered the other friar, younger than him.@And, while they both parted slowly, listening to the screams and banging through the massive wooden door, a small, round object rolled from under it."	"""Le ha llegado, hermano, el Milagro está en estos muros."" dijo el fraile asustado.@""Agarra ese madero y bloqueemos su celda."" respondió el otro fraile, más joven que él.@Y, cuando ambos se separaban lentamente oyendo los gritos y golpes a través de la maciza puerta de madera, un pequeño objeto redondeado rodó por debajo de ella."
RosaryBead/RB06_CAPTION	发丝纽结	Knot of Hair	Ovillo de Pelo
RosaryBead/RB06_DESCRIPTION	三股头发纽成的结扣，十分结实，可以作为念珠使用，携带者会获得它所赐予的不屈之力	Tangle of hair knotted with the strength of three broken bonds. A strong knot allows it to be used as a rosary bead, carrying part of its unyielding strength to the wearer.	Maraña de cabello enredado con la fuerza de tres vínculos rotos. Un fuerte nudo permite utilizarlo como cuenta de rosario, transmitiendo parte de su inexorable fuerza a quien lo lleve.
RosaryBead/RB06_LORE	第四：这个纽结是奇迹的产物，见到它的人都要跪倒在它面前，之后此物便深受人们崇拜。此物颇为神圣，于是我们建造了圣坛进行供奉。不久之后，在一个漆黑的夜晚，在教堂里休息的祭司听到了一阵声响，这声响是由三个声音凑成。我们赶到时发现纽结已经不见了，自此之后我踏遍天涯海角苦苦追寻，向每一个灵魂询问纽结的下落	No. 4 All those who had come to the sacred link knelt in the presence of that fruit of the Miracle, thus making it an object of worship from that moment on. We built an altar worthy of such holiness and placed it there. Shortly afterwards, during one bleak night, the priests who slept inside the church heard a loud groan, a cry made of three voices, yet one voice at the same time. When we got there, the egg was gone. Ever since then, I have been looking for it, visiting all the places I could and talking to every soul I could.	#4 Todos los que habían acudido al santo enlace se arrodillaron ante aquel fruto del Milagro convirtiéndose en objeto de adoración a partir de ese momento. Construimos un altar digno de santidad y lo colocamos ahí. Poco tiempo después, durante la noche, los sacerdotes que dormíamos dentro de la iglesia oímos un fuerte gemido, un lamento hecho de tres voces y una sola. Cuando acudimos el huevo había desaparecido. Desde entonces lo busco, visitando todos los lugares a los que me sea posible visitar y hablo con las personas que me sea posible hablar.
RosaryBead/RB07_CAPTION	彩木宝珠	Painted Wood Bead	Cuenta de Madera Pintada
RosaryBead/RB07_DESCRIPTION	涂有黄漆的宝珠。皲裂的油彩暴露了它的材质：它是用圣途森林的沙洲橡木制成。当持有者消灭周围目标后，会恢复生命值	Sphere covered in yellow varnish. The chipped paint betrays its origin holm oak of the Forest of the Holy Line. It recovers health when destroying surrounding objects.	Esfera cubierta en esmalte amarillo. La pintura descascarillada traiciona su origen encina del Bosque de la Santa Línea. Restaura salud al destruir objetos del entorno.
RosaryBead/RB07_LORE	我们称朝圣的路途为圣径。我们的马车常会经过此地，车轮印痕之深，甚至可以扬起密林深层的白灰，如果从天上鸟瞰，会发现这条路很像一条穿过森林的赭色线条	We call this pilgrimage route The Trail. Our wagons have always passed through here, and the tracks have gotten deep enough to even unearth the chalky sand that lay hidden under the thick forest, such that if one could see it from above, it would look like a long ochre line crossing the woods.	A este camino de peregrinaje lo llamamos La Línea. Nuestras carretas han pasado por aquí desde siempre y los surcos han llegado a desenterrar el albero que bajo la frondosidad bosque se ocultaba haciendo que desde lo alto se vea como una larga línea ocre que cruza los bosques.
RosaryBead/RB08_CAPTION	黄金面具碎片	Piece of a Golden Mask	Trozo de Máscara Dorada
RosaryBead/RB08_DESCRIPTION	一块雕有纹饰的黄金，是几年前碎掉的一副面具的碎片。焦容修女院的修女发誓不会让世人一睹自己烧焦的面容，而此物从前的主人虔心笃定，透过这黄金面具也能感受得到。此物可以提供一些火焰抗性	Piece of embossed gold, part of a mask broken years ago. The nuns of the Convent of the Charred Visage swear never to let the world see their burned faces, and the conviction of its old wearer has permeated the metal. Grants some protection against flames.	Fragmento de oro repujado, parte de una careta rota hace años. Las monjas del Convento de la Faz Denegrida juran dejar de exponer al mundo sus rostros quemados, y la convicción de su antigua portadora ha permeado en el metal. Otorga algo de protección frente a las llamas.
RosaryBead/RB08_LORE	第二：月开始在她的容貌上留下痕迹，她的同伴们也是如此，而烧伤之处却不然，伤处的皮肉与滚油刚泼上去时一样嫩。伤处至今仍在冒烟并散发着焦味。人们认为这是神迹，而她也被教会封为圣人；她被称为焦容圣母。人们奉她的名义创立了教团，所有修女以及所有想要师法这种生活的人都必须像奥莉娅一样烧焦自己的面庞。她在黄金面具之下覆有薄纱，可以缓解烧伤带给她的永恒的痛苦	No. 2 The years passed and she started showing natural signs of ageing, just like her companions, except for the burn, which remained as fresh as the moment the boiling oil had spilled. The wound was still smoking, scorching and reeking. This was understood to be a miracle, and she was canonised in life by the Church; she became known as Our Lady of the Charred Visage. An order was founded in her name, where all the existing nuns as well as those who wanted to take up the habit had to burn their faces in the same way as Áurea had. She wears a golden mask under which she hides the gauze that alleviates the eternal pain that the burns still inflict on her.	2# Pasaron los años y ella dio indicios naturales de envejecimiento como sus compañeras excepto por la quemadura, que seguía tan viva como en el momento en que se derramó el aceite hirviendo. La herida seguía humeante, achicharrante y olorosa. Esto fue entendido como un milagro y fue canonizada en vida por la Iglesia y se la conoció como Nuestra Señora de la Faz Denegrida. En su nombre se fundó la orden donde todas las monjas tanto las existentes como las que pretendían vestir el hábito debían quemarse la cara de la misma forma que Áurea. Lleva una máscara dorada bajo la cual oculta las mismas gasas para aliviar el eterno dolor que las quemaduras aun la afligen.
RosaryBead/RB09_CAPTION	瓶中苔	Moss Preserved in Glass	Musgo Preservado en Cristal
RosaryBead/RB09_DESCRIPTION	一个装满苔藓的小罐。罐内散发微光的小白花可以为携带者提供毒抗性	Minute jar filled with moss. The tiny white flowers that shimmer inside can grant some protection against toxins.	Diminuto tarro lleno de musgo. Las pequeñas florecillas blancas que resplandecen en su interior pueden otorgar algo de protección contra las toxinas.
RosaryBead/RB09_LORE	空气一片死灰，我们几乎喘不过气来，只得待在教区，往门窗上挂湿布。这可真是让人窒息。一天夜里，屋外响起了敲门声，一个女人一声不响地将一块布放在了地上，布上有着闪亮的苔藓。她将苔藓抹在鼻孔处，而我则用怀疑的目光打量着她。之后女人转身离去。我把看到的转述给兄弟们听，于是我们抱着试一试的态度学她把苔藓抹到鼻子处。之后不久我们就又能正常呼吸了，在这死灰色的天空变蓝之前，我们将会无忧无惧了	The ashen grey air lashed us. We could hardly breathe, and remained locked up in the parish, placing damp cloths on the doors and windows. We were suffocating. Then, one fateful night, there was a knock on the door, and I could see a woman who, without a word, had placed on the floor a cloth with patches of pearly moss on it. I stared at her in disbelief, as she appeared to have smeared the moss on her nostrils. Then, turning around, the woman left. Hopeful, I recounted what I had witnessed to the brothers, and we decided to spread the substance on our noses as she had done. It wasn't long before we were able to breathe normally, and we waited without fear until the ashy, leaden sky would regain its blue colour.	El aire gris de ceniza nos azotaba. Casi no podíamos respirar y permanecimos encerrados en la parroquia llenándola de paños húmedos en las puertas y ventanas. Estábamos muriendo asfixiados. Entonces una noche llamaron a la puerta y vi a una mujer que había dejado en el suelo, sin decir nada, una tela con unos trozos de musgo blanquecino. La miré sorprendido pues parecía haberse untado tal musgo en los orificios de su nariz, y dándose la vuelta, la mujer se marchó. Esperanzado, expliqué lo sucedido a los hermanos y decidimos untarnos tal sustancia tal y como ella había hecho. No pasó mucho rato cuando pudimos respirar con normalidad y esperar sin miedo a que aquel cielo plomizo de ceniza volviera a recuperar su color azul.
RosaryBead/RB101_CAPTION	炽心圣物匣	Reliquary of the Fervent Heart	Relicario del Corazón Fervoroso
RosaryBead/RB101_DESCRIPTION	它的胸中保留着完成赎罪的标志。它以燃烧的信念点燃承载者的心，令热情得以自动再生。	It retains in its bosom the mark of a fulfilled penance. It inflames the heart of its bearer with burning faith, granting automatic regeneration of Fervour.	"Conserva en su seno la impronta de una penitencia cumplida. Enciende el corazón de su portador con abrasadora fe, otorgando regeneración de Fervor automática. "
RosaryBead/RB101_LORE	己身所犯罪过若想得到宽恕，忏悔之人必须面敷铁罩，因为罪本身无形无相，无声无息。圣父眼中，我们每个人都只能用不同的罪来区分。若想博取圣父宽宥，赎罪面罩可谓是敲门砖。	To obtain forgiveness for the sin committed, the repentant must cover his face with the iron mask, because sin may have no identity, no owner, no voice. Only the sin itself is what differentiates us in the eyes of the Father. The penitential mask is the first step on the ladder to reconciliation with the Father.	Para obtener el perdón del pecado cometido, el que se arrepiente debe cubrir su rostro con el hierro, porque el pecado no debe tener identidad, ni dueño, ni voz. Solo el pecado en sí mismo es lo que nos diferencia ante los ojos del Padre. La máscara penitencial es el primer peldaño en la escalera hacia la reconciliación con el Padre.
RosaryBead/RB102_CAPTION	痛心圣物匣	Reliquary of the Suffering Heart	Relicario del Corazón Sufrido
RosaryBead/RB102_DESCRIPTION	在此之内，是十足的忏悔之意。携带者将体会到前所未有的心痛，当携带者脱离危险时，圣水瓶会对携带者进行治疗。	It retains in its bosom the mark of a fulfilled penance. It lacerates the heart of its wearer with pain that he has not yet suffered, making the Bile Flasks heal its wearer for a while, while he is out of danger.	"Conserva en su seno la impronta de una penitencia cumplida. Lacera el corazón de su portador con dolor que aún no ha sufrido, haciendo que los Matraces Biliares curen a su portador durante un tiempo, mientras esté fuera de peligro. "
RosaryBead/RB102_LORE	己身所犯罪过若想得到宽恕，忏悔之人的内心必须经受痛苦，从而用圣恩净化灵魂。只有经受这种痛苦才能纯洁无垢，罪人方可得到圣父宽宥。唯有真心哀恸方可铺筑前路。	To obtain forgiveness for the sin committed, the repentant must cleanse his soul with sanctifying grace through the suffering of his heart. Only this pain of repentance is capable of eliciting the purifying grace that reconciles the sinner to the Father. Only sincere sorrow paves the way.	Para obtener el perdón del pecado cometido, el que se arrepiente debe limpiar su alma con la gracia santificante mediante el sufrimiento en su corazón. Solo ese dolor de arrepentimiento es capaz de llegar a obtener la gracia purificadora que reconcilia al pecador con el Padre. Solo el pesar sincero allana el camino.
RosaryBead/RB103_CAPTION	哀心圣物匣	Reliquary of the Sorrowful Heart	Relicario del Compungido Corazón
RosaryBead/RB103_DESCRIPTION	在此之内，是十足的忏悔之意。携带者的内心会因真罪而烦忧，而圣水瓶之内也会装满液态的纯粹热情。	It retains in its bosom the mark of a fulfilled penance. It burdens the heart of its bearer with True Guilt, turning the Bile Flasks into receptacles of pure liquid Fervour.	Conserva en su seno la impronta de una penitencia cumplida. Lastra el corazón de su portador con la Verdadera Culpa, tornando los Matraces Biliares en receptáculos de puro Fervor líquido.
RosaryBead/RB103_LORE	己身所犯罪过若想得到宽恕，忏悔之人的内心必须选择赎罪，并且在整个责难之路上都要贯彻如一，直至取得圣父的宽宥。每一条责难之路都不尽相同，而且每个忏悔者都有自己选择的责难之路。这将会在忏悔者记忆中永存，就像其身体受创形成的疤痕一样。唯有这样，才能战胜罪。	To obtain forgiveness for the sin committed, the repentant must choose his penance and carry it along the Path of Blame until the final reconciliation with the Father. Each Path of Blame is unique and belongs only to the penitent who chooses and follows it. It will remain marked in his memory as scars on his own body, in the face of a great wound. Only in this way will he obtain victory over sin.	Para obtener el perdón del pecado cometido, el que se arrepiente debe elegir su penitencia y llevarla por la Vía Culpable hasta la reconciliación final con el Padre. Cada Vía Culpable es única y propia del penitente que la elige y traza. Esta quedará marcada en su recuerdo como cicatrices en su propio cuerpo ante una gran herida. Solo así conseguirá la victoria sobre el pecado.
RosaryBead/RB104_CAPTION	酬善礼石	Token of Appreciation	Muestra de Agradecimiento
RosaryBead/RB104_DESCRIPTION	一块平平无奇的大理石，用于受到慈善捐助时表达谢意。然而，划损的玻璃会与空的圣水瓶发生共鸣，当其中液体耗尽之时，你的力量将会增强。	Just an ordinary marble, presented as thanks for the charity received. Somehow, the scratched glass resonates with the empty Bile Flasks, increasing your strength when their liquid has run out.	"Una canica corriente, entregada para agradecer la caridad recibida. De alguna forma, el vidrio arañado resuena con el cristal de los Matraces Biliares vacíos, aumentando tu fuerza cuando su líquido se ha agotado. "
RosaryBead/RB104_LORE	最终，教堂在关闭许久以后得以开放。不久之后，此地长期的寂静将得以打破。新的曙光将会照入大门，残砖破瓦与教堂发霉的长凳之上的灰尘将会一扫而光。一切都将归于臻美，一切都将恢复秩序，我是万众之子，这是我的使命。	Finally, the church is going to open after so long. Soon, the constant silence of this place will end. A new light will enter through the gate and the dust will rise from the worn tiles and damp wood of the pews. Everything must be perfect. Everything in place and ready. I am the child of the mass. This is my calling.	Por fin la iglesia va a abrirse después de tanto tiempo. Pronto el silencio constante de este lugar terminará. La luz entrará por el portón y se levantará el polvo de las gastadas losetas y de la madera húmeda de los bancos. Todo debe estar perfecto. Todo en su sitio y preparado. Soy el niño de la misa. Este es mi oficio.
RosaryBead/RB105_CAPTION	绝尘赤珠	Cloistered Ruby	Rubí enclaustrado
RosaryBead/RB105_DESCRIPTION	一个水晶球，内置红宝石核心。这块宝石闪耀着异域的光辉，使得水晶球内有如闪电般激亮。携带者会获得奇异能量，变得坚决果断，饮下圣水瓶后，四周的空气会变得雷电激荡。	A crystal sphere imprisoning a ruby heart. The gem sparkles with lightning from other lands, filling the glass with a stormy light. The strange energy fills the wearer with determination, electrifying the very air around him after drinking from the Bile Flask.	Esfera de cristal que aprisiona un corazón de rubí. La gema chisporrotea con relámpagos de otras tierras llenando el vidrio de una luz tormentosa. La extraña energía llena de determinación al portador, electrizando el propio aire a su alrededor después de beber del Matraz Biliar.
RosaryBead/RB105_LORE	所有珍贵之物都是一样的，如果你怀藏珍宝，定不会叫他人有缘一睹，更不会使人对此垂涎，这都是献给圣父的珍宝。这份珍宝将会获得无上赐福，我们将会遮住这宝石的光芒，确保没有人知道这东西的存在。	The same is true for everything that is valuable and precious. If you keep something very precious so it cannot be seen or coveted by other eyes, reserving it only for the Father, that treasure will receive the greatest of blessings. We will cover up the sheen of this stone and make sure that no one knows of its existence.	Lo mismo ocurre con todo lo valioso y precioso. Si se guarda algo muy preciado por vos para no ser visto o codiciado por otros ojos, reservándolo solamente al Padre, ese tesoro tendrá la mayor de las bendiciones. Cubriremos el brillo de esta piedra y nos aseguraremos de que nadie conozca de su existencia.
RosaryBead/RB106_CAPTION	金丝珠	Bead of Gold Thread	Cuenta de hilo dorado
RosaryBead/RB106_DESCRIPTION	用光亮金丝织成的小球。这些神奇的金丝摸上去略感粘手，炼金术师与学者们对此无不垂涎。每一条丝线中注入的感情都会渗入到圣水瓶中，可以使其效果得到增强。	A ball made of liquid gold, spun into fine fibres. Viscous to the touch, these miraculous strands are avidly coveted by alchemists and scholars. The passion woven into each filament seeps into the sacred Bile Flasks, accelerating their use.	Un ovillo formado por oro líquido, hilado en finas fibras. Viscoso al tacto, estas milagrosas hebras son ávidamente codiciadas por alquimistas y eruditos. La pasión trenzada en cada uno de sus filamentos se filtra en los sagrados Matraces Biliares, acelerando su uso.
RosaryBead/RB106_LORE	奇迹在我眼前发生了。我发现她躺在地上，她面无生色，苍白不堪，但是又显得从容平和。在她旁边的，是四具盖着金丝布的女尸。房间被照得十分明亮，好像里面有火在烧一般。我站在原地，就可以听到她们五人心脏的跳动。心跳声在屋内回响，慢慢地融合为一。@@金丝线遍布屋内，而我的脚下就有金丝线。它们看起来像是裹尸金布上的丝线，我捡起一些金丝做成了一个金丝球，如此一来，便会叫他人信我。	A miracle occurred in front of me. I found her lying on the floor. Her face was pale, as if dead, yet relaxed and at peace. Next to her, lay the bodies of four women covered in gold that shone and illuminated the room as if lit by an internal fire. From where I stood, I could hear the beating of those five hearts; they echoed in the room, slowly sounding in unison. @@There were golden threads at my feet, all over the room; they seemed to be attached to those golden bodies. I took up part of that thread and made a ball. That would be the proof for the others to believe me.	Un milagro estaba ante mí. La encontré tendida en el suelo. Su rostro estaba pálido, como muerto, sin embargo, relajado y en paz. A su lado estaban los cuerpos de cuatro mujeres cubiertas de oro que brillaban e iluminaban la alcoba como si de un incendio en su interior se tratase. Desde donde me encontraba podía oír el latido de aquellos cinco corazones, que retumbaban en la estancia sonando al unísono lentamente. @@Había hilos de oro a mis pies, por toda la sala, que parecían estar unidos a aquellos cuerpos dorados. Tomé parte de aquel hilo e hice un ovillo. Esa sería la prueba para que me creyeran los otros.
RosaryBead/RB107_CAPTION	绝尘青珠	Cloistered Sapphire	Zafiro Enclaustrado
RosaryBead/RB107_DESCRIPTION	一个水晶球，内置蓝宝石核心。这块宝石闪耀着异域的光辉，使得水晶球内有如闪电般激亮。携带者会获得奇异能量，变得坚决果断，进行处决时，四周的空气会变得雷电激荡。	A crystal sphere imprisoning a sapphire heart. The gem sparkles with lightning from other lands, filling the glass with a stormy light. The strange energy fills the wearer with determination, electrifying the very air around him after he performs an Execution.	Esfera de cristal que aprisiona un corazón de zafiro. La gema chisporrotea con relámpagos de otras tierras llenando el vidrio de una luz tormentosa. La extraña energía llena de determinación al portador, electrizando el propio aire a su alrededor después de realizar una Ejecución.
RosaryBead/RB107_LORE	所有自我隔绝之人，所有幽禁避世之人，都将获得奇迹的保佑。一臣不事二主，或归命奇迹，或跻身尘世。我的姊妹，当你隔绝尘世之时，请牢记我说的话。	All those who have wanted to isolate themselves, all those who have freely locked themselves away as a chosen way of life, will have the blessing of the Miracle. No one can serve two masters either you serve the Miracle, or you serve the world. When you are in this cloister, remember these words, sister.	Toda la que ha querido aislarse, toda la que se ha encerrado libremente como modo de vida elegido, tendrá la bendición del Milagro. No se puede servir a dos señores O se sirve al Milagro, o se sirve al mundo. Cuando te encuentres en este claustro recuerda estas palabras. hermana.
RosaryBead/RB108_CAPTION	火釉章	Fire Enclosed in Enamel	Fuego compactado en esmalte
RosaryBead/RB108_DESCRIPTION	一枚闪亮的徽章，上面有白炽烈火。此等宝物一般悬于主桅，用以捕捉公海之上的光亮。此物可以加强与奇迹的联系，强化祷文的效果。	A glossy medal, which holds a wild fire of the purest of whites. Jewels like this used to be hung from the mainmast, to capture the bright lights that appear on the high seas. It aids the connection with the Miracle, accelerating the use of the Prayers.	Lustrosa medalla, que encierra un fuego salvaje del más puro de los blancos. Alhajas como esta solían colgarse del palo mayor, para capturar las brillantes luces que aparecen en alta mar. Facilita la conexión con el Milagro, acelerando el uso de las Plegarias.
RosaryBead/RB108_LORE	桅杆之上，烈火燃起，火舌或青或白，不停舞动，纵使狂风骤雨来袭，此火依然不息。这是圣父妙指从天而降，触摸我们的航船。这夺目强光划破长夜，指引我们驶出风暴。	A livid fire arose from the top of the mast, a tongue of fire sometimes white, sometimes blue, dancing wildly and seeming not to diminish at all despite the terrible storm that fell upon us. It was the touch of the Father's finger, pointing down from on high to our boat. The furious light opened up a path through the night and guided us through the storm.	En lo alto del mástil surgió un fuego lívido. Una lengua de fuego a veces blanca, a veces azul, que bailaba salvaje y que parecía no mermar lo más mínimo en la terrible tormenta que caía sobre nosotros. Era el roce del dedo del Padre que señalaba desde lo alto a nuestra embarcación. La furiosa luz se abrió camino en la noche y nos guió a través de la tormenta.
RosaryBead/RB10_CAPTION	寒冰橄榄	Frozen Olive	Oliva Congelada
RosaryBead/RB10_DESCRIPTION	被封在无尽寒冬之中的夏日果实，它来自于被冰封的橄榄树，携带者力量快耗尽的时候这颗果实的寒霜油会提升其防御力	Summer fruit trapped in an endless winter. Born from an olive tree turned into a prison, its frosted oils bolster the wearer's defences when their strength is nearly exhausted.	Fruto del verano atrapado en un perpetuo invierno. Nacida de un olivo convertido en prisión, sus aceites escarchados protegen a su portador cuando sus fuerzas están a punto de agotarse.
RosaryBead/RB10_LORE	杰米诺与其他被诅咒者穿过寒冰橄榄林，向恐怖的空心金像处进发，而留下来等候的人将会无助地死去，她赤脚踩过一枚尚未被霜雪覆盖的橄榄。她悄悄将其拾起，在手里捏了起来，她明白，这将是她最后珍爱的东西了	As Gemino traversed the path of the Frozen Olive Trees with the rest of the damned, towards the terrible hollow metal statues where those that awaited would die abandoned, he stepped barefoot on a fallen olive that had not yet disappeared under the snow. Without drawing attention, he picked it up and squeezed it in his hands, knowing it would be the last thing he'd treasure.	Gémino, mientras recorría con los demás condenados la ruta de los Olivos Helados, hacia donde las terribles estatuas huecas de metal donde morirían abandonados les aguardaban, pisó con su pie descalzo una de las olivas caídas, que no se había hundido aún en la nieve. Sin llamar la atención la recogió y la apretó con fuerzas entre sus manos, sabiendo que sería lo último que atesoraría.
RosaryBead/RB11_CAPTION	奎尔斯的焦枯宝珠	Quirce's Scorched Bead	Cuenta Calcinada de Quirce
RosaryBead/RB11_DESCRIPTION	这枚宝珠是用滥施火刑时的残余之物所制。宝珠上面会冒着轻柔的火烬，但不会灼伤奎尔斯的皮肤。这里面注满了奎尔斯的力量，会提供极强的火焰抗性	Small sphere carved on the remains of an unjustly lit bonfire. It burns with the soft embers of those flames, which could not touch Quirce's skin. Imbued with his power, it gives great protection against fire.	Pequeña esfera tallada con los restos de una hoguera injustamente encendida. Arde con el suave rescoldo de esas llamas, que no pudieron tocar la piel de Quirce. Imbuida de su poder, otorga gran protección ante el fuego.
RosaryBead/RB11_LORE	『奎尔斯传奇』@@@@恐怖的烈火吞噬了奎尔斯的身体，他痛苦不堪，不禁狂呼。但这些可不是普通的火焰：这是奇迹之火。火焰将他焚作灰烬，又当着裁判官的面一次次将他复原，让他遭受空前的折磨。经过了无数次的焚烧与惨叫，浴火重生的奎尔斯知道了自己该如何获得救赎。	Legend of Quirce. @@The horrifying flames consumed Quirce's body as he cried out in unbearable pain. But these were not ordinary flames they were the flames of the Miracle. The flames burned him to ashes and, before the eyes of the inquisitors, the flames brought him back, time after time, in unparalleled torture. Burning and burning again. Screaming and screaming again. Quirce, the son of the bonfires, knew what his penance was going to be.	"Leyenda de Quirce. @@Las terribles llamas consumían el cuerpo de Quirce mientras él gritaba de insoportable dolor. Pero no eran llamas corrientes, eran las llamas del Milagro. Las llamas lo calcinaban y, ante los ojos de los inquisidores, las llamas lo traían de vuelta, una y otra vez en una tortura sin igual. Arder y volver a arder. Gritar y volver a gritar. Quirce, el hijo de las hogueras, supo cual iba a ser su penitencia. "
RosaryBead/RB12_CAPTION	柳条纽结	Wicker Knot	Nudo de Mimbre
RosaryBead/RB12_DESCRIPTION	用柳条盘成的宝珠，外面包有涂层，可以防止长年的磨损。这串珠子是由一位母亲亲手编制，同时也获得了母亲的赐福，可以提供毒伤抗性	Bead braided in a spiral motion, covered with a light coat of varnish that has protected it from the wear and tear of the years. A mother's hands worked these strands and blessed them. Their influence provides protection from toxic damage.	Abalorio trenzado en espiral, cubierto de una leve capa de barniz que lo ha protegido del desgaste de los años. Las manos de una madre trabajaron estas hebras, y las dotaron de su bendición. Su influjo otorga protección ante el daño tóxico.
RosaryBead/RB12_LORE	"当她被放上火刑架时，裁判官从她手中夺下了她的孩子，她哭叫着祈求裁判官不要让她的孩子看到她被处火刑。她的孩子泪流满面，在远处看着她，结果被蒙住了眼睛，而蒙眼布立即就被泪水濡湿。人们在围观火刑，高声骂她是女巫，是异教徒。当柴火堆燃起火焰时，她祈求能有善人用柳条以她的形象编造一个与她体态相仿的偶像。可以把孩子放入偶像的怀中，这样孩子就不会再思念她了。人们照做了，当偶像造成之时，人们把哭闹的孩子放入它的怀中，这个失去母亲的孩子立马停止了哭闹。这便是奇迹又一次显现慈恩了 "	"When she was to be taken to the campfire, the inquisitors took the baby from her arms, and she screamed, begging for the child to not see her burn. The boy, who stared at her from afar, drenched in tears, was blindfolded the blindfold was immediately moistened. The bonfire was surrounded by people, there to see the execution. They screamed, calling her a witch and heretic. When the flames started licking the pile of firewood, she asked a kind soul to build a wicker figure in her image and size, and to place the child in its arms so the baby would not miss her. And so they did, and when the figure was built, they placed the bawling child in its arms, and the orphan immediately stopped crying. The Miracle was merciful once again. "	"Cuando la fueron a llevar a la hoguera los inquisidores le quitaron al bebé de sus brazos, y ella gritaba, suplicaba que el niño no debía verla arder. Al niño, que la miraba desde lejos envuelto en lágrimas, le colocaron una venda en los ojos que quedó humedecida inmediatamente. La hoguera estaba rodeada de gente que iba a ver la ejecución. Gritaban, la llamaban bruja y hereje. Cuando las llaman empezaron a consumir la pila de leña ella le pidió a una de sus amistades que construyera en mimbre su figura a su imagen y tamaño para que colocaran al niño en sus brazos y que no la echara de menos. Y así lo hicieron, pues cuando la figura estuvo construida, colocaron entre llantos al niño en sus brazos y el huérfano dejó inmediatamente de llorar.  El Milagro fue misericordioso una vez más. "
RosaryBead/RB13_CAPTION	佩佩塔的庇护	Perpetva's Protection	Protección de Perpetva
RosaryBead/RB13_DESCRIPTION	"红布做成的缎带，卷折精致，上有古代精油的香气。 圣膏军的成员会将这种柔软的缎带缠在身上，上面涂有护体神油，与所披重甲相得益彰。此物前主的意志将会保佑当前携带之人抵御轻微的攻击 "	"Ribbon of crimson cloth, carefully rolled and still scented with ancient oils. Members of The Anointed Legion wrapped their bodies in these soft ribbons anointed with protective oils, which contrasted with their otherwise heavy armour. The determination of its former wearer offers protection against lightning attacks. "	"Cinta de tela carmesí, enrollada cuidadosamente y perfumada aún con antiguos óleos. Los miembros de La Legión Ungida envolvían su cuerpo en estas suaves cintas ungidas con aceites protectores, que contrastaban con sus pesadas armaduras. La determinación de su antigua portadora ofrece protección contra los ataques de relámpago. "
RosaryBead/RB13_LORE	「你说埃达斯？」士兵说道，「那个疯子的妹妹死了，他受不了打击。他幻想着她还活着，整天跟她神神叨叨的，有时候他们俩就像在拌嘴。从那以后，他就没有了音信」	"""Esdras, you say?"" spoke the soldier, ""That madman could not bear the death of his sister. He's still talking to her as if she were there beside him. Sometimes it even seems as if they were arguing. He's long gone and hasn't been seen since""."	"-¿Esdras dices? -Dijo el soldado.- Ese loco no pudo soportar la muerte de su hermana. Sigue hablando con ella como si estuviese ahí a su lado. A veces parece como si discutieran. Hace mucho que se fue y no se le ha vuelto a ver. "
RosaryBead/RB14_CAPTION	荆棘徽记	Thorned Symbol	Símbolo Espinado
RosaryBead/RB14_DESCRIPTION	长满老茧的手将荆棘耐心地编在一起，做成了一个可以护身的徽记。只有笃定不屈之人才能使用这种东西，这种意志也会透过荆棘多刺的外表表现出来。可以保护携带者抵御近战伤害	Thorns braided with enormous patience by calloused hands, creating a protective symbol. Only unwavering conviction could prompt the creation of an item like this, and these feelings permeate its prickly surface. It protects its wearer from damage through contact.	"Espinas trenzadas con infinita paciencia por manos encalladas, formando un símbolo de protección. Solo una férrea convicción podía impulsar la creación de algo así, y estos sentimientos impregnan su erizada superficie. Protege a su portador del daño por contacto. "
RosaryBead/RB14_LORE	我仍在这生物体内，我能够听到它发自内心的咆哮，能够听到它雷鸣般的心跳。我想要睡觉，但是梦境中奇迹屡次显现。它告诉我这就是我能躺在女神怀抱中的原因。然而奇迹又向我显现，我的思维愈加混乱，然后我惊醒过来，发现我已不再是自己了。我发现我的灵魂被囚禁在一个满是根须的躯体中，这具躯体充满了无尽的愤怒与痛苦，在它沉睡之际，我的灵魂进入了它的躯体	I'm still inside the creature. I can hear its roar outside, I can hear the thunderous beating of its heart. I just wanted to sleep, but I saw the Miracle in my dreams. It spoke to me. That is why I lie down in the Lady's open arms. But the Miracle appeared to me again. It was more and more tangible. Then I woke up, but I was no longer myself. I was a prisoner trapped inside a rooted body. A body immersed in constant anger. In constant pain. I am awake in a sleeping body.	Sigo dentro de la criatura. Oigo su rugido afuera, oigo el latir de su corazón furioso. Yo solo quería dormir, pero veía al Milagro en mis sueños. Me hablaba. Por eso me acosté en los brazos abiertos de la Señora. Pero el Milagro se me aparecía de nuevo. Cada vez estaba más presente. Entonces desperté, pero ya no era yo. Era un prisionero atrapado en un cuerpo enraizado. Un cuerpo sumido en una constante ira. En un constante dolor. Estoy despierto en un cuerpo dormido.
RosaryBead/RB15_CAPTION	墓碑碎片	Piece of a Tombstone	Fragmento de Lápida
RosaryBead/RB15_DESCRIPTION	"一块陶土墓碑的碎块，居然出现在雪峰之上。村里人极少离开自己的荒村去冰冷的雪峰，但这块墓碑的主人无疑是来自阿尔贝罗。这块碎片可以抵御摔伤，缩短恢复时间 "	"Piece of a ceramic slab, strangely found on the snowy peaks. Those from the village rarely left their arid lands to face the cold of the mountains, but this tombstone had undoubtedly belonged to someone from Albero. The fragment confers resistance to falls, eliminating recovery time. "	"Trozo de una losa de cerámica, extrañamente encontrada entre las cumbres nevadas. Aquellos oriundos de la aldea raramente dejaban sus áridas tierras para enfrentarse al frío de las montañas, pero esta lápida perteneció sin duda a alguien de Albero. El fragmento otorga resistencia a las caídas, anulando el tiempo de recuperación. "
RosaryBead/RB15_LORE	据说阿尔贝罗的墓园比阿尔贝罗历史还要悠久。甚至在教堂建造之前就已经有了墓园。这片墓园被视为不洁的象征，孤独地坐落在这片荒地之上。不久之后教会发现了这片墓园，于是挖坟掘墓，把土中的尸骸都分散开来。后来当真灵圣墓兄弟会建立，他们负责收集遗骸，对其进行二次埋葬。自此之后，我便一直保留着这块墓碑碎片	It is said that the Albero graveyard is even older than Albero itself. It was built even before the church was erected. It was a graveyard isolated from everything in this arid, ochre land, considered unholy. The church did not take long to find out about this, and dug all the tombs up, scattering the remains across the fields. That's when the brotherhood of the Genuine Sepulchre was founded, in charge of collecting the remains of the dead and giving them a second burial. I have kept this piece of clay tombstone since then.	Se dice que el cementerio de Albero es incluso más antiguo que el propio Albero. Se construyó incluso antes que la parroquia. Era un cementerio aislado de todo en esta árida tierra ocre que no estaba considerada santificada. La iglesia no tardó en enterarse de aquello y desenterró a todos esparciendo sus restos por los campos. En esos momentos se creó la cofradía del Genuino Sepulto, encargada de recopilar los restos de los fallecidos y darle una segunda sepultura. Guardo este trozo de lápida de barro desde aquello.
RosaryBead/RB16_CAPTION	神烟宝珠	Sphere of the Sacred Smoke	Esfera del Humo Sacro
RosaryBead/RB16_DESCRIPTION	"一颗半透明的宝珠，其中暗藏机关，一般人难以察觉。其中藏有万母之母圣堂大香炉中收集来的烟雾。这颗珠子之中另有玄机，携带者攻击之后，其中会注满神力，但是奇迹喜怒无常，这种事情也不会经常发生 "	"Small, translucent pearl, with a closing mechanism that's almost impossible to see. They were traditionally filled with the vapours coming from the big incense burners, in the Mother of Mothers. This bead, however, contains something different. Its miraculous influence fills the bile flasks after some attacks, but the Miracle is capricious, and this does not happen often. "	"Pequeña perla traslúcida, con un mecanismo de cierre casi imposible de ver. Tradicionalmente se llenaban de los vapores procedentes de los grandes incensarios, en la Madre de Madres. Esta cuenta, sin embargo, encierra algo diferente. Su influjo milagroso rellena los matraces biliares con ciertos ataques, mas el Milagro es caprichoso, y esto no ocurre a menudo. "
RosaryBead/RB16_LORE	「…当其他人都散去后，她走进火堆，异教徒烧焦的尸骸仍冒着烟。她快速一掐手诀，开动暗锁，打开了宝珠，将其递进青烟之中然后又合上，相信这会将青烟永久保存…」	"""...Once everyone had left, she approached the bonfire, still smoking with the scorched remains of the heretic. With a swift gesture of her fingers, she triggered the imperceptible lock that would open the tiny jewelled pearl in two and, passing it through the grey smoke, she closed it again, trusting that it would preserve that smoke forever..."""	“... Una vez que todos se hubieron marchado, ella se acercó a la hoguera aún humeante con los restos calcinados del hereje, con un ligero movimiento de los dedos accionó el imperceptible cerrojo que abriría en dos la pequeña perla enjoyada y, pasándola por el humo gris, la volvió a cerrar creyendo que conservaría aquel humo para siempre...”
RosaryBead/RB17_CAPTION	小型红蜡宝珠	Small Bead of Red Wax	Bola Pequeña de Cera Roja
RosaryBead/RB17_DESCRIPTION	用融蜡制成的红色小球。携带者有此物在手时念诵祷文可以增强活力	Tiny pebble of melted wax, of a muted crimson. Prayers muttered in its presence slightly strengthen the vitality of the wearer.	Pequeña piedra de cera derretida, de apagado carmesí. Los rezos musitados en su presencia refuerzan ligeramente la vitalidad de quien lo lleva.
RosaryBead/RB17_LORE	大修道院不再宁静，每一间房都传来痛苦的尖叫声。老修士知道下一个将会是自己，于是本来蜷在床上的他也从床上爬起，瞟了一眼桌上的东西，这些大多是他加入修会之前的东西。当他满心平和之时，只想被奇迹亲吻。引起他回忆的是一些尘封的小蜡丸，这是他在列队游行时用蜡烛上的蜡一点点搓成的	The abbey ceased to be a quiet place. Cries of pain coming from every cell pierced the walls. The old friar knew he would be next, so he got up from his cot, where he had been huddled, and glanced at the few items that lay on his table, most of them mementos from his life before joining the Order. He wanted to be kissed by the Miracle while immersed in those gentle thoughts. Triggering most memories were some small balls of wax, now covered in dust, that he used to enlarge by picking up wax from the candles during processions.	La abadía dejó de ser un lugar silencioso. Los gritos de dolor provenientes de las demás celdas atravesaban los muros. El viejo fraile sabía que no tardaría en ser él el siguiente así que se levantó de su catre donde había estado agazapado y echó un vistazo a los pocos objetos que tenía sobre la mesa, la mayoría recuerdos de su vida anterior a entrar en la orden, para así ser besado por el Milagro durante aquellos bellos pensamientos. Lo que más evocó sus recuerdos fue unas pequeñas bolas de cera cubiertas de polvo y que él, durante las procesiones, usaba para recoger la cera de los cirios y así ir aumentando su tamaño.
RosaryBead/RB18_CAPTION	中型红蜡宝珠	Medium Bead of Red Wax	Bola Mediana de Cera Roja
RosaryBead/RB18_DESCRIPTION	用收集来的红蜡制成的珠子。其核中回响着远古的祷文，可以增强携带者一定量的活力	Sphere of accumulated crimson wax. Echoes of ancient prayers resound in its core, and moderately reinforce the vitality of the wearer.	Esfera de cera carmesí acumulada. Ecos de antiguas oraciones resuenan en su interior, y refuerza moderadamente la vitalidad de quien lo lleva.
RosaryBead/RB18_LORE	大修道院不再宁静，每一间房都传来痛苦的尖叫声。老修士知道下一个将会是自己，于是本来蜷在床上的他也从床上爬起，瞟了一眼桌上的东西，这些大多是他加入修会之前的东西。当他满心平和之时，只想被奇迹亲吻。引起他回忆的是一些尘封的小蜡丸，这是他在列队游行时用蜡烛上的蜡一点点搓成的	The abbey ceased to be a quiet place. Cries of pain coming from every cell pierced the walls. The old friar knew he would be next, so he got up from his cot, where he had been huddled, and glanced at the few items that lay on his table, most of them mementos from his life before joining the Order. He wanted to be kissed by the Miracle while immersed in those gentle thoughts. Triggering most memories were some small balls of wax, now covered in dust, that he used to enlarge by picking up wax from the candles during processions.	La abadía dejó de ser un lugar silencioso. Los gritos de dolor provenientes de las demás celdas atravesaban los muros. El viejo fraile sabía que no tardaría en ser él el siguiente así que se levantó de su catre donde había estado agazapado y echó un vistazo a los pocos objetos que tenía sobre la mesa, la mayoría recuerdos de su vida anterior a entrar en la orden, para así ser besado por el Milagro durante aquellos bellos pensamientos. Lo que más evocó sus recuerdos fue unas pequeñas bolas de cera cubiertas de polvo y que él, durante las procesiones, usaba para recoger la cera de los cirios y así ir aumentando su tamaño.
RosaryBead/RB19_CAPTION	大型红蜡宝珠	Big Bead of Red Wax	Bola Grande de Cera Roja
RosaryBead/RB19_DESCRIPTION	用收集来的蜡制成的大号亮红珠子。其中回响着远古的祷文，可以极大增强携带者的活力	Large accumulation of wax of a brilliant crimson. Ancestral prayers roar in it, and it considerably reinforces the vitality of the wearer.	Gran cúmulo de cera, de brillante carmesí. Ancestrales plegarias retumban en su interior, y refuerza considerablemente la vitalidad de quien lo lleva.
RosaryBead/RB19_LORE	大修道院不再宁静，每一间房都传来痛苦的尖叫声。老修士知道下一个将会是自己，于是本来蜷在床上的他也从床上爬起，瞟了一眼桌上的东西，这些大多是他加入修会之前的东西。当他满心平和之时，只想被奇迹亲吻。引起他回忆的是一些尘封的小蜡丸，这是他在列队游行时用蜡烛上的蜡一点点搓成的	The abbey ceased to be a quiet place. Cries of pain coming from every cell pierced the walls. The old friar knew he would be next, so he got up from his cot, where he had been huddled, and glanced at the few items that lay on his table, most of them mementos from his life before joining the Order. He wanted to be kissed by the Miracle while immersed in those gentle thoughts. Triggering most memories were some small balls of wax, now covered in dust, that he used to enlarge by picking up wax from the candles during processions.	La abadía dejó de ser un lugar silencioso. Los gritos de dolor provenientes de las demás celdas atravesaban los muros. El viejo fraile sabía que no tardaría en ser él el siguiente así que se levantó de su catre donde había estado agazapado y echó un vistazo a los pocos objetos que tenía sobre la mesa, la mayoría recuerdos de su vida anterior a entrar en la orden, para así ser besado por el Milagro durante aquellos bellos pensamientos. Lo que más evocó sus recuerdos fue unas pequeñas bolas de cera cubiertas de polvo y que él, durante las procesiones, usaba para recoger la cera de los cirios y así ir aumentando su tamaño.
RosaryBead/RB201_CAPTION	明灯女神之光	Light of the Lady of the Lamp	Luz de la Farolera
RosaryBead/RB201_DESCRIPTION	灯形铁制护符，由于空气潮湿而产生锈蚀。水手们会佩戴这种护符，因为即便他们丧身海外，明灯女神也会找到他们。这上面写满了上一任持有者的狂热祷文，当圣水瓶用尽时，所有防御力会有所提升。@对于可怜的无赖来说，这东西毫无用处，因为所有的防御在海洋面前不值一提，而明灯女神则对迷信毫不在意。	An iron amulet, forged in the shape of a lantern and rusted by humidity and saltpetre. Sailors wore it so the Lady of the Lamp might find them if they fell overboard. It is still impregnated with the feverish prayers of its last owner, increasing all defences when flasks run empty. @It was of little use to the poor ruffian, for all defence is useless against the mighty seas, and the Lady of the Lamp pays no heed to superstitions.	Un amuleto de hierro, forjado en forma de farol y oxidado por la humedad y el salitre. Los marineros lo llevaban para que la Farolera pudiera encontrarlos en caso de caer por la borda. Los febriles rezos de su último dueño aún lo impregnan, aumentando todas las defensas cuando los matraces están vacíos. @@De poco sirvió al pobre rufián, pues toda defensa es inútil ante las aguas bravías, y la Farolera no atiende a superstición alguna.
RosaryBead/RB201_LORE	“我们还有十来个人从风暴中活了下来。晚上，海水黢黑冰冷，毫无波动。我们试着游泳来保持温度，还找到了一些浮木可以爬上去休息，这真是走运。我们试着再去找一块浮木，但是一声奇怪的回响把我们的声音盖了过去，我们找不到声音是从哪里传过来的。当声音消失时，我们意识到，我们将会葬身于这片冰冷的黑暗之中。但是说话间，一道白光刺破了重重迷雾，指引着我们的道路。紧接着，一位少年乘船打灯而来，将我们从淹死的命运中拯救了出来。当他把我们送上陆地后，便一言不发地离去了。虽然我们不知道他的姓名，但我们深知，他这个人我们绝对不能忘。@如果我说的有半句假话，保证天打五雷轰！”	“Only a dozen of us survived the storm. In the night, the waters were black and freezing and remained still. We tried to swim to keep ourselves warm and, with a bit of luck, find some driftwood to cling onto and rest. We tried to find one another, but our cries were muffled in strange echoes, making it impossible to work out where they were coming from. When the cries began to die out we realised that the frozen darkness would be our grave. But in that moment, from out of the shadowy mists, a white light appeared, a light that was heading our way. Then, one by one, a young man with a lantern on his boat, pulled us from our watery fate. Once he had got us back to dry land, he went on his way without a word. Although we never knew his name, one thing’s for sure, we shall never forget him.@And strike me dead if all that I say is not the truth!”	"""Después de aquella tormenta solo sobrevivimos una docena. En la noche las aguas eran negras y heladas, y permanecían quietas. Intentábamos nadar para mantener el calor de nuestros cuerpos y, con suerte, encontrar algún madero al que agarrarnos y descansar. Tratábamos de buscarnos unos a otros, mas nuestros gritos se perdían en extraños ecos, haciendo imposible determinar la procedencia de cada uno. Cuando los gritos se terminaron por apagar nos percatamos de que aquella negrura gélida sería nuestra tumba. En aquel momento, en medio de la niebla de sombras, apareció una luz blanca, una luz que se dirigía a hacia nosotros. Una joven que cargaba con un farol sobre un bote nos fue sacando uno a uno de nuestro líquido sepulcro. Cuando nos dejó en tierra se volvió a marchar sin decir una palabra. Nunca supimos su nombre, pero estamos seguros de que nunca la olvidaremos.@@¡Y me parta un rayo si todo lo que digo no es cierto!"""
RosaryBead/RB202_CAPTION	白玉闪鳞	Scale of Burnished Alabaster	Escama de Alabastro Bruñido
RosaryBead/RB202_DESCRIPTION	真鳞片的碎片，其硬度与石头相当。这碎片纯白无瑕，在惨白的光照之下会闪闪发光，尤其是当危险临近携带者时。它的银光可以使忏悔者抵御后方的攻击。	A fragment of a real scale and hard as stone. Its whiteness is so pure that it glows brightly under the palest of lights, especially when danger approaches the one who wears it. Its lunar light allows the Penitent One to block attacks from behind.	Fragmento de una verdadera escama, dura como la piedra. Su blanco es tan puro que brilla intensamente bajo la más tenue de las luces, especialmente al acercarse un peligro a su portador. Su destello lunar permite a Penitente bloquear ataques que vengan de su espalda.
RosaryBead/RB202_LORE	“船长，@我们在这片黑雾中走了有五天了。一点生命迹象都没有，连个喘气的都没见到。到处都是回声和阴影。船在这片油乎乎的黑水上也不响也不摇。就算巨蛇我们也没见有踪影。@我们恐怕是在慢慢下沉，我们的脸憔悴而又疲惫，倒映在水面上，越来越近。这无疑会成为我们的坟墓，根本就没有回头路了。@我们写信装在瓶中希望你能看到，能为你效力真是三生有幸。@愿大海开恩。”	“Captain,@We have been in this black fog for what we now believe to be five days. Nothing moves, nothing lives, nothing breathes here. All is echoes and shadows. Not even the boat creaks or sways on these oily black waters. And nor is there any sign of the Serpent.@We feel as if we are slowly sinking, for the reflection of our tired and emaciated faces on the water’s surface seems, with each passing moment, to be ever closer. This will no doubt be our grave, there is no way back. @We pray that this message in a bottle reaches you. It has been an honour to serve under you.@May the sea have mercy on us.”	"""Señor Capitán,@@Llevamos lo que creemos que son cinco días dentro de la niebla negra. Aquí nada se mueve, nada vive, nada respira, todo es eco y sombra. Ni siquiera el bote suena, ni siquiera se mece sobre estas aguas de óleos negros. Tampoco hay rastro alguno de la Sierpe.@@Sentimos que nos hundimos poco a poco, pues el reflejo de nuestros rostros cansados y hambrientos sobre la superficie del mar parecen a cada rato más cercanos. Esta será sin duda nuestra tumba, no hay rumbo de vuelta posible. @@Rezamos para que este mensaje embotellado llegue a sus manos. Ha sido un honor servir bajo sus órdenes.@@Que la mar se apiade de nosotros."""
RosaryBead/RB203_CAPTION	年轻石工的轮子	The Young Mason’s Wheel	Rueda del Joven Masón
RosaryBead/RB203_DESCRIPTION	小型木车的残件，由一名学徒所佩，因为一场意外事故，他与自己的师傅阴阳两隔。石头与砂浆封盖了他的声音，他呼救的声音被保存在墙壁之中。这块护符充满了这个可怜年轻人对解脱的渴望，佩戴之人移速会得到提升。	The remains of a miniature wooden cart, worn by an apprentice who was separated from his master in a terrible accident. The stone and mortar that enveloped him drowned out his cries, preserving his pleas for help in a freakish echo that now permeates these walls with clarity. This amulet is now imbued with the poor lad’s longing for release, increasing the speed of movement of whoever wears it.	"Restos de un carro de madera en miniatura, portado por un aprendiz que quedó separado de su maestro en un terrible accidente. La piedra y el mortero que lo abrazaban ahogaron sus ruegos, preservando los lamentos de auxilio tras su muerte en un eco caprichoso, que ahora permea las paredes con claridad. El ansia de libertad del pobre zagal impregna este amuleto, aumentando la velocidad de movimiento de quien lo porte. "
RosaryBead/RB203_LORE	“父亲，墙动不了了。@图书馆不希望馆内的智慧走出墙外。踏入走廊寻求禁忌书卷与上古奥秘的人都被欺骗并封印了起来。有些沉默的僧侣是图书馆员，他们在书架间徘徊，他们知道这些秘密，而且自身也是图书馆的囚徒。我们会被永远封印在这里，满怀对知识的渴望。我希望有一天你能读到这段文字，而且不要为我的死自责。这都是被封印文字的意志。”	“Father, the walls do not move. @The library does not wish its wisdom to escape these enclosures. Its corridors deceive and confine all those who enter in search of its forbidden tomes and ancient secrets. Its wardens, the silent monks who wander between its shelves, know this and are themselves captives of its power. Here, we shall remain forever with a thirst for knowledge never to be sated. I hope one day you will read these words and not blame yourself for my death. The penned word wanted it so.”	"""Padre, las paredes no se mueven. @La biblioteca no desea que su sabiduría salga de estos muros. Sus pasillos nos mienten y nos encierran a todos los que nos adentramos en busca de sus libros prohibidos y sus secretos antiguos. Sus celadores, los monjes silenciosos que se arrastran entre las estanterías, lo saben, cautivos ellos también de este influjo. Aquí moraremos para siempre con una sed de conocimiento que nunca quedará satisfecha. Espero que alguna vez leas estas palabras, y que no cargues con la culpa de mi muerte. Las palabras en tinta lo han querido así."""
RosaryBead/RB204_CAPTION	蚀铁之冠	Crown of Gnawed Iron	Corona de Hierro Mordido
RosaryBead/RB204_DESCRIPTION	铁铸的订婚戒指，经过多次火焰焚烧，已经变得焦黑。三个缺口使得这枚戒指像是一个可爱的小王冠。怨恨与欲望使得它充满力量，会提升忏悔者攻击时产生的热情	An engagement ring forged in iron and blackened from the many times it was cast into the flames. The teeth of three jaws lovingly form its miniature crown-like shape. The combination of spite and desire lends it power, increasing the fervour generated by the Penitent One’s attacks.	Un anillo de compromiso forjado en hierro, ennegrecido por las numerosas veces en que fue arrojado a las llamas. Los dientes de tres mandíbulas le dieron cuidadosamente la forma de una corona en miniatura. La mezcla de despecho y anhelo le otorga poder, aumentando el fervor generado por los ataques de Penitente.
RosaryBead/RB204_LORE	“当我朝这面和平圣墙祈祷时，我感受到了束剑女神的存在。我有时会听到她在夺目金盔之下的喘息，而她就在黑暗中静静等候。我有时会听到她的呢喃，就像无尽的祷文一般。然而我始终没见过她进入或走出这块地方。她究竟在等什么呢？”	“At times when I pray within these sacred walls of peace, I sense the presence of the Lady of the Bandaged Sword. At times, I hear her breathing behind her golden helmet that blinkers her eyes, as she waits in silence, cloaked in darkness. At times, I hear her murmuring what sound like never-ending prayers. And yet, I have never seen her enter nor leave this place. What or who can she be waiting for?”	"""A veces cuando rezo entre estas sagradas paredes de paz siendo la presencia de la Señora de la Espada Vendada. A veces la oigo respirar tras su yelmo dorado de ojos tapados, esperando en silencio, oculta en la oscuridad; a veces la oigo susurrar lo que parecen oraciones que no terminan nunca. Jamás la he visto entrar y jamás la he visto salir de aquí. ¿Qué o a quién estará esperando?"""
RosaryBead/RB20_CAPTION	石灰岩小趾	Little Toe made of Limestone	Meñique de Piedra Caliza
RosaryBead/RB20_DESCRIPTION	元初赤脚圣客雕像的脚趾。这枚残余的脚趾会推开前路的石头，能够提升闪避距离	Toe from the statue of the First Barefoot Pilgrim. The vestigial little toe pushed the stones out of his path. Increases dodging distance.	Dedo del pie de la estatua del Primer Peregrino Descalzo. El vestigial meñique apartaba las piedras en su camino. Aumenta la distancia de la esquiva.
RosaryBead/RB20_LORE	圣师像往常一样，在早晨将我们召集在一起，说道：「虔心拜神的朝圣者绝不会将视线从路上移开，这是我们的规矩。	"The Master gathered us all together, like every morning, and said ""A genuine genuflecting pilgrim must never divert their eyes from the earth they walk on. For this is our rule."""	El Maestro, como todas las mañanas nos reunió a todos y dijo “Un peregrino genuflector nunca debe desviar sus ojos de la tierra que pisa. Pues esta es nuestra regla.”
RosaryBead/RB21_CAPTION	石灰岩大趾	Big Toe made of Limestone	Pulgar de Piedra Caliza
RosaryBead/RB21_DESCRIPTION	元初赤脚圣客雕像的脚趾。这枚大趾留在了神秘的路径之上，在空中时，会提供额外的推力	A toe from the statue of the First Barefoot Pilgrim. This strong big toe left its mark on the secret routes. Adds extra thrust while in the air.	Dedo del pie de la estatua del Primer Peregrino Descalzo. El fuerte pulgar dejaba huella en las rutas secretas. Añade un impulso adicional en el aire.
RosaryBead/RB21_LORE	他继续讲道：「虔心拜神的朝圣者在朝圣土中会将手缚在背后，因为对他们来说，只有脚才是最重要的，这是我们的规矩」	"And he went on to say ""A genuine genuflecting pilgrim will always have his hands tied behind his back during his travels, as his feet are the only thing that should matter to him. For that is our rule."""	Y siguió diciendo “Un peregrino genuflector siempre tendrá las manos atadas a la espalda durante su caminar, ya que son sus pies lo único que le debe importar. Pues esa es nuestra regla.”
RosaryBead/RB22_CAPTION	石灰岩第四趾	Fourth Toe made of Limestone	Anular de Piedra Caliza
RosaryBead/RB22_DESCRIPTION	元初赤脚圣客雕像的脚趾。第四趾承载着关于他伙伴的记忆，也提醒着不要忘记美好的时光。可以减少闪避冷却时间	Toe from the statue of the First Barefoot Pilgrim. The fourth toe bore the memory of his partner, so as not to forget better times. Reduces dodging cooldown.	Dedo del pie de la estatua del Primer Peregrino Descalzo. El anular vestía el recuerdo de su compañera, evitando el olvido de tiempos mejores. Reduce el tiempo de recuperación de la esquiva.
RosaryBead/RB22_LORE	最后他说道：「虔心拜神的朝圣者会独自行走。只有独自行走，才能不断思索，明白前往朝拜奇迹究竟有何意义。这是我们的规矩。」他说罢起身，默默地盯着我们看了好久。然后他便抽身离去，从此再未现身	"Finally he said ""A genuine genuflecting pilgrim will always walk alone. It is the solitary path that will grant him constant meditation and understanding of what it means to be a pilgrim in the land of the Miracle. For that is our rule."" Then he got up, and looked at all of us for a long time while we remained silent. Then he left, and we never saw him again."	Y por último dijo “Un peregrino genuflector siempre caminará solo. Es el camino en solitario lo que le permitirá una constante meditación y entendimiento de lo que significa ser un peregrino en la tierra del Milagro. Pues esa es nuestra regla.” Entonces se levantó y nos miró a todos durante un largo rato mientras permanecíamos en silencio. Entonces se marchó y nunca más lo volvimos a ver.
RosaryBead/RB24_CAPTION	小型蓝蜡宝珠	Small Bead of Blue Wax	Bola Pequeña de Cera Azul
RosaryBead/RB24_DESCRIPTION	用融蜡制成的灰蓝色小球。狂信之人受刑时的惨叫声仍然在其中回响，能够小幅度提升携带者的信仰	Tiny pebble of melted wax, of a dusty cerulean. The cries from tortured zealots still reverberate inside, and it slightly strengthens the wearer's fervour.	Pequeño guijarro de cera derretida, de polvoriento cerúleo. Lamentos de zelotes torturados reverberan en su interior, y refuerzan ligeramente el fervor del portador.
RosaryBead/RB24_LORE	「大修道院不再宁静，每一间房都传来痛苦的尖叫声。老修士知道下一个将会是自己，于是本来蜷在床上的他也从床上爬起，瞟了一眼桌上的东西，这些大多是他加入修会之前的东西。当他满心平和之时，只想被奇迹亲吻。引起他回忆的是一些尘封的小蜡丸，这是他在列队游行时用蜡烛上的蜡一点点搓成的」	"""The abbey ceased to be a quiet place. Cries of pain coming from every cell pierced the walls. The old friar knew he would be next, so he got up from his cot, where he had been huddled, and glanced at the few items that lay on his table, most of them mementos from his life before joining the Order. He wanted to be kissed by the Miracle while immersed in those gentle thoughts. Triggering most memories were some small balls of wax, now covered in dust, that he used to enlarge by picking up wax from the candles during processions."""	"""La abadía dejó de ser un lugar silencioso. Los gritos de dolor provenientes de las demás celdas atravesaban los muros. El viejo fraile sabía que no tardaría en ser él el siguiente así que se levantó de su catre donde había estado agazapado y echó un vistazo a los pocos objetos que tenía sobre la mesa, la mayoría recuerdos de su vida anterior a entrar en la orden, para así ser besado por el Milagro durante aquellos bellos pensamientos. Lo que más evocó sus recuerdos fue unas pequeñas bolas de cera cubiertas de polvo y que él, durante las procesiones, usaba para recoger la cera de los cirios y así ir aumentando su tamaño."""
RosaryBead/RB25_CAPTION	中型蓝蜡宝珠	Medium Bead of Blue Wax	Bola Mediana de Cera Azul
RosaryBead/RB25_DESCRIPTION	用融蜡制成的灰蓝色小球。狂信之人受刑时的惨叫声仍然在其中回响，能够小幅度提升携带者的信仰	Tiny pebble of melted wax, of a dusty cerulean. The cries from tortured zealots still reverberate inside, and it slightly strengthens the wearer's fervour.	Pequeño guijarro de cera derretida, de polvoriento cerúleo. Lamentos de zelotes torturados reverberan en su interior, y refuerzan ligeramente el fervor del portador.
RosaryBead/RB25_LORE	「大修道院不再宁静，每一间房都传来痛苦的尖叫声。老修士知道下一个将会是自己，于是本来蜷在床上的他也从床上爬起，瞟了一眼桌上的东西，这些大多是他加入修会之前的东西。当他满心平和之时，只想被奇迹亲吻。引起他回忆的是一些尘封的小蜡丸，这是他在列队游行时用蜡烛上的蜡一点点搓成的」	"""The abbey ceased to be a quiet place. Cries of pain coming from every cell pierced the walls. The old friar knew he would be next, so he got up from his cot, where he had been huddled, and glanced at the few items that lay on his table, most of them mementos from his life before joining the Order. He wanted to be kissed by the Miracle while immersed in those gentle thoughts. Triggering most memories were some small balls of wax, now covered in dust, that he used to enlarge by picking up wax from the candles during processions."""	"""La abadía dejó de ser un lugar silencioso. Los gritos de dolor provenientes de las demás celdas atravesaban los muros. El viejo fraile sabía que no tardaría en ser él el siguiente así que se levantó de su catre donde había estado agazapado y echó un vistazo a los pocos objetos que tenía sobre la mesa, la mayoría recuerdos de su vida anterior a entrar en la orden, para así ser besado por el Milagro durante aquellos bellos pensamientos. Lo que más evocó sus recuerdos fue unas pequeñas bolas de cera cubiertas de polvo y que él, durante las procesiones, usaba para recoger la cera de los cirios y así ir aumentando su tamaño."""
RosaryBead/RB26_CAPTION	大型蓝蜡宝珠	Big Bead of Blue Wax	Bola Grande de Cera Azul
RosaryBead/RB26_DESCRIPTION	用融蜡制成的灰蓝色小球。狂信之人受刑时的惨叫声仍然在其中回响，能够小幅度提升携带者的信仰	Tiny pebble of melted wax, of a dusty cerulean. The cries from tortured zealots still reverberate inside, and it slightly strengthens the wearer's fervour.	Pequeño guijarro de cera derretida, de polvoriento cerúleo. Lamentos de zelotes torturados reverberan en su interior, y refuerzan ligeramente el fervor del portador.
RosaryBead/RB26_LORE	「大修道院不再宁静，每一间房都传来痛苦的尖叫声。老修士知道下一个将会是自己，于是本来蜷在床上的他也从床上爬起，瞟了一眼桌上的东西，这些大多是他加入修会之前的东西。当他满心平和之时，只想被奇迹亲吻。引起他回忆的是一些尘封的小蜡丸，这是他在列队游行时用蜡烛上的蜡一点点搓成的」	"""The abbey ceased to be a quiet place. Cries of pain coming from every cell pierced the walls. The old friar knew he would be next, so he got up from his cot, where he had been huddled, and glanced at the few items that lay on his table, most of them mementos from his life before joining the Order. He wanted to be kissed by the Miracle while immersed in those gentle thoughts. Triggering most memories were some small balls of wax, now covered in dust, that he used to enlarge by picking up wax from the candles during processions."""	"""La abadía dejó de ser un lugar silencioso. Los gritos de dolor provenientes de las demás celdas atravesaban los muros. El viejo fraile sabía que no tardaría en ser él el siguiente así que se levantó de su catre donde había estado agazapado y echó un vistazo a los pocos objetos que tenía sobre la mesa, la mayoría recuerdos de su vida anterior a entrar en la orden, para así ser besado por el Milagro durante aquellos bellos pensamientos. Lo que más evocó sus recuerdos fue unas pequeñas bolas de cera cubiertas de polvo y que él, durante las procesiones, usaba para recoger la cera de los cirios y así ir aumentando su tamaño."""
RosaryBead/RB28_CAPTION	鹈鹕塑像	Pelican Effigy	Efigie del Pelícano
RosaryBead/RB28_DESCRIPTION	用铜铸成的宝珠，泛着碧绿的光泽。鹈鹕以血饲子，当携带者从瓶中喝下药剂时，可以抵御一切伤害	Bead made of forged copper, coated in a dense aquamarine patina. The pelican fed its children with its blood. Protects the wearer from all harm while they drink from the bile flask.	Cuenta de bronce forjado, recubierto de una espesa pátina aguamarina. El pelícano alimentaba a sus hijos con su sangre y protege al que lo porta de todo mal mientras beben del frasco biliar.
RosaryBead/RB28_LORE	愿我们的胸前刻满血痕，鲜血涌流之时，饥饿苍生便会饱腹。就让鲜血流淌吧，当鲜血流过死亡之地，奇迹就会赐福，在此长眠之人将会在大梦境的彼岸重生，加入永恒征途。就让鲜血流淌吧	May our chest full of cuts bleed. For when it spills red, it will feed the hungry. Let it bleed. For when it pours upon this land of the dead, it shall be blessed in the eyes of the Miracle, and those who rest here shall live on the other side of the Dream, on the Way of Eternal Processions. Let it bleed.	Que sangre nuestro pecho lleno de cortes. Pues cuando se derrame roja alimentará a los hambrientos. Que sangre. Pues cuando se derrame sobre esta tierra de difuntos, ésta será bendita a los ojos del Milagro, y aquellos que descansan aquí vivirán al otro lado del sueño, en la vía de las procesiones eternas. Que sangre.
RosaryBead/RB301_CAPTION	缪拉的深红之心	Crimson Heart of a Miura	Corazón Carmesí de un Miura
RosaryBead/RB301_DESCRIPTION	这是一件奇怪的制品，据说是在最暴烈的牛的是体重找到的。也被称作君王之卵，它的表面十分扭曲，佩戴者遭受痛苦时，它就会激活，当佩戴者的生命值很低时就能提升佩戴者的攻击速度@它那布满阴翳的眼眸中闪过一丝亮光，那是不曾显形的陌生太阳发生日蚀的反射。这永远都标志着超越一切界限的伟大杰作	A strange artifact, said to be found within the corpse of the fiercest of bulls. Also called the Egg of the Sovereign, the twisted features of its surface stir under the torment of its wearer, increasing attack speed when their health is low. @A glint catches in Its clouded eyes,  the reflection of a eclipse of a foreign, invisible sun. A permanent mark caused by a masterpiece that trascends all and any borders.	Extraño artefacto, encontrado al parecer en el cadáver del más bravo de los toros. Llamado también Huevo del Soberano, las retorcidas facciones de su superficie se estremecen al sentir el tormento de su portador, aumentando la velocidad de sus ataques cuando su salud es baja.@Sus ojos empañados parecen reflejar el eclipse de un sol invisible y extranjero. La marca indeleble de una obra de arte que trasciende todas y cada una de las fronteras.
RosaryBead/RB301_LORE	『感谢你所做的一切，大师』	"""Thank you for everything, master."""	"""Gracias por todo, maestro."""
RosaryBead/RB30_CAPTION	凝结墨滴	Drop of Coagulated Ink	Gota de Tinta Coagulada
RosaryBead/RB30_DESCRIPTION	抄写员片刻无歇，抄写之时绝不会有半点迟疑。而他们所要抄写的字词在誊到纸上之前也是充满了力量。这一块被苦难擦破的墨迹可以提升祷文的力量	Each hesitation of the scribe was a new stain on his scriptorium. Words not written, censored before they were born onto the paper, were powerful, too. This cluster of ink grazed by the Affliction increases the power of Prayers.	"Cada titubeo del escribano era nueva mancha en su scriptorium. Las palabras no escritas, censuradas antes de su nacimiento en el papel, también tienen poder. Este cúmulo de tinta rozada por la Aflicción aumenta la potencia de las Plegarias. "
RosaryBead/RB30_LORE	这名抄写员不禁盯着看了起来，因为他刚刚已经停下笔了	The scribe had raised his gaze, for he had ceased to write a while ago.	El escribano había levantado la mirada pues había dejado de escribir hacía rato.
RosaryBead/RB31_CAPTION	琥珀之眼	Amber Eye	Ojo de Ámbar
RosaryBead/RB31_DESCRIPTION	"精心雕成眼球形状的宝珠，似乎能在黑暗中闪烁。曾有一颗圣树遭遇雷击，但丝毫没有损毁。树的香脂将雷电保留在其中，可以提供雷电攻击抗性 "	"Bead carefully carved in the shape of an eyeball that appears to glint in the dark. A sacred tree was struck by lightning, but did not suffer any damage. Its resin did not allow the lightning to escape, so it still remains in the amber nucleus, providing great protection against electrical attacks. "	"Cuenta cuidadosamente tallada con la forma de un globo ocular, que parece emitir destellos en la oscuridad. Un árbol sagrado fue alcanzado por un rayo, pero no sufrió daño alguno. Su resina no dejó escapar el relámpago, que aún perdura en las entrañas del ámbar, otorgando gran protección ante ataques eléctricos. "
RosaryBead/RB31_LORE	这是最早的一棵寒冰树，我们都要向它跪拜祈祷，在它畸形而又苍白的寒冰树干上，人们可以看到一张虔诚而又悲伤的脸。一天，这张脸的眼部流下了眼泪。树汁眼泪闪耀着金光…这就是琥珀之眼…	This was the first frozen tree, the first for which we all kneeled to pray, the first in which one could see a face, pious and sorrowful, among the deformities of the pale, frozen trunk. One day it wept from the concavities that shaped his eyes. He wept sap, so golden, so brilliant... The Amber Eye...	Este fue primer árbol helado, el primero al que todos nos postramos a rezar, el primero en el que se podía ver un rostro, piadoso y apesadumbrado, entre las deformidades de su pálido tronco congelado. Un día lloró por las concavidades que daban forma a sus ojos. Lloró savia, tan dorada, tan brillante... El Ojo de Ámbar...
RosaryBead/RB32_CAPTION	空心钟	Muted Bell	Cascabel Mudo
RosaryBead/RB32_DESCRIPTION	锡制的钟，现在中间已经空了。奇怪的是，人们可以听到钟发出奇怪的声响。可以提供少许魔法抗性	Tin bell, now empty. Strangely, one could swear to hear a slight tinkling in the presence of strange energies. Slightly protects its wearer from attacks of magical nature.	Campanilla de hojalata vacía. Extrañamente, parece emitir ligero tintineo en presencia de energías extrañas, y protege a su portador ligeramente de ataques de naturaleza mágica.
RosaryBead/RB32_LORE	当他进入摆满画作与塑像的房间时，他惊奇地发现在一张满是尘土的布下，有一个大理石人形塑像，似乎要给他什么东西。塑像冰冷的手中有个东西在闪闪发亮，这引起了他的注意：那是一个形状不规则的果子，有苹果大小，银光闪闪，看起来似乎很美味。他饿极了，于是拿起来便啃，但是下嘴之后却疼得直叫唤，因为这果子是金属材质的。他大为不解，于是从附近拿来一块石头用尽全力去砸果子，他把果子砸了个小缝，从中涌出了红色的汁液。他想都没想，直接喝了起来，这汁液尝起来就像血液一样咸	When he entered that room full of paintings and statues, he was surprised to find, under a dirty sheet, the marble figure of a man who seemed to offer him something. Something lustrous that he held in his cold stone hands caught his attention a shapeless fruit, the size of an apple, with a silvery glow and a delicious appearance. Hungry as he was, he took it, but when he tried to bite it he had to hold back a yelp of pain, for the fruit turned out to be made of metal. Confused, he grabbed a nearby stone and smashed the fruit with all his might, managing to make a small crack in it, from which a dense reddish liquid poured. Without thinking it twice, he drank the liquid, which tasted salty like blood.	Cuando entró en aquella sala llena de cuadros y estatuas, encontró bajo una sábana sucia la figura de mármol de un hombre que parecía ofrecerle algo. Algo brillante que sostenía entre las frías manos de piedra le llamó la atención una fruta informe, del tamaño de una manzana, de un brillo plateado y de aspecto delicioso. Hambriento como estaba, la tomó, pero al intentar morderla contuvo un grito de dolor, pues la fruta resultaba ser de metal. Confundido, agarró una piedra cercana y golpeó la fruta con todas sus fuerzas consiguiendo hacerle un pequeño hueco del que emanó un líquido rojizo denso. Sin pensarlo dos veces bebió aquel líquido que le supo salado como la sangre.
RosaryBead/RB33_CAPTION	神圣紫晶	Consecrated Amethyst	Amatista Consagrada
RosaryBead/RB33_DESCRIPTION	"这块宝石散发的气味如同焚香，在万母之母教会中，华美的香炉上镶嵌着珍贵的宝石与宝珠，这些宝石每天都被焚香的烟气所供奉着。这块紫水晶是其中最好的一枚，可以给携带者提供极强的魔法抗性 "	"A gem that gives off an intense aroma of incense. In the Mother of Mothers, the ornate incense burners were filled with precious gems and beads, consecrating them with their vapours. This amethyst comes from the greatest of them all, and its blessing gives the wearer great protection against magical attacks. "	"Gema que desprende un intenso perfume a incienso. En la Madre de Madres, los ornados incensarios se llenaban de gemas preciosas y abalorios, consagrándolos con sus vapores. Ésta amatista proviene del mayor de todos, y su bendición otorga gran protección al portador ante ataques mágicos. "
RosaryBead/RB33_LORE	把所有的珠宝，所有的宝石，所有宝箱里的黄金都奉献给他，因为今天我们将为他披上圣衣，高举他的圣体至最高处。	"Take all the jewels, all the precious stones, all the gold from those chests to consecrate him, for today we will clothe the saint and raise his body to the highest. "	Coge todas las joyas, todas las piedras preciosas, todo el oro de esos cofres para consagrarlo, pues hoy vestiremos al santo y elevaremos su cuerpo hasta lo más alto.
RosaryBead/RB34_CAPTION	碎星余烬	Embers of a Broken Star	Rescoldos de la Estrella Rota
RosaryBead/RB34_DESCRIPTION	一种罕见的矿物，矿工在深渊裂隙发现，但矿工早已被人遗忘。这里幽暗无光，这个可怜的灵魂在迷宫之中迷失了自己的心智。@可以提升攻击产生的信仰	Unfamiliar mineral, found in a deep crevice by a forgotten miner. The poor soul lost his mind in the labyrinth of its facets, which reflect a non-existent light.@It increases the Fervour generated with attacks.	Extraño mineral, encontrado en una profunda grieta por un minero olvidado. El pobre diablo perdió su mente en el laberinto de sus facetas, que reflejan una luz inexistente.@Aumenta el Fervor generado con los ataques.
RosaryBead/RB34_LORE	我找到啦！这就是天上的星光！他们没有骗人。幽冷的暗处有东西在闪光，星光在召唤我们…它想要出来…想要重回天上，但这可不行，因为现在它是我的了…	I found it! It's the light of the star! What they were saying is true. Something was shining in this frozen darkness. The light of the star was calling us... It wanted to get out... It wanted to return to the heavens, but now it won't be possible, for now it's mine...	¡La he encontrado! ¡Es la luz de la estrella! Era verdad lo que decían. Algo brillaba en esta oscuridad helada. La luz de la estrella nos estaba llamando... quería salir... quería volver a los cielos, pero ya no podrá, ahora es mía...
RosaryBead/RB35_CAPTION	污损的金币	Scaly Coin	Moneda Escamosa
RosaryBead/RB35_DESCRIPTION	一枚令人不安的金币，被爬行动物蜕去的皮所掩盖。上面雕有一只爪子，被认为是贪婪的象征，并且可以增加每次攻击所获得的悔过之泪的数量。	Disturbing golden disc, covered by the dry moult of a reptile. The bas-relief of a claw was considered a symbol of greed, and increases the number of Tears of Atonement harvested with each attack.	Inquietante disco dorado, cubierto por la muda reseca de un reptil. El bajorrelieve de la garra era considerado símbolo de avaricia, y aumenta el número de Lágrimas de Enmienda cosechadas con cada ataque.
RosaryBead/RB35_LORE	"看这画上…马在读圣书，猴子在扮主教，一群人在拜爬虫。你听到低语声了吗？是兄弟会的人在拿这些画面警告我们。我们必须把这本书放回原处 "	"Look at this page, at the drawings it contains... A horse reading the Holy Scriptures, monkeys dressed as bishops, and a reptile being worshipped by a crowd. Do you hear those murmurs? It is the brothers, warning us of the danger of these pages. We must leave this book in its place. "	"Fijaos en esta página, en sus dibujos... Un caballo leyendo las santas escrituras, monos vestidos como obispos, y un reptil siendo adorado por la muchedumbre. ¿Oyes esos susurros? Son los hermanos que nos advierten del peligro de estas páginas. Debemos dejar este libro en su lugar. "
RosaryBead/RB36_CAPTION	反旋贝壳	Seashell of the Inverted Spiral	Concha de la Espiral Invertida
RosaryBead/RB36_DESCRIPTION	这块贝壳藏在沙中，它的曲线简直令人难以置信。它的形状如此扭曲，因为其中蕴藏着一首断魂悲曲，可以提升携带者的抵抗力，为携带者提供元素伤害抗性.	Seashell with impossible curves, found on the sand. Its shape caught the echoes of a painful song, which increase in intensity with the suffering of the wearer. It provides some protection against all elemental damage.	Caracola de curvas imposibles, encontrada en la arena. Su forma atrapó los ecos de un doloroso cantar, que aumentan de intensidad con el sufrimiento del portador. Otorgan algo de protección contra todo el daño elemental.
RosaryBead/RB36_LORE	这块贝壳对她来说价值非凡。贝壳的螺纹反旋，她贴近耳朵便能听到海涛涌去的声音。她的父母认为她这是着魔了，害怕这东西被女巫下了咒，把这东西拿走扔到了悬崖下面。她苦苦寻找，再也没找到这块贝壳。对她来说价值非凡。贝壳的螺纹反旋，她贴近耳朵便能听到海涛涌去的声音。她的父母认为她这是着魔了，害怕这东西被女巫下了咒，把这东西拿走扔到了悬崖下面。她苦苦寻找，再也没找到这块贝壳。	That seashell was of great value to her. She recounted that the shell had its spiral inverted, and that this was why, when she held it close to her ear, she could hear the sound of the waves moving away. Her parents, faced with what seemed like a confession of insanity, and out of fear that there was something of witchcraft in that cursed object, took it away and threw it off the cliff. She, in spite of all her efforts, never managed to find that seashell.	Aquella concha marina tenía un gran valor para ella. Ella contaba que la concha tenía @invertida su espiral y que por eso al acercarla podía oír el sonido de las olas alejándose. Sus padres, ante semejante confesión de insania y por temor a que hubiera algo de la brujería en aquel objeto maldito, se lo arrebataron y lo tiraron por el acantilado. Ella, a pesar de sus esfuerzos, nunca logró encontrar aquella concha.@
RosaryBead/RB37_CAPTION	博学石眼	Calcified Eye of Erudition	Ojo Calcificado de la Erudición
RosaryBead/RB37_DESCRIPTION	这是抄书人阿拉瓦罗斯的眼球，他可以看到其他人眼中隐藏的真相，它那坚毅如石的凝视可以揭露敌人的命门所在	Eyeball belonging to Alavaroz the scribe, who glimpsed the truth hidden to so many other eyes. Its stony scrutiny reveals the vital essence of enemies.	Globo ocular del escribano Alavaroz, que vislumbró la verdad oculta a tantas otras miradas. Su pétreo escrutinio revela la esencia vital de los enemigos.
RosaryBead/RB37_LORE	他的身体被固定了，在忏悔的呼喊声中， 他的皮肤开始变得更白，更白，直到它最终成为石灰石。当他即将成为一个完整的雕像时，在最后的叹息中， 他的眼泪使他的一只眼睛变得柔和，以至于他设法通过摔倒在地，将自己与身体的其他部分分开。然后我们谨慎地将她坚硬的石灰体从她的牢房移到了大教堂的下面，那里也存放着其他禁用的雕像，我们在她身上放了一台宽大的织布机，这样就没有其他人知道她沉睡于此，并曾受到奇迹，即伟大的抄写员的惩罚。	His body was immobilized, and amid cries of repentance his skin began to turn whiter and whiter until it finally became limestone. As he was about to become a complete statue, in a final sigh his tears softened one of his eyes that he managed to separate himself from the rest of the body by falling to the ground. Then we discreetly moved her rigid body of lime from her cell to the lower parts of the archicatedral along with the other forbidden statues, we put a wide loom over her so that no one else would know that under her would sleep, punished by the miracle, the Great Scribe.	Su cuerpo quedó inmovilizado, y entre gritos de arrepentimiento su piel empezó a tornarse cada vez más blanca hasta volverse finalmente cal. Cuando estaba por convertirse completamente en estatua, en un último suspiro sus lágrimas reblandecieron uno de sus ojos, el cual consiguió separarse del resto del cuerpo cayendo al suelo. Entonces trasladamos discretamente su rígido cuerpo de cal desde su celda hasta las partes más bajas de la archicatedral, junto con las demás estatuas prohibidas. Le pusimos un ancho telar encima y así nadie más sabría que bajo él dormiría, castigado por el milagro, el Escribano Mayor.
RosaryBead/RB38_CAPTION	无暇宝珠	Immaculate Bead	Cuenta Inmaculada
RosaryBead/RB38_DESCRIPTION	简简单单一颗宝珠，不为任何目的而造。它的外表原始如初，未曾被狂热之人染指	Simple bead, devoid of purpose. Its pristine surface has never been soiled by fervent fingers.	"Simple abalorio, carente de propósito alguno. Su prístina superficie nunca fue ensuciada por dedos fervorosos. "
RosaryBead/RB38_LORE	「我有些东西要给你，不能告诉别人…」流浪的婆子叫住了骑在驴上的修道士，她给他看了一块精美的奇异白石。「这东西来自于海底黑暗之处，想想它是多么纯洁，看看它是多么白净，多么光鲜…用这东西来做念珠，恐怕是再纯净不过了吧，修道士？」	"""I have something for you, and for you alone..."" revealed the gipsy to a monk who had just stopped his donkey, as she uncovered a white stone possessing a strange beauty. ""It comes from the darkness of the ocean floor. Contemplate its purity, look at its immaculate white, its virgin brilliance... What could be purer than this for your rosary, brother?"""	"""Tengo algo para vos, solo para vos..."", dijo la gitana al monje que acababa de detener a su asno mientras destapaba una piedra blanca de extraña belleza. ""Viene de la oscuridad de fondo del mar. Fijáos en su pureza, fijaos en su blanco inmaculado, en su brillo virgen... ¿Qué hay más puro que esto para su rosario, hermano?"""
RosaryBead/RB39_CAPTION	罪痕宝珠	Bead Marked by Guilt	Cuenta Marcada por la Culpa
RosaryBead/RB39_DESCRIPTION	可以吸收携带者罪过的宝珠。若想看清里面的扭曲的黑斑恐怕并非易事，但是这颗宝珠摸起来无疑是冰冷透彻。只要宝珠未被完全玷污，将它作为念珠就可以防止世间的罪过累积	"Bead that has absorbed the Guilt of its bearer. It may be difficult to perceive the dark macula that twists inside, but the cold it gives to the touch leaves no room for doubt. Wearing it in your rosary prevents the accumulation of Guilt in the world, at least while the bead retains part of its purity. "	Cuenta que ha absorbido la Culpa de su portador. Es difícil percibir la mácula oscura que se retuerce en su interior, pero el frío que desprende al tocarla no deja lugar a dudas. Llevarla en tu rosario evita la acumulación de Culpa en el mundo, al menos mientras la cuenta conserve parte de su pureza. @
RosaryBead/RB39_LORE	「我有些东西要给你，不能告诉别人…」流浪的婆子叫住了骑在驴上的修道士，她给他看了一块精美的奇异白石。「这东西来自于海底黑暗之处，想想它是多么纯洁，看看它是多么白净，多么光鲜…用这东西来做念珠，恐怕是再纯净不过了吧，修道士？」	"""I have something for you, and for you alone..."" revealed the gipsy to a monk who had just stopped his donkey, as she uncovered a white stone possessing a strange beauty. ""It comes from the darkness of the ocean floor. Contemplate its purity, look at its immaculate white, its virgin brilliance... What could be purer than this for your rosary, brother?"""	"""Tengo algo para vos, solo para vos..."", dijo la gitana al monje que acababa de detener a su asno mientras destapaba una piedra blanca de extraña belleza. ""Viene de la oscuridad de fondo del mar. Fijáos en su pureza, fijaos en su blanco inmaculado, en su brillo virgen... ¿Qué hay más puro que esto para su rosario, hermano?"""
RosaryBead/RB40_CAPTION	罪污宝珠	Bead Tainted by Guilt	Cuenta Mancillada por la Culpa
RosaryBead/RB40_DESCRIPTION	可以多次吸收携带者罪过的宝珠。它的中心处压有一团黑色的旋渍，似乎要喷薄而出。只要宝珠未被完全玷污，将它作为念珠就可以防止世间的罪过累积	"Bead that has absorbed the Guilt of its bearer on several occasions. In its nucleus there lies a black spiral, twisting and stirring in outbursts of wrath. Wearing it in your rosary prevents the accumulation of Guilt in the world, at least while the bead retains part of its purity. "	Cuenta que ha absorbido la Culpa de su portador en varias ocasiones. En su núcleo gira una espiral negra, removiéndose en arrebatos de furia. Llevarla en tu rosario evita la acumulación de Culpa en el mundo, al menos mientras la cuenta conserve parte de su pureza. @
RosaryBead/RB40_LORE	「我有些东西要给你，不能告诉别人…」流浪的婆子叫住了骑在驴上的修道士，她给他看了一块精美的奇异白石。「这东西来自于海底黑暗之处，想想它是多么纯洁，看看它是多么白净，多么光鲜…用这东西来做念珠，恐怕是再纯净不过了吧，修道士？」	"""I have something for you, and for you alone..."" revealed the gipsy to a monk who had just stopped his donkey, as she uncovered a white stone possessing a strange beauty. ""It comes from the darkness of the ocean floor. Contemplate its purity, look at its immaculate white, its virgin brilliance... What could be purer than this for your rosary, brother?"""	"""Tengo algo para vos, solo para vos..."", dijo la gitana al monje que acababa de detener a su asno mientras destapaba una piedra blanca de extraña belleza. ""Viene de la oscuridad de fondo del mar. Fijáos en su pureza, fijaos en su blanco inmaculado, en su brillo virgen... ¿Qué hay más puro que esto para su rosario, hermano?"""
RosaryBead/RB41_CAPTION	如山罪愆	Weight of True Guilt	Peso de la Verdadera Culpa
RosaryBead/RB41_DESCRIPTION	一颗完全被污染的宝珠，会一直吸收携带者的罪过，直到吸满为止。其中所藏的罪过宛若狂风怒吼，回荡着往日罪愆的声音。@悔过者的塑像常会手持这种宝珠，从教区的悔过教民身上吸取罪过	Bead completely tainted that has absorbed the sins of its wearer until completely filled. Encloses a storm of Guilt, and rumbles with the echoes of past mistakes.@Statues of Confessors used to carry beads like this, reaping Guilt from repentant parishioners.	Esfera completamente impura, que ha absorbido los pecados de su portador hasta llenarse del todo. Contiene una tormenta de Culpa, y retumba con los ecos de errores pasados.@Las estatuas de los Confesores solían portar cuentas como ésta, cosechando Culpa de los feligreses arrepentidos. @
RosaryBead/RB41_LORE	「我有些东西要给你，不能告诉别人…」流浪的婆子叫住了骑在驴上的修道士，她给他看了一块精美的奇异白石。「这东西来自于海底黑暗之处，想想它是多么纯洁，看看它是多么白净，多么光鲜…用这东西来做念珠，恐怕是再纯净不过了吧，修道士？」	"""I have something for you, and for you alone..."" revealed the gipsy to a monk who had just stopped his donkey, as she uncovered a white stone possessing a strange beauty. ""It comes from the darkness of the ocean floor. Contemplate its purity, look at its immaculate white, its virgin brilliance... What could be purer than this for your rosary, brother?"""	"""Tengo algo para vos, solo para vos..."", dijo la gitana al monje que acababa de detener a su asno mientras destapaba una piedra blanca de extraña belleza. ""Viene de la oscuridad de fondo del mar. Fijáos en su pureza, fijaos en su blanco inmaculado, en su brillo virgen... ¿Qué hay más puro que esto para su rosario, hermano?"""
RosaryBead/RB42_CAPTION	象牙半身像	Bust Carved in Ivory	Cabeza Tallada en Marfil
RosaryBead/RB42_DESCRIPTION	优美圆润的塑像，雕刻的是一张小天使的脸庞。只有月之子才能造出这种护身圣物，它可以召唤守卫来陪伴携带者。能够略微提升获得的信仰与赎罪之泪，并且可以帮助找到失散的兄弟	Polished effigy depicting the face of a cherub. Only the Son of the Moon is capable of creating such an amulet, capable of summoning a guardian to accompany its bearer. Slightly increases the gain of Fervour and Tears of Atonement, and helps find the lost brothers.	"Efigie pulida que muestra el rostro de un querubín. Solo el Hijo de la Luna es capaz de crear un amuleto como este, capaz de invocar un guardián para que acompañe a su portador. Aumenta ligeramente la ganancia de Fervor y Lágrimas de Enmienda, y ayuda a encontrar a sus hermanos perdidos. "
RosaryBead/RB42_LORE	一束强光射过彩色大玻璃，虽然强烈刺眼，但我还是向它看去；这光束照得我眼花，但我毫不在意。我一直盯着，发现几个不怎么大的身影从中降下，他们似乎是在空中手舞足蹈地玩耍着。我也是满心欢愉，于是我伸出手臂想要触碰他们，但是当我能看清时，他们已经消失不见了	A strong light came in through the main stained glass window and, despite its intensity, I stared at it; it dazzled me, but I didn't care. Without looking away, I saw small silhouettes coming down, and they seemed to be dancing and playing up in the air. My heart was filled with joy, and I raised my arms so as to touch them, but when I recovered my vision, the figures were no longer there.	Una luz fuerte entró por la vidriera mayor y, a pesar de su intensidad, la miré, deslumbrándome, pero no me importó. Mas sin apartar la mirada vi que bajaban unas siluetas pequeñas, que parecían bailar y jugar en lo alto. Mi corazón se llenó de gozo y levanté mis brazos para poder tocarlas, pero cuando recuperé mi visión las figuras ya no estaban allí.
ST00_PENITENT/DLG_0001_0	以伟大磨难和奇迹之子的名义	In the name of the Great Ordeal and the Sons of the Miracle.	En nombre del Suplicio Mayor y de los Hijos del Milagro.
ST00_PENITENT/DLG_0002_0	愿我面容上的黄金可以融化，以抹去你灵魂上的磨难	May the gold in my visage melt and erase the Attrition of your soul.	Que el oro de mi rostro derrita y borre la Atrición de vuestra alma.
ST00_PENITENT/DLG_0003_0	愿我面容上的黄金可以融化，以抹去你灵魂上的悔悟	May the gold in my visage melt and erase the Contrition of your soul.	Que el oro de mi rostro derrita y borre la Contrición de vuestra alma.
ST00_PENITENT/DLG_0004_0	愿我面容上的黄金可以融化，以抹去你灵魂上的内疚	May the gold in my visage melt and erase the Compunction of your soul.	Que el oro de mi rostro derrita y borre la Compunción de vuestra alma.
ST00_PENITENT/DLG_0005_0	罪过之心，现已自梦中返回	Heart of guilt, return now from the dream.	Corazón de la culpa, regresad ahora del Sueño.
ST00_PENITENT/DLG_0010_0	当你在我至圣的身体前谦卑不已时，你就得到了我金色的面容，那是灵魂三难之一的守护者	When you humbled yourself before my most holy body, you have been granted the presence of my golden visage, custodian of one of the Three Sorrows of the soul in penance.	Al humillaros ante mi santo cuerpo, se os ha concedido la presencia de mi rostro dorado, custodio de uno de los Tres Dolores del alma en penitencia.
ST00_PENITENT/DLG_0010_1	就像它选中了你一样，我们的奇迹在所有虔诚者中选择了我，来走在这神圣的大海上	Our Miracle has chosen me amongst all the pious, just as it chose you, to walk on this sacred sea.	Nuestro Milagro me ha elegido de entre todos los piadosos, así como a vos para caminar sobre este sagrado mar.
ST01_DEOSGRACIAS/DLG_0101_0	发自内心地忏悔吧，忏悔者。长兄会的苦痛如今已到了尽头	Regretful be the heart, Penitent One. The anguish of the Eldest Brother has now come to an end.	Pesaroso corazón sea, Penitente. El tormento del Hermano Mayor ha terminado.
ST01_DEOSGRACIAS/DLG_0101_1	我是迪欧加卡斯，苦痛奇迹的见证者与讲述人。这就是我的忏悔，正如你的沉默	I am Deogracias, witness to and narrator of the acts of the Grievous Miracle. Such is my penance, as yours is silence.	Soy Deogracias, testigo y relator de los hechos del Milagro Doloroso. Esa es mi penitencia, como la vuestra es el silencio.
ST01_DEOSGRACIAS/DLG_0102_0	你已进行了第一次羞辱忏悔	You have carried out the first Humiliation of Penance.	Habéis realizado la primera Humillación de Penitencia.
ST01_DEOSGRACIAS/DLG_0103_0	你已可与悔悟之面相见	You have been allowed to meet the Visage of Contrition.	Se os ha permitido conocer la Faz de la Contrición.
ST01_DEOSGRACIAS/DLG_0104_0	你已见到了磨难之面	You have met the Visage of Attrition.	Habéis conocido la Faz de la Atrición.
ST01_DEOSGRACIAS/DLG_0105_0	你还没有拜倒在另两张神圣面容之前	You have yet to prostrate before two last Holy Visages.	Os quedan dos Santos Rostros a los que postraros.
ST01_DEOSGRACIAS/DLG_0106_0	你还没有拜倒在另一张神圣面容之前	You have yet to prostrate before one last Holy Visage.	Os queda una Santa Faz a la que postraros.
ST01_DEOSGRACIAS/DLG_0107_0	忏悔者在神圣监护面容面前默默地鞠躬之后，骷髅地桥尽头的门就打开了	Penitent One in silence, after bowing before the Holy Custodian Visages, the door at the end of the Bridge of Calvary has been opened.	Penitente en el silencio, tras haberos humillado ante los Santos Rostros Custodiantes, la puerta al final del Puente del Calvario se ha abierto.
ST01_DEOSGRACIAS/DLG_0107_1	现在，在圣王严厉的目光下穿过它的门槛	Traverse now its threshold under the strict eye of His Holiness.	Cruzad ahora su umbral bajo la férrea mirada de Su Santidad.
ST01_DEOSGRACIAS/DLG_0107_2	我们忏悔者背负着这样的罪过，也许是苦难在让我们苟延残喘。但要小心：或许有一天，它会悄无声息地混在祷文中猝然降临	We penitents carry such guilt that perhaps the Affliction is giving us a second breath. But be wary amongst prayers it might silently come creeping to us one day.	Los penitentes cargamos con una culpa tal que quizás la Aflicción nos da un segundo aliento. Pero no os confiéis puede que entre plegarias nos llegue reptando sigilosamente algún día.
ST01_DEOSGRACIAS/DLG_0108_0	你已可与内疚之面相见	You have been allowed to behold the Visage of Compunction.	Se os ha permitido presenciar el Rostro de la Compunción.
ST01_DEOSGRACIAS/DLG_0109_0	你已进行了第二次羞辱忏悔	You have carried out the second Humiliation of Penance.	Habéis realizado la segunda Humillación de Penitencia.
ST01_DEOSGRACIAS/DLG_01101_0	这不可能…	It is not possible...	No es posible...
ST01_DEOSGRACIAS/DLG_01101_1	被遗忘几百年的东西又回来了	That which bears hundreds of years of oblivion has returned.	Lo que carga con cientos de años de olvido ha vuelto.
ST01_DEOSGRACIAS/DLG_01101_2	它回来了…	It has returned...	Ha vuelto...
ST01_DEOSGRACIAS/DLG_01102_0	我听到了钢铁破碎、震动和弯曲的声音。从远处，我看到这棵红色的树长出了更多的树枝	"I heard the iron creak, quake and bend. From afar, I saw that more branches had grown from this reddish tree. "	"Oí al hierro crujir, temblar y doblarse. Desde lejos vi que habían crecido más ramas de este árbol rojizo. "
ST01_DEOSGRACIAS/DLG_01102_1	奇迹现在为我们准备了什么新考验？什么新启示呢？	What new trial does the Miracle have in store for us now? What new revelation?	¿Qué nueva prueba nos aguarda ahora el Milagro? ¿Qué nueva revelación?
ST01_DEOSGRACIAS/DLG_01103_0	所发生的一切，将只有你与古老奇迹方可知晓	What has happened will stay between the Ancient Miracle and you.	Lo que ha ocurrido quedará entre el Milagro Antiguo y vos.
ST01_DEOSGRACIAS/DLG_01104_0	那些被遗忘的，必须继续被遗忘下去	What has been forgotten must remain forgotten.	Lo olvidado deberá permanecer olvidado.
ST01_DEOSGRACIAS/DLG_0111_0	发自内心地悲痛吧，忏悔者	Sorrowful be the Heart, Penitent One.	Pesaroso corazón sea, Penitente.
ST01_DEOSGRACIAS/DLG_0112_0	一道巨大、神圣的禁忌之门在大陆中隔离出了一处远方之地	It is a remote place separated from the rest of these lands by a great sacred and forbidden door.	Es un lugar remoto separado del resto de estas tierras por una gran puerta sagrada y prohibida.
ST01_DEOSGRACIAS/DLG_0113_0	即使像我这样聪明的忏悔者也不知道高墙之外有什么	Even a wise penitent like me knows nothing of what lies beyond those high walls.	Incluso un penitente de sapiencia como yo desconoce lo que hay tras esos altos muros.
ST01_DEOSGRACIAS/DLG_0113_1	然而据我所知，根据圣约，人必须执行三种羞辱，才能接近他们守卫的东西	However, what I do know is that, according to The Rule, one must carry out the Three Humiliations to gain access to what they guard.	Pero sí tengo en conocimiento que, según reza La Regla, deberéis realizar las Tres Humillaciones para ganar el acceso a lo que guardan.
ST01_DEOSGRACIAS/DLG_0114_0	拿上这根刺，把它安装在你的剑柄上	Take this thorn and place it on the handle of your sword.	Tomad esta espina y colocadla en el pomo de vuestra espada.
ST01_DEOSGRACIAS/DLG_0114_1	如果真到了你需要紧紧握住武器的那天，你会发现它会伤到你，让你流出血来…	If, when the time comes, as you grip your weapon firmly, you notice that it wounds you, and makes you bleed...	Si, llegado el momento, al apretar el arma fuertemente notáis que os hiere, os sangra...
ST01_DEOSGRACIAS/DLG_0114_2	它会成长，长出更多的刺，在旋钮上刻着的圣父图像上扭动着…	Having grown, with more thorns sprouting from it, writhing over the figure of the Father carved into the knob...	Habiendo crecido, brotando más espinas de ella, retorciéndose por la figura del Padre esculpida en el pomo...
ST01_DEOSGRACIAS/DLG_0114_3	这将意味着你将受制于苦痛奇迹，无论是它的惩罚还是它的宽恕	That will mean that you are at the mercy of the Grievous Miracle, whether for its punishment or its forgiveness.	Significará que estáis a merced del Milagro Doloroso, ya sea de su castigo o de su perdón.
ST01_DEOSGRACIAS/DLG_0115_0	其中之一须在高山上举行，那里覆盖着厚厚的积雪和寒冰	One of them must be performed in the high mountains, covered in thick blankets of snow and ice.	Una de ellas ha de hacerse en las altas montañas cubiertas bajo gruesos mantos de nieve y hielo.
ST01_DEOSGRACIAS/DLG_0115_1	另一项则在黑暗的、被埋葬的教堂的深处，沉睡者正躺在那里	Another in the depths of a dark, entombed church, where the sleeper lies.	Otra en lo más profundo de una oscura iglesia sepultada, donde reposa el durmiente.
ST01_DEOSGRACIAS/DLG_0115_2	最后一项则位于呻吟者们从铁螺旋中抓爬出的小径尽头，在这口深入地下，名叫洪多的大钟的深处	And the last one at the end of the trail carved by moans that claw their way out of an iron spiral. In the bowels of the bell named Jondo that grows into the earth.	Y la última al final de la senda que dejan los lamentos por una espiral de hierro. En las entrañas de la campana que crece hacia abajo, de nombre Jondo.
ST01_DEOSGRACIAS/DLG_0116_0	你从惩戒中拯救出来的是奎尔斯，一名庇护者	The one you have pulled from Punishment was Quirce, one of the Sheltered.	Aquel al que has sacado del Castigo era Quirce, uno de los Amparados.
ST01_DEOSGRACIAS/DLG_0116_1	他被以异端罪不公正地判处了火刑，裁判官们亲眼目睹了他的身体在可怕的祷文和哭喊中被火焰吞噬	He was unjustly condemned to the stake for heresy, and the inquisitors bore witness to the flames engulfing his body amidst an atrocious communion of prayers and cries.	"Aquel fue injustamente condenado a la hoguera por herejía y los inquisidores fueron testigos de cómo las llamas consumieron enteramente su cuerpo entre lamentos y rezos en comunión atroz. "
ST01_DEOSGRACIAS/DLG_0116_2	然而，当一切都结束，火焰熄灭后，仁慈的奇迹又把它们唤了出来，从它们身上，从灰烬之中，奎尔斯的躯体又复活了	Still, when it was over, and the flames had died, the merciful Miracle called them forth again, and from them, from the ashes and embers, the body of Quirce rose anew.	Pero cuando todo había terminado y las llamas se hubieron apagado, el Milagro misericordioso las llamó de nuevo, y de ellas, de las cenizas y el carbón, el cuerpo de Quirce se erigió de nuevo.
ST01_DEOSGRACIAS/DLG_0116_3	因为火焰正是奇迹之路	For fiery are the paths of the Miracle.	Pues llameantes son los caminos del Milagro.
ST01_DEOSGRACIAS/DLG_0117_0	被你从惩戒中解救出来的是佩佩塔和埃达斯，他们是一对弃婴兄妹，后来成为了圣王的卫士	Those you have removed from Punishment were Perpetva and Esdras, foundling siblings who went on to be part of His Holiness' Guard.	Aquellos a los que habéis sacado del Castigo eran Perpetva y Esdras, hermanos expósitos que acabaron perteneciendo a la guardia de Su Santidad.
ST01_DEOSGRACIAS/DLG_0117_1	据说佩佩塔即使在死后也能和她的哥哥说话	It was said that Perpertva could speak to her brother even after death.	Se decía que Perpetva podía hablar con su hermano después de muerta.
ST01_DEOSGRACIAS/DLG_0117_2	因为扭曲正是奇迹之路	For twisted are the paths of the Miracle.	Pues nudosos son los caminos del Milagro.
ST01_DEOSGRACIAS/DLG_0118_0	三字之结。这就是第一奇迹发生的地方。一个虔诚而痛苦的年轻人请求至高意志惩罚他	The Knot of the Three Words. Here is where the First Miracle took place. One devout and tormented youngster asked the High Will for punishment.	El Nudo de las Tres Palabras. Aquí ocurrió el Primer Milagro. Aquel piadoso y atormentado joven pidió a la Alta Voluntad ser castigado.
ST01_DEOSGRACIAS/DLG_0118_1	他把一根木头放在他坐着祈祷的地方。他祈祷希望有人能听见	He placed a wooden log where he sat and prayed. He prayed hoping to be heard.	Colocó un tronco de madera, donde se apostó y rezó. Rezó esperando ser escuchado.
ST01_DEOSGRACIAS/DLG_0118_2	他祈求痛苦，这样他就能减轻刺痛他灵魂的罪恶感。然后奇迹就出现了	He prayed for pain, so he could ease the guilt that sharply pierced his soul. Then the Miracle manifested itself.	Rezó para pedir dolor y así aliviar la gran culpa que se le clavaba afilada en el alma. Entonces el Milagro se manifestó.
ST01_DEOSGRACIAS/DLG_0118_3	它令根须长了出来，并且缠住了他的手臂与腿脚，但他既没有喊叫，也没有抱怨	It made roots grow and twist over his arms and legs, but not a cry nor a complaint came out from his mouth.	Le crecieron raíces en sus brazos y piernas que lo retorcieron, pero ningún lamento surgió de su labios, ninguna queja.
ST01_DEOSGRACIAS/DLG_0118_4	这地的居民都为这事作了见证。他们都在那个年轻人永恒的愉悦面前祷告	Every inhabitant of this land bore witness to it, and all of them prayed before the besought eternal joy of that youngster.	Todos los que habitaban estas tierras fueron testigos de aquello y todos rezaron ante la suplicada dicha interminable de aquel joven.
ST01_DEOSGRACIAS/DLG_0118_5	这棵在他死后数年才发芽的三元树被命名为「三字之结」，因为三是它扭曲的树干的数量，也是那年轻人临终遗言的字数：吾罪甚	This triune tree that sprouted years after his death was named The Knot of the Three Words, for three are its twisted trunks, and three were the words spoken by that youngster before he died My Great Guilt.	Este árbol trino que brotó años después de su muerte fue llamado Nudo de las Tres Palabras, pues tres son sus troncos anudados y tres fueron las únicas que pronunció el joven antes de morir Mi Gran Culpa.
ST01_DEOSGRACIAS/DLG_0118_6	每年它的树心中都会流出一种金色的、燃烧着的液体，使他的记忆永存，或许还能提醒我们，第一奇迹并没有抛弃我们	Every year, from its core, flows a golden, burning liquid, perpetuating his memory, and, perhaps, to remind us that the First Miracle has not abandoned us.	Cada año fluye de su interior oro líquido y ardiente, perpetuando su recuerdo y quizás para recordarnos que el Primer Milagro no nos ha abandonado.
ST01_DEOSGRACIAS/DLG_0118_7	因为扭曲正是，曾是，也将是奇迹之路	For twisted are, were and will be, the paths of the Miracle.	Pues nudosos son, fueron y serán los caminos del Milagro.
ST01_DEOSGRACIAS/DLG_0120_0	你把圣王从痛苦的折磨中释放了出来，现在他正走在大梦境的另一边	You have freed His Holiness from his afflicted torment, and now he walks by the old processions on the other side of the Dream.	Habéis liberado a Su Santidad de su afligido tormento, ahora camina junto a las procesiones antiguas al otro lado del Sueño.
ST01_DEOSGRACIAS/DLG_0120_1	这是苦痛奇迹的摇篮，当圣父默默地为他那神圣的扭曲时刻感到悲伤时，他的额上流出的鲜血与黄金铸就了最后的圣物，这就是圣杯。	The Cradle of the Grievous Miracle, the final relic, the grail of blood and gold that emanated from the forehead of the Father as he silently lamented the moment of his blessed twisting.	"La Cuna del Milagro Doloroso, la reliquia definitiva, la copa de sangre y oro que emanó de la frente del Padre mientras lamentaba mudo en el momento de su bendito retorcimiento. "
ST01_DEOSGRACIAS/DLG_0120_2	第一件圣物就在这里，在翻转王座旁边的灰山山顶之上，我们不可思议的痛苦正在那里亲吻着圣王	That first relic is here, at the top of the ashen mountain next to the Turned Throne where His Holiness was kissed by our Miraculous Pain.	Esa primera reliquia está aquí, en lo alto de la montaña de ceniza junto al Trono Girado donde Su Santidad fue besada por nuestro Dolor Milagroso.
ST01_DEOSGRACIAS/DLG_0120_3	现在，与奇迹的最后交流正在等待着你	And now your final communion with the Miracle awaits.	Ahora vuestra comunión final con el Milagro os espera.
ST01_DEOSGRACIAS/DLG_0120_4	只有你才能知道有多少已经渗透进了你的罪恶之心	Only you will be able to know how much of it has seeped into your guilty heart.	Solo vos podréis saber cuánto ha penetrado en vuestro corazón culpable.
ST01_DEOSGRACIAS/DLG_0121_0	这里有一扇门，它的青铜上永远保存着奇迹所选之人的苦难	Here lies the door on whose bronze the ordeals of those chosen by the Miracle are perpetuated.	He aquí la puerta en cuyo bronce se perpetúan los calvarios de los elegidos por el Milagro.
ST01_DEOSGRACIAS/DLG_0121_1	在门上，为使这些艺术形象得到崇拜和崇敬，我们必须进行装饰	On it, for the art of these images to be worshipped and revered, ornamentation must take place.	En ella el arte de las imágenes, para su culto y devoción, requieren el auxilio del ornamento.
ST01_DEOSGRACIAS/DLG_0121_2	圣王的雕像从高处注视着我们，僵硬冷峻，但正是这青铜浮雕会决定谁有资格从它那装饰华丽的拱门下走过	His sculpted Holiness watches us, rigid, from on high, but it is the relief of the bronze that dictates who is worthy of passing under its adorned arch.	Su esculpida Santidad nos observa rígida desde lo alto, pero es el relieve de bronce lo que dictamina quién es digno de cruzar bajo su adornado arco.
ST01_DEOSGRACIAS/DLG_0121_3	找到神圣面容，这样铜像便会得出结论	Find the Holy Visages, and the Bronze will know.	Encuentra a los Santos Rostros, y el Bronce lo sabrá.
ST01_DEOSGRACIAS/DLG_0121_4	因为善变正是奇迹的希望	For fickle are the wishes of the Miracle.	Pues caprichosos son los deseos del Milagro.
ST01_DEOSGRACIAS/DLG_0122_0	与第一奇迹的交流正在等待着你	Your communion with the First Miracle awaits.	Vuestra comunión con el Primer Milagro os espera.
ST01_DEOSGRACIAS/DLG_0123_0	就这样，与生自罪恶之剑的最终交融时刻到来了。这是最后的牺牲，以便完成忏悔，并与苦痛奇迹的邪恶意志切断联系	And thus came the moment of final communion with the sword born of guilt. A last sacrifice in order to finish penance and break off with the ungodly will of the Grievous Miracle.	Y así llegó el momento de la comunión final con la espada nacida de la culpa. Un último sacrificio para terminar su penitencia y con la impiadosa voluntad del Milagro Doloroso.
ST01_DEOSGRACIAS/DLG_0123_1	但是奇迹的计划是反复无常的。忏悔永远不会结束，但会随意改变、伤害与谴责	But the plans of the Miracle are capricious. Penance never ends, but changes, hurts and condemns at will.	Pero los designios del Milagro son caprichosos. La penitencia no termina nunca, mas cambia, duele y condena a voluntad propia.
ST01_DEOSGRACIAS/DLG_0123_2	梦的另一边没有忏悔者的容身之地。他的位置就在这里，在我们中间	There is no place for the Penitent One on the other side of the dream. His place is here, among us.	No hay lugar para el Penitente al otro lado del sueño. Su lugar está aquí, entre nosotros.
ST01_DEOSGRACIAS/DLG_0123_3	他是新的圣父，奇迹幼子	He is the new Father and the last son of the Miracle.	Él es el nuevo Padre y el último hijo del Milagro.
ST01_DEOSGRACIAS/DLG_0123_4	接受我们的祷文吧	Recipient of our prayers.	Destino de nuestras oraciones.
ST01_DEOSGRACIAS/DLG_0123_5	直到永远	For ever and ever.	Por los siglos de los siglos.
ST02_REDENTO/DLG_0201_0	啊，忏悔者！我们在同样的苍穹下走过奇怪的道路。别无他途，别无他法	O, Penitent One! We traverse strange roads under the same firmament. With nay other trade, nay other name.	¡Oh, Penitente! Recorremos sendas extrañas bajo el mismo cielo. Sin más oficio y sin otro nombre.
ST02_REDENTO/DLG_0201_1	我的名字叫瑞登托，是屈膝者修会的赤足朝圣者	My name is Redento, barefoot pilgrim of the Order of the Genuflectors.	Soy clamado Redento, peregrino descalzo de la Orden de los Genuflectores.
ST02_REDENTO/DLG_0201_2	求你不要因为我没有看你的脸而生气，因为我们每时每刻都在前倾，以防我们的眼睛离开道路。这是我们的古老信条	Prithee taketh nay affront in my not looking at thy visage, for we at each moment lean forth, so as not to divert our eyes from the path. Such is our olde precept.	No toméis como ofensa el no miraros al rostro, pues siempre estamos inclinados para no desviar nuestros ojos del camino. Es esa nuestra antigua regla.
ST02_REDENTO/DLG_0201_3	我们倒立在那口埋在地里的大钟洪多之前，它的钟声会撼动大地，直至远方	We are before Jondo, the great buried bell, erected upside down so that its ringing would make the earth tremble and reach distant lands.	Nos encontramos ante Jondo, la gran campana enterrada erigida al revés para que su tañido hiciera vibrar la propia tierra y se extendiera hasta territorios lejanos.
ST02_REDENTO/DLG_0201_4	现在，洪多又发出了深沉的三重呻吟，那呻吟的回声回荡在宽阔的螺旋形圆圈里	Now Jondo resoundeth in a deep triune moan, that traveleth in echoes through its broad spiralling circles.	Ahora en lo que Jondo resuena es un profundo quejido trino, que viaja en ecos por sus largos círculos en espiral.
ST02_REDENTO/DLG_0201_5	我的双脚希望前往这古老山谷的另一边，走向下一个目的地	My feet wish to cross to the other side of this ancient valley to move onto the next destination.	Mis pies desean cruzar al otro lado de este antiguo valle para continuar al siguiente destino.
ST02_REDENTO/DLG_0201_6	啊，我的罪过啊！谁能帮助我？	Oh, my sins! Who could help me?	¡Oh, pecados míos! ¿Quién me podría socorrer?
ST02_REDENTO/DLG_0202_0	忏悔者啊，愿你的事业既不能沉沦你的精神，也不会沉默你的躯体	Penitent One, may thy trades silence neither thy spirit nor thy frame.	Penitente, que no hagan callo vuestros oficios ni en el alma ni en el cuerpo.
ST02_REDENTO/DLG_0203_0	哦！你回应了我的祷文！修会感谢你的帮助！	Oh! Thou art the answer to my prayers! The Order thanketh thee for thine aid.	¡Oh! ¡Sois la respuesta a mis plegarias! La Orden agradece vuestro auxilio.
ST02_REDENTO/DLG_0203_1	对我来说，留在此地已毫无价值。忏悔者啊，去追随圣父吧	It is of little use for me to remain here. Go with the Father, oh Penitent One.	Poco me aprovecha permanecer aquí. Id con El Padre ahora, Penitente.
ST02_REDENTO/DLG_0204_0	在这条路上有着安慰和生活。赤脚的主啊，求你聆听我的祷文！	On the path lies the solace and the life. Prithee heed my prayers, Oh Lord of the bare feet!	En el camino está el consuelo y la vida... ¡Escuchad mis plegarias, oh Señor de pies descalzos!
ST02_REDENTO/DLG_0204_1	啊啊！原谅我吧，忏悔者…我竟毫无察觉，在祷文中，我们的道路和错误再次交织在了一起	Oh! Forgive me, Penitent One... Without my knowing, amidst prayers, our roads and faults become intertwined once more.	¡Oh! Perdonadme, Penitente... Sin darme cuenta entre rezos nuestros caminos y culpas se vuelven a cruzar.
ST02_REDENTO/DLG_0205_0	啊，忏悔者！道路真的已经开放了吗？	Oh Penitent One! Is it true that the roads are free?	¡Oh, Penitente! ¿Es cierto que las sendas están libres?
ST02_REDENTO/DLG_0205_1	你使我见到了奇妙的异象。我们的相遇真是万幸	Wondrous vision thou allowest me to behold. Blessed be our encounter.	Maravillosa visión es la que me permitís contemplar. Bienaventurado sea nuestro encuentro.
ST02_REDENTO/DLG_0206_0	困苦再次令我们联合在了一起，忏悔者	Bitter moments reunite us again, Penitent One.	Momentos amargos nos vuelven a unir, Penitente.
ST02_REDENTO/DLG_0207_0	我配不上你无限的怜悯。我们中受到祝福的人才会找到它	I am not worthy of thine infinite compassion. Blessed are those of us who find it.	No soy digno de vuestra infinita compasión. Dichosos somos los que la encontramos.
ST02_REDENTO/DLG_0207_1	我将为你祈祷，并为这次神圣的相遇感谢圣师	I will pray for thee and thank the Master for this holy encounter.	Rezaré por vos y agradeceré al Maestro este bendito encuentro.
ST02_REDENTO/DLG_0207_2	现在我的双足正朝着神圣禁忌之墙前进。区区一个朝圣者如何通过这样的工事呢？	Now my feet are marching towards Holy Prohibitions. How can a simple pilgrim advance through such fortification?	Ahora mis pies marchan hacia Santas Prohibiciones. ¿Cómo un simple peregrino puede atravesar semejante fortificación?
ST02_REDENTO/DLG_0207_3	哦，亲切的圣父！哦，朝圣者的主人！你即将到来的考验会有多艰难？	Oh, Fraternal Father! Oh, master of pilgrims! How arduous are your upcoming trials?	¡Oh, Padre Fraterno! ¡Oh, maestro de peregrinos! ¿Cuán imposibles son tus siguientes pruebas?
ST02_REDENTO/DLG_0208_0	对我来说，留在此地已毫无价值。忏悔者啊，去追随圣父吧	It is of little use for me to remain here. Go with the Father, oh Penitent One.	Poco me aprovecha permanecer aquí. Id con El Padre ahora, Penitente.
ST02_REDENTO/DLG_0209_0	忏悔者，听我忏悔…面对苦痛奇迹带来的新考验，胆怯在我的内心里深深扎下了根	Penitent One, heed my confession... Cowardice taketh root inside of me in the face of this new test by the Grievous Miracle.	Penitente, escuchad mi confesión... La cobardía echa sus raíces dentro de mí ante esta nueva prueba del Milagro Doloroso.
ST02_REDENTO/DLG_0209_1	如果不是选择了以流浪作为最温和的忏悔的罪人，我们这些朝圣者又会是谁呢？	Who are we pilgrims, if not sinners who have chosen wandering as the gentlest of penances?	¿Qué somos los peregrinos, sino pecadores que hemos elegido el caminar como la más amable de las penitencias?
ST02_REDENTO/DLG_0209_2	哦！让我弯下腰来，遮住我的眼泪	Oh! Let my bent back cover my tears.	¡Oh! Dejad que mi espalda inclinada cubra mis lágrimas.
ST02_REDENTO/DLG_0210_0	那些尖叫声使我的灵魂充满了恐惧…	Those screams filled my soul with fright...	Aquellos gritos me llenaron el alma de espanto...
ST02_REDENTO/DLG_0210_1	你净化了我的恐惧，再次帮助这个可怜的朝圣者	Thou hast purged my fears and helped this poor pilgrim again.	Habéis purgado mis miedos y auxiliado a este pobre peregrino de nuevo.
ST02_REDENTO/DLG_0210_2	我们已经选择了不同的道路，但在道路的尽头，你和这个罪人仍然等待着宽恕。无论它在哪里，近或远，在今生或在大梦境的彼岸	We have chosen different roads, but still, absolution awaits at the end of the path for thee and this sinner. Wherever it is, near or far, in this life or on the other side of the Dream.	A pesar de haber elegido sendas diferentes, a vos y a este pecador nos espera el perdón al final esté donde esté, cerca o lejos, en esta vida o al otro lado del Sueño.
ST02_REDENTO/DLG_0210_3	发自内心地怜悯吧，忏悔者	Merciful be the heart, Penitent One.	Misericordioso corazón sea, Penitente.
ST02_REDENTO/DLG_0211_0	哦，我的罪过！充满反思的漫长旅程难道还不够吗？	Oh, my sins! Is a long journey filled with reflection not enough?	¡Oh, pecados míos! ¿No es suficiente un largo camino lleno de reflexiones?
ST02_REDENTO/DLG_0211_1	脚上老茧，腿上抽筋，口渴难耐，前额被永不落山的太阳晒得焦灼，这些难道还不够吗？	What of the calluses on the feet, the cramps in the legs, the thirst, the forehead scorched by a sun that seemeth never to set?	¿Qué hay de los callos en los pies, los calambres en las piernas, la sed, la frente abrasada por un sol que parece no ponerse nunca?
ST02_REDENTO/DLG_0211_2	当罪恶一次又一次地刺穿我们的心时，我们的心灵受到的又是怎样的折磨？	And what about the torturing of the mind when guilt pierceth our hearts time after time?	¿Y qué hay de las torturas del pensamiento cuando la culpa se nos clava una y otra vez en el corazón?
ST02_REDENTO/DLG_0211_3	我的罪过啊，你还在期待些什么惩罚呢？	What more punishment do ye want, oh sins of mine?	¿Qué más castigo queréis, oh pecados míos?
ST02_REDENTO/DLG_0212_0	我在这里停了下来，想寻找到前往彼岸的渡口，以便继续我的流浪赎罪。啊！不要让这件事情烦扰你，在罪过中懊悔，因为我的脚必将找到期待已久的路途	I halt here to look for a crossing to the other side, so as to continue my penance in wandering. Ah! Don't let it be a disturbance to thee, Penitent in guilt, for my feet will find their long-awaited walking.	Paro aquí para buscar un paso al otro lado y así continuar mi penitencia en el andar. ¡Ah! No os sea un desasosiego, Penitente en culpa. Ya encontrarán mis pies su ansiado caminar.
ST02_REDENTO/DLG_0212_1	忏悔者啊，愿你的事业既不能沉沦你的精神，也不会沉默你的躯体	Penitent One, may thy trades silence neither thy spirit nor thy frame.	Que no hagan callo vuestros oficios ni en el alma ni en el cuerpo.
ST02_REDENTO/DLG_0213_0	啊，我的罪过…	Oh, sins of mine...	Oh, pecados míos...
ST02_REDENTO/DLG_0214_0	你面前的是元初圣客。首位赤脚圣约，一切罪人的圣师	Thou art before the First Pilgrim. The first of the Barefoot Rule, Master of all errant sinners.	Estáis ante el Primer Peregrino. El primero en la Regla Descalza, Maestro de todos los pecadores andantes.
ST02_REDENTO/DLG_0214_1	这座古老的石灰石雕像是在大师的朝圣之旅结束的地方竖立的，也是他迈出最后一步的地方	This old limestone statue was erected where the pilgrimage of the master ended, where he took his last step.	Esta vieja estatua de piedra caliza fue erigida donde el peregrinaje del maestro concluyó, donde dio su último paso.
ST02_REDENTO/DLG_0214_2	就在那时，奇迹揽他入怀，让他可以继续沿着古老队伍的道路走下去	It was then that the Miracle carried him in its arms so he could continue his path on the road of the old processions.	Fue en ese momento cuando el Milagro se lo llevó en su regazo para que continuase por su camino de la vía de las procesiones antiguas.
ST02_REDENTO/DLG_0215_0	赤脚圣师，你还希望我做些什么？	Barefoot Master, what else dost thou want from me?	Maestro descalzo, ¿qué más queréis de mi?
ST02_REDENTO/DLG_0216_0	赤脚圣师，请等着我…	Barefoot Master, wait for me...	Maestro descalzo, esperadme...
ST02_REDENTO/DLG_0217_0	圣师指示我们道路的所在。冰冷的石头下，新的台阶在等着我们	The Master showeth us the continuation of the path. New steps await us under the cold stone.	El Maestro nos enseña la continuación del camino. Nuevos pasos nos esperan bajo la fría piedra.
ST02_REDENTO/DLG_0218_0	哦…忏悔者，我们正被悲剧，死亡和痛苦所包围…	Oh... Penitent One, we are surrounded by tragedy, death and pain...	Oh... Penitente, estamos rodeados de tragedia, muerte y dolor...
ST02_REDENTO/DLG_0218_1	奇迹用它那许多可怕的手惩罚着我们，它的手伸到每一个地方，伸到每一个人的心里，甚至伸到我们的思想里	The Miracle punishes us with its many terrible hands, hands that reach everywhere, into all hearts and even into our thoughts.	El Milagro nos castiga con sus múltiples y terribles manos que llegan a todas partes, a todos los corazones e incluso a nuestros pensamientos.
ST02_REDENTO/DLG_0218_2	这世上还能有什么刑罚，会比那些我们不知原因何在的刑罚更严重的吗？	Is there worse punishment than the one for which we do not know the reason?	¿Existe peor castigo que aquel por el cual no sabemos el motivo?
ST02_REDENTO/DLG_0219_0	一堵无法逾越的墙，似乎矗立在了我们的双脚和我们神圣的目的地之间	An insurmountable wall seemeth to interpose itself between our feet and our holy destinations.	Un muro infranqueable se interpone entre nuestros pies y nuestros santos destinos.
ST02_REDENTO/DLG_0219_1	有什么祝福能拯救我们脱离这苦难吗？	Will there ever be a blessing that saveth us from this sorrow?	¿Habrá alguna bendición que nos sane este pesar?
ST02_REDENTO/DLG_0220_0	我要做些什么，才能避开奇迹放在我的赤脚前方的难题呢？	What can I do to avoid the difficulties that the Miracle layeth in front of my bare feet?	¿Qué puedo hacer para evitar estos peligros que el Milagro pone ante mis descalzos pies?
ST03_TIRSO/DLG_0301_0	发自内心地悲痛吧，忏悔者。欢迎来到阿尔贝罗，这里是这群谦卑的伤口舔舐者同胞们的避难所	Sorrowful be the Heart, Penitent One. Welcome to Albero, sanctuary to this humble brotherhood of the Kissers of Wounds.	Compungido Corazón sea, Penitente. Bienvenido a la villa de Albero, refugio de esta humilde cofradía clamada de los Besadores de Llagas.
ST03_TIRSO/DLG_0301_1	留在这里的人很少仍然可以雇佣它，但我可是蒂尔索	Few remain here who can still employ it, but Tirso is my name.	Pocos quedan aquí con fuerzas para usarlo, mas Tirso es mi nombre.
ST03_TIRSO/DLG_0301_2	我们中很少有人还关心病患	There are few of us who still care for the sick and ailing.	Somos pocos los que ya quedamos en el cuidado de los enfermos y dolientes.
ST03_TIRSO/DLG_0301_3	我们虔诚地亲吻，为那些寻求我们保护的人的伤口献上祝福，这样，我们和他们都将继续受到奇迹的庇护	With devout kisses, we bless the wounds of those who seek our protection, thus both we and they remain at the mercy of the Miracle.	Con piadosos ósculos bendecimos las heridas del que pida nuestro amparo, y así a merced del Milagro quedamos los unos y los otros.
ST03_TIRSO/DLG_0302_0	发自内心地悲痛吧，满心仁爱的忏悔者	Sorrowful be the Heart, Penitent One full of clemency.	Compungido Corazón sea, Penitente en la clemencia.
ST03_TIRSO/DLG_0303_0	奇迹正一个接一个地把我们带走。我们能避免这种由至高意志强加给我们的命运吗？	The Miracle is taking us away, one after the other. Could we avoid this fate that is imposed on us from the High Wills?	El Milagro nos está llevando uno tras otro. ¿Podemos evitar este destino que se nos impone desde las Altas Voluntades?
ST03_TIRSO/DLG_0304_0	良善之痛一次又一次地鞭笞着我们。啊啊！它何时才会满足？	The Virtuous Pain flogs us time after time. Oh! When will it be satisifed?	El Buen Dolor nos azota una y otra vez. ¡Oh! ¿Cuándo quedará complacido?
ST03_TIRSO/DLG_0305_0	忏悔者啊，你这困苦虔诚的人，当生命的日头向我们落下时，我们往哪里去呢？	Penitent One, where will we go, afflicted and devout, when the sun of life sets on us?	Penitente, ¿adónde iremos, afligidos y piadosos, cuando se nos ponga el sol de la vida?
ST03_TIRSO/DLG_0306_0	你随身携带的…你已经接受了…惩罚，忏悔者。是你对奇迹的渴望让你比我们更在意吗？	That which you carry with you... You have embraced...punishment, Penitent One. Is it your desire for the Miracle to keep you in mind more than the rest of us?	Eso que lleváis con vos... Habéis abrazado... al Castigo, Penitente. ¿Es vuestro deseo que el Milagro os tenga más presente que al resto de nosotros?
ST03_TIRSO/DLG_0306_1	这不是我的责任，但要小心那条扭曲的道路，在那里交流将引导你	It is not my responsibility, but beware of the twisted paths where that communion will lead you.	No es de mi incumbencia, pero cuidaos de las tortuosas sendas por las que os lleve esa comunión.
ST03_TIRSO/DLG_0307_0	我们还要克服多少考验？	How many more trials must we overcome?	¿Cuántas más son las pruebas que debemos superar?
ST03_TIRSO/DLG_0308_0	我们很快就会与惩戒团聚，在大梦境的另一边，在古队列的路上与被惩罚的人团聚	We will soon be reunited with the Punishment and with the punished on the way of the Old Processions, on the other side of the Dream.	Pronto nos reuniremos con el Castigo y con los castigados en la vía de las Procesiones Antiguas, al otro lado del Sueño.
ST03_TIRSO/DLG_0309_0	奇迹已对我们展现了仁慈	The Miracle has been merciful to us.	El Milagro ha sido misericordioso con nosotros.
ST03_TIRSO/DLG_0309_1	只要兄弟会中还有兄弟，纵使只有一人，我们的希望也会存在	As long as this brotherhood has brothers, even if just one, there will be hope for the ill.	Siempre que esta cofradía tenga hermanos, aunque solo sea uno, habrá esperanzas para los enfermos.
ST03_TIRSO/DLG_0309_2	拿着这个，作为感激的表现吧，虔诚的忏悔者	Take this as a token of gratitude, Penitent One in piety.	Tomad esto como muestra de agradecimiento, Penitente en la piedad.
ST03_TIRSO/DLG_0310_0	"你真仁慈，忏悔者。多亏了你的贡献，兄弟会才得以继续运转 "	"Merciful be, Penitent One. With your contribution, the work of this brotherhood carries on. "	Misericordioso seáis, Penitente. Con vuestra aportación la obra de esta cofradía continúa.
ST03_TIRSO/DLG_0311_0	墙外的时间过得很奇怪，在我们不应深思的日暮之中	Time outside these walls passes by strangely, in sundowns we need not contemplate.	El tiempo ahí afuera transcurre extraño en atardeceres que no nos es menester contemplar.
ST03_TIRSO/DLG_0311_1	但如果你的忏悔碰巧把你带到上述的天空下，那就请给我们带来一些药膏的原料吧	But if your penance happens to carry you under said skies, be so kind as to bring us some ingredients for our ointments.	Pero si vuestra penitencia os lleva bajo dichos cielos, tened la caridad de traernos algunos ingredientes para nuestros ungüentos.
ST03_TIRSO/DLG_0312_0	奇迹的意志会让你知道他们是什么人	The will in the Miracle shall show you which ones they are.	La voluntad en el Milagro os mostrará cuales son.
ST04_LVDOVICO/DLG_0401_0	你召唤了真理神龛修会的旋转窗口	Thou hast called upon the Winch of the Order of the True Shrine.	Habéis llamado al Torno de la Orden del Genuino Sepulto.
ST04_LVDOVICO/DLG_0402_0	这可怜的小姑娘…	This poor lass...	Esta pobre zagala...
ST04_LVDOVICO/DLG_0402_1	人们为她的圣名流下了热泪	Many tears were shed in her blessed name.	Numerosas lágrimas cayeron en su beato nombre.
ST04_LVDOVICO/DLG_0402_2	千千万万的祷文并不能说明苦痛奇迹是否代表了真正的圣洁…	A thousand prayers do not clarify whether or not the Grievous Miracle is a manifestation of true holiness...	Mil plegarias no aclaran si el Milagro Doloroso es o no una manifestación de la verdadera santidad...
ST04_LVDOVICO/DLG_0402_3	然而，在我们心中，毫无疑问她受到了不公正的惩罚	Still, in our heart lieth no doubt that she was unjustly punished.	Sin embargo en nuestro corazón no hay duda de que ella fue injustamente castigada.
ST04_LVDOVICO/DLG_0403_0	特图狄拉的遗骸已收集完毕。现在我们可以为她举行第二次，也是真正的葬礼	The remnants of Tentudía have been gathered. It is now possible to give her the second, true burial.	Los restos de Tentudía están reunidos. Ahora es posible darle la segunda y verdadera sepultura.
ST04_LVDOVICO/DLG_0403_1	如果能得到如此的善待，你会得到她的守护的	With this supplication she shall watch over thee.	Con esta plegaria ella velará por vos.
ST04_LVDOVICO/DLG_0404_0	那么，你已经见过了科里奥法斯了…	Then thou hast already met Cleofás...	Entonces habéis conocido a Cleofás...
ST04_LVDOVICO/DLG_0404_1	他曾经是这个教会的一员。然而不幸的是，有一天他违背了自己的誓言并消失得无影无踪，因为他听到了…奇迹发生的消息	He was once a member of this congregation. One woeful day he broke his vows, and left upon hearing the news that...a miracle had occurred.	Él fue una vez miembro de esta congregación. Un día rompió sus votos y se marchó cuando escuchó la noticia de que había sucedido... un milagro.
ST04_LVDOVICO/DLG_0404_2	我们此后再也没有见到过他	We never heard from him again.	Nunca más supimos de él.
ST04_LVDOVICO/DLG_0404_3	请把这个交给他，这对他有着很重要的意义	Please give him this. It will mean a lot to him.	Por favor, entregadle esto. Significará mucho para él.
ST04_LVDOVICO/DLG_0405_0	修会祝福你，沉默的忏悔者	The Order blesses thee, Penitent One in silence.	La Orden os bendice, Penitente en el silencio.
ST04_LVDOVICO/DLG_0406_0	寻找下一块残骸吧，修会祝福你	Find the next remnants. The Order blesses thee.	Encontrad los siguientes restos. La Orden os bendice.
ST04_LVDOVICO/DLG_0407_0	我们把那些被肢解与遗忘的人的遗骨聚集在这里，这样我们就可以按照我们仁慈的律法，为他们举行神圣的葬礼	In this place we gather the remains of those who were separated and forgotten, so we can grant them holy burial as our charitable Rule prescribeth.	En este lugar reunimos los vestigios de todo aquel que fue separado y olvidado, y así poder darle santa sepultura, tal como ordena nuestra caritativa Regla.
ST04_LVDOVICO/DLG_0407_1	帮助这些可怜的灵魂吧，哦，沉默的忏悔者。修会祝福你	Helpest these poor souls, Oh Penintent one in silence. The Order blesses you.	Ayudad a estas pobres almas, Penitente en el silencio. La Orden os bendice.
ST04_LVDOVICO/MSG_0404_0	没有回答	No answer.	Sin respuesta.
ST05_DAGGER/DLG_0502_0	接受我下一次的深刻痛苦	Take the next of my deep pains.	Tomad el siguiente de mis dolores profundos.
ST05_DAGGER/DLG_0503_0	接受我的最后一次痛苦，那是所有痛苦中最深刻、最尖锐的一种	Take the last one of these pains of mine, the deepest and sharpest of them all.	Tomad el último de los dolores míos, el más profundo y afilado de todos.
ST05_DAGGER/DLG_0503_1	哦，有罪的忏悔者啊，现在去惩戒摇篮吧	Now depart towards the Cradle of Punishment, oh Penitent One in guilt.	Ahora marchad hacia la Cuna del Castigo, Penitente en la culpa.
ST05_DAGGER/MSG_0501_0	最大生命值已增加	Maximum health has increased.	La salud máxima ha aumentado.
ST06_VIRIDIANA/DLG_0601_0	忏悔者啊，我被委托从福地守护你。一切都已安排就绪	From a place of blessings have I been entrusted with watching over you, Penitent One. Thus it has been arranged.	De un lugar de bendiciones se me encomienda velar por vos, Penitente. Así pues se ha dispuesto.
ST06_VIRIDIANA/DLG_0601_1	"我叫维瑞达拉。我受到了恩惠，如果需要的话，我可以帮助你扛起重担，唯你是从 "	"My name is Viridiana. I have been granted a gift with which I can assist you in carrying your burden if required, but only you can make that choice. "	Mi nombre es Viridiana. Se me ha concedido un don con el que puedo asistiros con vuestra carga si os es menester pero solo vos debéis decidirlo.
ST06_VIRIDIANA/DLG_0602_A_0	就这样吧	So be it.	Que así sea.
ST06_VIRIDIANA/DLG_0602_B_0	就这样吧	So be it.	Que así sea.
ST06_VIRIDIANA/DLG_0602_C_0	就这样吧	So be it.	Que así sea.
ST06_VIRIDIANA/DLG_0603_A_0	我会留在这儿，你改主意了可以来找我	Here I shall remain, lest you change your mind.	Aquí permaneceré si cambiais de parecer.
ST06_VIRIDIANA/DLG_0603_B_0	我会留在这儿，你改主意了可以来找我	Here I shall remain, lest you change your mind.	Aquí permaneceré si cambiais de parecer.
ST06_VIRIDIANA/DLG_0603_C_0	我会留在这儿，你改主意了可以来找我	Here I shall remain, lest you change your mind.	Aquí permaneceré si cambiais de parecer.
ST06_VIRIDIANA/DLG_0604_0	忏悔者，不要为我或我现在已面目全非的外貌而忧愁。这可能是…为了这个快乐的联盟所需的一个小代价	Penitent One, do not be troubled by me or my outward appearance, now changed and seasoned. This might be... a small price to pay for such joyous alliance.	Penitente, no os preocupeis por mí y mi apariencia ahora cambiada y madura. Puede... que este sea un pequeño precio a pagar por tan dichosa alianza.
ST06_VIRIDIANA/DLG_0605_0	不要理会我皮肤的皱纹，我银白的头发，还有我颤抖的双腿。我们的约定还没有缔结，你的艰苦事业也没有结束	Pay no heed to the wrinkles of my skin, the hair that grows silvery or my trembling legs. Our pact has yet to be concluded, as has your arduous enterprise.	No prestéis atención a las arrugas de mi piel, al pelo que crece gris o a mis temblorosas piernas. Nuestro pacto aún está por concluir, así también vuestra ardua empresa.
ST06_VIRIDIANA/DLG_0606_0	能为这次胜利出力，我非常荣幸	I feel fortunate to partake in this victory.	Me siento dichosa al compartir esta victoria.
ST06_VIRIDIANA/DLG_0606_1	在我离开前，我希望你能记住我的话语，从而记住我们的约定	Before I depart, I want these words to accompany you, so that you remember our pact.	Antes de mi marcha quiero que os acompañen estas palabras para que recordéis nuestro pacto.
ST06_VIRIDIANA/DLG_0607_0	沉默的忏悔者，继续你的旅程吧	Penitent One in silence, now resume your journey.	Penitente en el silencio, continuad ahora con vuestro viaje.
ST06_VIRIDIANA/DLG_0608_A_0	你所寻找的目标，就在这漫长阶梯的尽头	What you seek lies at the end of these long stairs.	Lo que buscais está al final de estas largas escaleras.
ST06_VIRIDIANA/DLG_0608_A_1	那些自称为真理与神圣真实的家伙，早就藏在那里了	That which proclaimed itself The True and Holy Truth has long been hiding there.	Hace mucho que aquello que se proclamaba La Verdad Santa y Pura se esconde allí.
ST06_VIRIDIANA/DLG_0608_A_2	在那些门的后面，苦难本身正为它自己的混乱和残缺而哀叹	Behind those doors, The Affliction itself laments in its own confusion and deformity.	Tras las puertas, La Aflicción en sí misma se lamenta en su propia confusión y deformidad.
ST06_VIRIDIANA/DLG_0608_A_3	征途漫漫，但你的任务已将终结	The journey has been long, but your task is about to be completed.	El camino ha sido largo, vuestro cometido está a punto de concluir.
ST06_VIRIDIANA/DLG_0608_A_4	虽然我无法进入如此亵渎的居所，但这些话仍会对你不无裨益	Although I have been barred from entering such a slanderous abode, these words are free to accompany you.	Aunque se me ha vetado el paso a tal estancia calumniosa, estas palabras sí son libres de acompañaros.
ST06_VIRIDIANA/DLG_0608_B_0	你所寻找的目标，就在这漫长阶梯的尽头	What you seek lies at the end of these long stairs.	Lo que buscais está al final de estas largas escaleras.
ST06_VIRIDIANA/DLG_0608_B_1	那些自称为真理与神圣真实的家伙，早就藏在那里了	That which proclaimed itself The True and Holy Truth has long been hiding there.	Hace mucho que aquello que se proclamaba La Verdad Santa y Pura se esconde allí.
ST06_VIRIDIANA/DLG_0608_B_2	在那些门的后面，苦难本身正为它自己的混乱和残缺而哀叹	Behind those doors, The Affliction itself laments in its own confusion and deformity.	Tras las puertas, La Aflicción en sí misma se lamenta en su propia confusión y deformidad.
ST06_VIRIDIANA/DLG_0608_B_3	征途漫漫，但你的任务已将终结	The journey has been long, but your task is about to be completed.	El camino ha sido largo, vuestro cometido está a punto de concluir.
ST06_VIRIDIANA/DLG_0608_B_4	虽然我无法进入如此亵渎的居所，但这些话仍会对你不无裨益	Although I have been barred from entering such a slanderous abode, these words are free to accompany you.	Aunque se me ha vetado el paso a tal estancia calumniosa, estas palabras sí son libres de acompañaros.
ST06_VIRIDIANA/DLG_0608_C_0	你所寻找的目标，就在这漫长阶梯的尽头	What you seek lies at the end of these long stairs.	Lo que buscais está al final de estas largas escaleras.
ST06_VIRIDIANA/DLG_0608_C_1	那些自称为真理与神圣真实的家伙，早就藏在那里了	That which proclaimed itself The True and Holy Truth has long been hiding there.	Hace mucho que aquello que se proclamaba La Verdad Santa y Pura se esconde allí.
ST06_VIRIDIANA/DLG_0608_C_2	在那些门的后面，苦难本身正为它自己的混乱和残缺而哀叹	Behind those doors, The Affliction itself laments in its own confusion and deformity.	Tras las puertas, La Aflicción en sí misma se lamenta en su propia confusión y deformidad.
ST06_VIRIDIANA/DLG_0608_C_3	征途漫漫，但你的任务已将终结	The journey has been long, but your task is about to be completed.	El camino ha sido largo, vuestro cometido está a punto de concluir.
ST06_VIRIDIANA/DLG_0608_C_4	虽然我无法进入如此亵渎的居所，但这些话仍会对你不无裨益	Although I have been barred from entering such a slanderous abode, these words are free to accompany you.	Aunque se me ha vetado el paso a tal estancia calumniosa, estas palabras sí son libres de acompañaros.
ST06_VIRIDIANA/DLG_0609_A_0	沉默的忏悔者，继续你的旅程吧。我会在远方守护着你	Penitent One in silence, now resume your journey. I will guard you from afar.	Penitente en el silencio, continuad ahora con vuestro viaje. Yo mientras velaré por vos.
ST06_VIRIDIANA/DLG_0609_B_0	沉默的忏悔者，继续你的旅程吧。我会在远方守护着你	Penitent One in silence, now resume your journey. I will guard you from afar.	Penitente en el silencio, continuad ahora con vuestro viaje. Yo mientras velaré por vos.
ST06_VIRIDIANA/DLG_0609_C_0	沉默的忏悔者，继续你的旅程吧。我会在远方守护着你	Penitent One in silence, now resume your journey. I will guard you from afar.	Penitente en el silencio, continuad ahora con vuestro viaje. Yo mientras velaré por vos.
ST06_VIRIDIANA/DLG_QT_0601_0	沉默的忏悔者，你是否想在下个任务中寻求我的帮助？	Penitent One in silence, will you require my assistance with your next task?	Penitente en el silencio, ¿necesitaréis mi favor en vuestro siguiente cometido?
ST06_VIRIDIANA/DLG_QT_0602_0	"我的守护不会就此而止。你是否想在下个任务中寻求我的帮助？ "	"My protection does not cease here. Will you require my assistance with your next task? "	Mi protección no termina aquí. ¿Necesitaréis mi favor en vuestro siguiente cometido?
ST06_VIRIDIANA/DLG_QT_0603_0	忏悔者，你是否想在下个任务中寻求我的帮助？	Penitent One, will you require my assistance with your next task?	Penitente ¿Necesitaréis mi favor en vuestro siguiente cometido?
ST07_GEMINO/DLG_0701_0	发自内心地忏悔与自省吧。你正站在基米诺的遗骸面前	Contrite and humiliated be the heart, Penitent One in silence. You stand before what remains of Gémino.	Corazón contrito y humillado sea, Penitente en el silencio. Estáis ante lo que queda de Gémino.
ST07_GEMINO/DLG_0701_1	噢，别为我担心。寒冷是仁慈的，因为它能减轻我们的痛苦，使我们在死亡之前麻木	Oh, do not fret for me. The cold is merciful, for it relieves our pain and numbs us before it leads us to our deaths.	Oh, no os preocupéis por mí, el frío es misericordioso, pues nos alivia el dolor y nos adormece para llevarnos hacia la muerte.
ST07_GEMINO/DLG_0701_2	也许其他人所说的奇迹已降临到我的头上，就在这个铁坟墓里，它令我们的痛苦愈发漫长…	Perhaps the Miracle the others spoke of has come to me, here in this iron tomb, lengthening distress more and more...	Puede que el Milagro del que hablaban los demás haya llegado a mí, aquí en este férreo sepulcro, haciendo que el desamparo dure más y más...
ST07_GEMINO/DLG_0701_3	向你所指引的乐土前进，向那寒冷与炽热拥抱交融的地方…	To a promised land you direct your march, to the place where the frozen and the burning embrace in communion...	A comprometido lugar dirigís vuestra marcha, donde lo helado se abraza con lo ardiente en comunión...
ST07_GEMINO/DLG_0702_0	现在，让我麻木的手臂变成这棵枯萎橄榄树的另一根枝条吧	Now, let my numbed arm become another branch of this withered olive tree.	Ahora dejad que mi brazo entumecido se convierta en una rama más de este olivo marchito.
ST07_GEMINO/DLG_0702_1	快点，我还能听得见呼唤	Hurry up, I can still hear the call.	Daos prisa, todavía siento la llamada.
ST07_GEMINO/DLG_0703_0	我感到滚烫的油进入了我冰冷的血管	I feel the boiling oil entering my frigid veins.	Siento el óleo hirviente entrar en mis frías venas.
ST07_GEMINO/DLG_0703_1	我仍然能听得见呼唤…	I can still answer the call...	Todavía puedo acudir a la llamada...
ST07_GEMINO/DLG_0704_0	我感到滚烫的油和冰冻的树液混合在一起，流进了我的血管	I feel the boiling oil entering my veins as it mixes with the frozen sap.	Siento el óleo hirviente entrar en mis venas mezclándose con la helada savia.
ST07_GEMINO/DLG_0704_1	我再也听不见其他人的声音了，只能听到我的骨头和皮肤的嘎吱声…	I can no longer hear the others, only the crunch of my bones, of my skin...	Ya no puedo oír al resto, solo el crujido de mis huesos, de mi piel...
ST07_GEMINO/DLG_0705_0	我冒昧地请求你，请给我带几滴曾从这些结冰的橄榄树里滴出的油，这些油会熏烤每个登顶的虔诚者的脸	Let me ask of you the favour of bringing me a few drops of the oils that once came out of these icy olive trees, the ones that ended up scorching the faces of every pious person who ever reached the summit.	Dejadme pediros el favor de traerme unas gotas de los óleos que una vez salieron de estos olivos helados y acabaron abrasando los rostros de todo piadoso que llegaba a la cima.
ST07_GEMINO/DLG_0705_1	这是我最后的希望。在我油尽灯枯之前，我想感受到那份痛楚	As my last wish, before it is too late for me, let me feel that pain.	Dejadme sentir ese dolor como mi última voluntad antes de que sea demasiado tarde para mi.
ST07_GEMINO/DLG_0706_0	拿上这个	Take this.	Tomad esto.
ST07_GEMINO/MSG_0701_0	我们需要找一件工具来把油抽出来	An item is needed to retrieve oil from the font.	Se necesita un objeto para recoger aceite de la pila.
ST08_BROTHERS/DLG_0801_0	我的妹妹，正如我向你预言这般，有人正朝禁门走去	Sister of mine, as I foretold to you, someone is heading towards the forbidden gate.	Hermana mía, como os anuncié, alguien se dirige a la puerta prohibida.
ST08_BROTHERS/DLG_0801_1	是个寻求净化和驱逐所有安息在那里的圣徒的人	Someone who seeks the purge and excommunication of all that is sacred and rests there.	Alguien que busca la purga y la excomunión de todo lo sagrado que allí descansa.
ST08_BROTHERS/DLG_0801_2	不…不…你可别怀疑我	No... No... Do not place your doubts on me.	No... No... No poséis vuestras dudas sobre mí.
ST08_BROTHERS/DLG_0801_3	我准备好了	I am ready.	Estoy preparado.
ST08_BROTHERS/DLG_0802_0	是的，我的妹妹，我们的相遇已近在眼前	Indeed, sister of mine. Our encounter is approaching.	Sí, hermana mía. Nuestro encuentro se acerca.
ST08_BROTHERS/DLG_0802_1	奇迹会守护我的，我这次已不需要你的保护	The Miracle will protect me. I do not need your protection this time.	El Milagro me protegerá. No necesito vuestro amparo esta vez.
ST08_BROTHERS/DLG_0802_2	别管我！	Leave me alone.	Dejadme solo.
ST08_BROTHERS/DLG_08201_0	那捉摸不定的光亮…	That elusive light...	Esa luz fugaz...
ST08_BROTHERS/DLG_08201_1	不可能是她…	It can't be her...	No puede ser ella...
ST08_BROTHERS/DLG_08201_2	这是真的吗，姐妹？	Is that true, sister?	¿Es verdad, hermana?
ST08_BROTHERS/DLG_08202_0	纯洁的忏悔者啊，你手中的剑就是在此处的罪孽中诞生，将痛苦带给肉体，灵魂就不会再受折磨	Virtuous Penitent One, this was the place where your sword was born of guilt itself, bringing pain to the flesh as the soul could suffer no more.	Penitente en la Virtud, este fue el lugar donde vuestra espada nació de la culpa misma, llevando el dolor a la carne pues no podía doler más en el alma.
ST08_BROTHERS/DLG_08202_1	我姐妹的声音，愿荣耀庇护她，在我听来，吟诵的诗章轻柔而睿智，她的话语为你揭示了一种不同的命运	The voice of my sister, may the glories protect her, recited verses to me as tender as they were wise, her words revealing a different destiny for you.	La voz de mi hermana, glorias la guarden, me recitó versos tan tiernos como sabios, que me revelaron un destino diferente para vos.
ST08_BROTHERS/DLG_08202_2	遐远幽迥，却在迩处。晦影织就，遍是明光	Further away, although not in distance. Woven in shadows, though full of light.	Más lejano, aunque no en distancia. Urdido en sombras, aunque de luz ande pleno.
ST08_BROTHERS/DLG_08202_3	我长久以来一直守护着这柄钥匙	I have been guarding this key for a long time now.	Largo tiempo llevo custodiando esta llave.
ST08_BROTHERS/DLG_08203_0	这真的是你那庄严的道德之光吗？	Is this really the sublime light of your virtue?	¿Es esta realmente la sublime luz de vuestra virtud?
ST08_BROTHERS/DLG_08203_1	那么…	So...	Entonces...
ST08_BROTHERS/DLG_08203_2	我的姐妹已将尊宠恩慈赐予了你	You have received the much esteemed and blessed favour of my sister.	Habéis obtenido el favor, tan preciado, tan bienaventurado, de mi hermana.
ST08_BROTHERS/DLG_08203_3	在她的祝福之下，你可以听到她那高尚典雅的声音	With her blessing she has given you the ability to hear her noble voice, full of grace.	Con su bendición os ha concedido la facultad de poder oír su noble voz, llena de gratitudes.
ST08_BROTHERS/DLG_08204_0	这声音将打开圣洁的大门，圣洁本身就永远拘于此处	It will open the door behind which lies that which the holiness itself condemned to eternal reclusion.	Abrirá la puerta tras la que se encuentra lo que la misma santidad ha condenado a la eterna reclusión.
ST08_BROTHERS/DLG_08204_1	但是我却没有能力也找不到语言来描述它…	But I no longer have the power, nor the words, to describe it...	Mas no tengo potestad ni palabras siquiera para describirlo...
ST08_BROTHERS/DLG_08204_2	前往无言图书馆吧，你会在那里找到钥匙守护者，不过他没有我托付给你的那一把	Head for the Library of the Negated Words. There you'll find the keeper of keys, although the one I am entrusting you with is missing from his collection.	Dirigíos hacia la Biblioteca de las Palabras Negadas. Allí encontraréis al que porta las llaves, aunque esta que os entrego falte en su colección.
ST08_BROTHERS/DLG_08205_0	她发生了一些改变…	Something has changed in her...	Algo ha cambiado en ella...
ST08_BROTHERS/DLG_08205_1	这些改变让我捉摸不定…	Something unfathomable that escapes my judgement...	Algo insondable que se escapa a mi juicio...
ST08_BROTHERS/DLG_08206_0	前往无言图书馆吧，去寻找钥匙守护者	Head for the Library of the Negated Words and look for the key bearer.	Dirigíos hacia la Biblioteca de las Palabras Negadas y buscad al portador de llaves.
ST08_BROTHERS/DLG_08207_0	克里桑塔头盔的真金凿刻出的手可以遮蔽真理的炽光	The hands hewn in the gold of Crisanta's helmet eschew the glare of the truth that you must understand.	Las manos labradas en oro del yelmo de Crisanta evitan el deslumbramiento de la verdad que debisteis comprender.
ST08_BROTHERS/DLG_08207_1	她的信仰绝不允许真理之光照过，即便你信仰她也不行	Her faith will never let this light pass. Not even you believed in her.	Su fe jamás dejará pasar esa luz. Ni siquiera vos habéis creído en ella.
ST08_BROTHERS/DLG_08208_0	忏悔者，到礼拜堂来见我，那是罪孽定型之地	Penitent One. Meet me in the chapel where Guilt was given shape.	Penitente. Reuníos conmigo en la capilla donde la Culpa obtuvo su nacimiento.
ST08_BROTHERS/DLG_08208_1	你在这里被选为忏悔者，最初就是在这里跪拜的	Where you were anointed the Penitent One and where you knelt for the first time.	Allí donde fuisteis clamado Penitente, donde os arrodillasteis por primera vez.
ST08_BROTHERS/DLG_08208_2	就是在这偏远之地，我的姐妹可以听到我的恳求，进而会再度让她的声音回荡在我耳畔	It will be in this remote place that my sister will hear my plea, and will send her Voice to me once again.	Será entonces, en ese apartado lugar, cuando mi hermana oirá mi ruego, y así me traerá su Voz de nuevo.
ST09_SOCORRO/DLG_0901_0	哦…看哪，优雅的女士。是位访客…	Oh... Behold, gracious lady. A visitor...	Oh... Mirad bondadosa señora. Un visitante...
ST09_SOCORRO/DLG_0901_1	哦，请原谅我…忏悔者，你面前的是索珂萝，我们的永痛仕女	Oh, please forgive me... Penitent One, you stand in the presence of Socorro, our Pious Lady of the Perpetual Agony.	Oh, lo siento... Penitente, os encontráis ante Socorro, Nuestra Piadosa Señora del Constante Calvario.
ST09_SOCORRO/DLG_0901_2	她难道不庄严吗？她是奇迹的化身…无尽…永恒…	Isn't she majestic? She is a miracle in herself... Unceasing... Eternal...	¿No es majestuosa? Ella es un milagro en sí mismo... incesante... eterno...
ST09_SOCORRO/DLG_0902_0	她在受难…为我们所有人受难…日复一日，无休无止…	She suffers... For all of us... Day by day, with no rest, with no end...	Ella sufre... por todos nosotros... todos los días, sin descanso, sin fin...
ST09_SOCORRO/DLG_0902_1	她是我们的活圣人，真正的神圣榜样	She is our living miracle, a true example of Holiness.	Ella es nuestro milagro vivo, un verdadero ejemplo de Santidad.
ST09_SOCORRO/DLG_0903_0	你…你都干了什么？我们的女神…	What... What have you done? Our Lady...	¿Qué... Qué habéis hecho...? Nuestra Señora...
ST09_SOCORRO/DLG_0904_0	这…可能这也是最好的选择了…她受的苦太多了…	This...may be for the best... She had suffered enough...	Puede... que haya sido lo mejor... Había sufrido lo suficiente...
ST09_SOCORRO/DLG_0904_1	这真的是慈悲为怀吗…	Is this...an act of true mercy?	¿Es este un acto de... verdadera caridad?
ST09_SOCORRO/DLG_0905_0	痛楚…在纵情奔流…	The Pain...runs free...	El Dolor... es libre...
ST09_SOCORRO/DLG_0906_0	痛楚在我们中蔓延…	The Pain is amongst us...	El Dolor está entre nosotros...
ST09_SOCORRO/DLG_0907_0	我爱她身上体现的仁慈…还有她，仁慈自身的女儿…	I loved the Mercy incarnate in Her... and Her, the daughter of Mercy itself...	Yo amaba la Caridad encarnada en Ella... y a Ella, hija de la Caridad propia...
ST09_SOCORRO/DLG_0907_1	我最爱的怎么可能不是圣洁本身呢？	How can I love the others more than holiness itself?	¿Cómo puedo amar a los demás más que a la santidad misma?
ST09_SOCORRO/DLG_0907_2	修会…我记得它。它的圣则曾经也是我的圣则…	The order... I remember it. Its Rule was my Rule some time ago...	La orden... la recuerdo, su Regla fue mi Regla tiempo atrás...
ST09_SOCORRO/DLG_0907_3	我的思绪很孤独，忏悔者…	My thoughts are forlorn, Penitent One...	Mis pensamientos se encuentran desamparados, Penitente...
ST09_SOCORRO/DLG_0907_4	我需要…祷告	I need to...pray.	Necesito... rezar.
ST09_SOCORRO/DLG_0908_0	多年以来，我一直守护在她的身旁	I have held vigil by her side for years.	He velado a su lado durante años.
ST09_SOCORRO/DLG_0908_1	我见证了她的每一次痛苦，她的哀痛，她的伤痕…在无尽的折磨中，伤口愈合后只会再次流出血来	I have borne witness to each and every one of her sufferings, her lamentations, and her wounds... Which would heal only to bleed again, in an endless ordeal.	He sido testigo de cada uno de sus sufrimientos, de sus lamentos, y de sus llagas... que sanaban y volvían de nuevo sangrantes en un continuo calvario.
ST09_SOCORRO/DLG_0909_0	三个忏悔者在与奇迹交流，大声祈求着她的保护	Three penitents that communed with the Miracle clamoured for her refuge and protection.	Tres penitentes que comulgaron con el Milagro clamaron su amparo y protección.
ST09_SOCORRO/DLG_0909_1	那些她为之受苦受难的灵魂，已前往了大梦境的另一边	Those souls she suffered for have already departed to the other side of The Dream.	Aquellas almas por las que ella sufría ya han marchado al otro lado del Sueño.
ST09_SOCORRO/DLG_0910_0	慈善的忏悔者，这是我的新家，我将从这里开始新的警戒	Penitent One in charity, this is my new home and from here shall my vigil begin anew.	Penitente en la caridad, este es mi nuevo hogar y desde aquí comienza de nuevo mi vigilia.
ST09_SOCORRO/DLG_0910_1	请带走我抄录的这些我们受难女神的话，这样它们就可以成为你唤醒她的记忆所需的祷文了	Take these words I managed to transcribe from the voice of Our Lady amidst suffering, so they can become a prayer which you can raise in her memory.	Tomad estas palabras que logré transcribir de la voz de Nuestra Señora entre tormentos, así en una plegaria se convierta que podáis elevar en su recuerdo.
ST09_SOCORRO/DLG_0911_0	修会祝福你，正途上的沉默的忏悔者	The Order blesses you, Penitent One in the righteous path.	La Orden os bendice, Penitente en el camino recto.
ST09_SOCORRO/DLG_0912_0	一滴眼泪从她脸上滚落下来…难道她的痛苦减轻了吗？	A tear has rolled off her cheek... Could it be that her torment has diminished?	Una lagrima ha caído por su mejilla... ¿Es posible que su tormento haya disminuido?
ST09_SOCORRO/DLG_0912_1	我们可怜的女神啊…	Our poor Lady...	Nuestra pobre señora...
ST09_SOCORRO/DLG_0913_0	女神…	The Lady...	La Señora...
ST09_SOCORRO/DLG_0913_1	三个忏悔者在与奇迹交流，大声祈求着她的保护	Three penitents that communed with the Miracle clamoured for her refuge and protection.	Tres penitentes que comulgaron con el Milagro clamaron su amparo y protección.
ST09_SOCORRO/DLG_0913_2	那些她为之受苦受难的灵魂，已前往了大梦境的另一边	Those souls for which she suffered have already departed to the other side of The Dream.	Aquellas almas por las que ella sufría ya han marchado al otro lado del Sueño.
ST09_SOCORRO/DLG_0913_3	"女神的神圣指令已经完成了吗…？ "	"Has the Holy Commandment of my Lady finished...? "	¿Ha terminado pues la Santa Encomienda de mi Señora...?
ST09_SOCORRO/DLG_0913_4	忏悔者…我如今该去庇护谁？	Penitent One... Whom shall I watch over now?	Penitente... ¿Por quién velaré yo ahora?
ST09_SOCORRO/DLG_0914_0	现在，她将不再悲叹	Now she shall lament no more.	Ahora ya no lamentará más.
ST09_SOCORRO/DLG_0915_0	"谢谢你，沉默的忏悔者。女神不在时，我会负责照看其他人。修会在等着我 "	"Thank you, Penitent One in silence. It is my duty to watch over the others in the absence of Our Lady. The Order awaits me. "	Gracias, Penitente en el silencio. Mi camino es velar por los demás en la ausencia de Nuestra Señora. La Orden me espera.
ST09_SOCORRO/DLG_0916_0	我需要祈祷	I need to pray.	Necesito rezar.
ST09_SOCORRO/DLG_0917_0	现在，她将无法保护其他的人不受流血的痛苦	Now she will not be able to shield the rest from the anguish of the blood.	Ya no podrá proteger a los demás del tormento de la sangre.
ST09_SOCORRO/DLG_0917_1	那在过去给予她如此悲伤和神奇的恩惠的苦难，已经产生了新的，可怕的爆发	The same Affliction that in the past bestowed her with such sorrowful and miraculous favour has given birth to a new, terrible outbreak.	La misma Aflicción que le otorgó en el pasado tan doliente y milagroso favor ha dado a luz a un nuevo y terrible brote.
ST09_SOCORRO/DLG_0917_2	这是对多年以来的圣洁的惩罚吗？	Is this the punishment for so many years of holiness?	¿Es este el castigo de tantos años de santidad?
ST09_SOCORRO/DLG_QT_0904_ANSWER_0	献上贡品	Make an offering	Hacer una ofrenda
ST09_SOCORRO/DLG_QT_0904_ANSWER_1	终结她的苦难	End her suffering	Acabar con su sufrimiento
ST101_NACIMIENTO/DLG_10101_0	双面人向你问好，忏悔者。我的名字是纳西米泰格	Two faces greet you, Penitent One. My name is Nacimiento.	Son dos rostros los que os saludan, Penitente. Mi nombre es Nacimiento.
ST101_NACIMIENTO/DLG_10101_1	看看我的胸膛，上面一张苍老的脸变得越来越苍老。一张不会说话，不会思考的脸，而我的脸却变得愈发年轻，以至于我现在看起来像个孩子	Look at my chest, upon which an ancient visage grows older and older. A face that does not speak, that does not think, while mine becomes younger such that I now look like a child.	Observad mi pecho en el que ha crecido un rostro anciano que envejece más y más, que no habla, que no piensa, mientras que el mío se hace joven hasta verme ahora como un niño.
ST101_NACIMIENTO/DLG_10101_2	这句话太可怕了，我不明白它的用意；无论我怎样反省我所犯的罪孽，都是罪有应得	Such a terrible sentence is this that I do not understand its purpose; no matter how much I reflect on the sins that I may have committed to deserve it.	Cuán terrible condena es esta, que no entiendo su propósito por más que reflexione sobre los pecados que he podido cometer para merecerla.
ST101_NACIMIENTO/DLG_10101_3	奇迹的恩典甚至存在于那些受惩罚的人身上。也许我可以通过帮助你来减少这句话的分量	The grace of the Miracle is present even in those who are punished. Perhaps I might reduce the magnitude of this sentence by helping you.	Incluso en el que ha sido castigado está presente la gracia del Milagro. Quizás auxiliándoos pueda rebajar la magnitud de esta pena.
ST101_NACIMIENTO/DLG_10102_0	把水银带给我，它可以在苦痛者的奇想中的任意位置流到我们的脚下。我将把它和你们圣水瓶里的汁液混合在一起，从而增强它的力量	Bring me the quicksilver, which is capable of flourishing under our feet in any place at the whim of the Grievous One, and I will mix it with the bile from your flasks, thereby enhancing its gift.	Traedme el azogue, el que es capaz de brotar bajo nuestros pies en cualquier lugar por capricho del Doloroso, y lo mezclaré con la bilis de vuestros matraces, potenciando de esa manera su don.
ST101_NACIMIENTO/DLG_10103_0	愿你的内心充满优雅	Graceful be the heart.	Agraciado corazón sea.
ST101_NACIMIENTO/DLG_10104_0	有了这些银，我祝愿这混合物可以恢复你流出的鲜血	With this silver, I bless the mixture that will recover your spilled blood.	Con esta plata yo bendigo la mixtura que recuperará vuestra sangre derramada.
ST101_NACIMIENTO/DLG_10105_0	我累了…拜托，不要管我	I feel tired... Please, leave me alone.	Me siento cansado... Por favor, dejadme solo.
ST101_NACIMIENTO/DLG_10106_0	古老者…正在离开我的身体…它正从我胸中的裂缝中诞生，它的面容正从那里窥视着我	The ancient one... is exiting my body... It is being born through the rift in my chest, from which its visage was peering.	El anciano... está saliendo de mi cuerpo... Está naciendo a través de la brecha de mi pecho, por donde asomaba su rostro.
ST101_NACIMIENTO/DLG_10106_1	忏悔者…我必须怎么办？我必须遵从奇迹，继续它的惩罚吗？	Penitent One... What must I do? Must I allow the Miracle to continue with its punishment?	Penitente... ¿Qué debo hacer? ¿Debo dejar al Milagro continuar con su castigo?
ST101_NACIMIENTO/DLG_10106_2	快点。快把水银给我，否则就太迟了	Hurry. Bring me the quicksilver before it is too late.	Daos prisa. Traedme la plata líquida antes de que sea demasiado tarde.
ST101_NACIMIENTO/DLG_10107_0	有了这些水银，我祝福这混合物…可以恢复你流出的鲜血	With this quicksilver, I bless the mixture... That will recover your spilled blood.	Con esta plata, yo bendigo la mixtura... Que recuperara vuestra sangre derramada.
ST101_NACIMIENTO/DLG_10108_0	快点…快把水银给我，否则就太迟了…	Hurry... Bring me the quicksilver before it is too late....	Daos prisa... Traedme la plata líquida antes de que sea demasiado tarde...
ST101_NACIMIENTO/DLG_10109_0	照顾你自己吧，别管我了…你没有必要去考虑将会发生什么…	For your own sake, leave me alone... There is no need to think about what is about to happen...	Por lo que más queráis, dejadme solo... No es menester contemplar lo que está a punto de suceder...
ST101_NACIMIENTO/MSG_10101_0	圣水瓶的治疗能力得到了提高	The healing power of the Bile Flasks has been improved.	El poder curativo de las matraces biliares ha sido mejorado.
ST102_SANTOS/DLG_10201_0	光辉…你带来的光辉灼瞎了我的眼睛…	The light... The light that you bring blinds my eyes...	La luz... La luz que traes ciega mis ojos...
ST102_SANTOS/DLG_10201_1	我叫吉伯拉尔，自从我的胳膊成长起来，自从我的弯曲的脖子发出吱吱的响声，我就被古老奇迹的计划所俘虏	I am called Jibrael, held captive by the Ancient Miracle's plans since my arms grew, since the first creak of my crooked neck.	Soy llamado Jibrael, cautivo de los designios del Milagro Antiguo desde que mis brazos crecieron, desde el primer crujido de mi cuello torcido.
ST102_SANTOS/DLG_10201_2	奇迹任命我为赛塔的信使。是的…赛塔是一首歌，真诚的，纯粹的旋律…而且非常非常古老…	The Miracle named me the messenger of the Saeta. Yes... The Saeta is the song, the genuine, pure melody... And very, very old...	El Milagro me nombró mensajero de la Saeta. Sí... La Saeta es la música, es la melodía genuina, pura... Y muy, muy antigua...
ST102_SANTOS/DLG_10201_3	它有能力使奇迹的根源挖掘出隐藏的深渊，那些已经被遗忘的地方，那些真正禁忌之物沉睡的地方，那些等待着你的地方…	It has the power to make the roots of the Miracle unearth the hidden depths, what has already been forgotten, where the truly forbidden sleeps, that which awaits you...	Ella es capaz de hacer que las raíces del Milagro desentierren lo que está profundo, lo que ha sido ya olvidado, donde duerme lo verdaderamente prohibido, lo que os está esperando...
ST102_SANTOS/DLG_10201_4	但我们发现自己在一个几乎废弃的房间里。在我们相遇之后，奇迹将带我去赛塔能够奏响的地方	But we find ourselves in a mere abandoned chamber. After our encounter, the Miracle will take me where the Saeta will be able to resonate in all its grace.	Pero nos encontramos en un mero aposento abandonado. Tras nuestro encuentro, el Milagro me llevará donde la Saeta podrá resonar en toda su gracia.
ST102_SANTOS/DLG_10202_0	一个阿马内奇达已经醒来了，这就是赛塔响彻天际的原因	One Amanecida has already awoken, which is why the Saeta is already resounding.	Una Amanecida ya ha despertado, pues la Saeta ya resuena.
ST102_SANTOS/DLG_10203_0	同样的苦痛意志，让你看到我扭曲的身体，也让你进入五道曙光之廊	The same Grievous Will that allows you to see my bent and warped body is what has allowed you to enter the Gallery of the Five Dawns.	La misma Voluntad Dolorosa que os permite ver mi cuerpo combado es la que os ha dejado entrar en la Galería de los Cinco Albores.
ST102_SANTOS/DLG_10203_1	这里是发现密封镜石棺的地方，里面躺着首位阿马内奇达罗拉德斯的尸体。正是她的肉体生下了另外四个孩子	This is where the sealed Mirror Sarcophagus is found, within which rests the body of Laudes, first of the Amanecidas. It was her very flesh that gave birth to the other four.	Allí se encuentra sellado el Sarcófago Espejo en cuyo interior descansa el cuerpo de Laudes, primera entre las Amanecidas. De su propia carne nacieron las otras cuatro.
ST102_SANTOS/DLG_10203_2	不…像我这样亵渎神明、扭曲变形的脸，永远也不能出现在这样一个神圣的棺材里。但你的却会，仍然隐藏在铁棺后面	No... A profane, distorted visage such as mine would never be reflected in such a holy casket, but yours would, still concealed behind the iron anonymity.	No... Un profano rostro dislocado como el mío jamás se vería reflejado en tal santo féretro, pero sí el vuestro, aún oculto tras el férreo anonimato.
ST102_SANTOS/DLG_10203_3	罗拉德斯在等待着。虽然她的身体在沉睡，她的思想却没有。当其他四个阿马内奇达永远闭上眼睛时，她的眼睛仍然睁开着	Laudes waits. Though her body slumbers, her mind does not. She will open her eyes when the other four Amanecidas close theirs forever.	Laudes espera, dormida en el cuerpo, despierta en voluntad. Ella abrirá los ojos cuando las otras cuatro Amanecidas los cierren para siempre.
ST102_SANTOS/DLG_10204_0	忏悔者，时机已经到来。这是你们的选择，让我吹响这号角声，它压在我的手臂上，扭曲着我的脊柱	Penitent One, the moment has arrived. It is your choice that I sound this bugle that weighs down my arms and twists my spine.	Penitente, ha llegado el momento. Es vuestra elección que yo haga sonar esta corneta que oprime mis brazos e inclina mi costado.
ST102_SANTOS/DLG_10204_1	它的青铜挖掘着水晶坟墓，阿马内奇达在那里等着你。这是你的选择	It is your choice that its bronze exhumes the crystal tombs where the Amanecidas await you.	Es vuestra elección que su bronce exhume los sepulcros de cristal donde os esperan las Amanecidas.
ST102_SANTOS/DLG_10205_0	你在第一次交锋中获胜了。首位阿马内奇达闭上了眼睛，现在在别处休息	You have prevailed in your first clash. The first Amanecida has closed her eyes and now rests elsewhere.	Habéis vencido en vuestro primer enfrentamiento. La primera Amanecida ha cerrado sus ojos y ahora descansa en otro lugar.
ST102_SANTOS/DLG_10206_0	奇迹的阿马内奇达正在等待你…	The Amanecidas of the Miracle await you...	Las Amanecidas del Milagro os están esperando...
ST102_SANTOS/DLG_10207_0	哦…我可以等…	Oh... I can wait...	Oh... puedo esperar...
ST102_SANTOS/DLG_10207_1	是的…再来一点…	Yes... A little more...	Sí... un poco más...
ST102_SANTOS/DLG_10208_0	密封镜石棺打开的时间越来越近了	The time of the opening of the Mirror Sarcophagus draws near.	El momento de la apertura del Sarcófago espejo se acerca.
ST102_SANTOS/DLG_10209_0	奇迹很嫉妒…是的…它嫉妒那种对罗拉德斯的扭曲者的无限热情，嫉妒她的四个复制品，嫉妒她的四个倒影。它想要它们全部奉献给它自己	The Miracle was jealous... Yes... It was jealous of that unmeasured passion towards the Twisted One of Laudes, and of her four replicas, her four reflections. It wanted all of that devotion for itself.	El Milagro tuvo celos... Sí... Tuvo celos de esa pasión desmesurada hacia El Retorcido de Laudes, y de sus cuatro replicas, sus cuatro reflejos. Quiso toda esa devoción para sí mismo.
ST102_SANTOS/DLG_10209_1	于是，它把阿马内奇达深深埋在玻璃石棺里，里面盛满了这种狂溢的热情。它迫使他们等待奇迹自由地把他们领回来	Thus it took the Amanecidas and buried them deep in glass sarcophagi that contained all of that excessive fervour. It condemned them to wait until The Miracle reclaimed them freely.	Así tomó a las Amanecidas y las enterró profundamente en sarcófagos de cristal que contuvieran todo aquel fervor desmesurado. Las condenó a esperar, hasta que El Milagro las reclamase a voluntad.
ST102_SANTOS/DLG_10210_0	罗拉德斯…哦，我的罗拉德斯…	Laudes... Oh, my Laudes....	Laudes... Oh, Laudes mía....
ST102_SANTOS/DLG_10210_1	你被释放了吗？既然你已经服完刑，你还会回到梦的另一边吗？	Have you been set free? Are you returning to the other side of the dream now that you have served your sentence?	¿Has sido liberada? ¿Vuelves al otro lado del sueño ahora que has cumplido tu condena?
ST102_SANTOS/DLG_10210_2	告诉我，我会在你身边…告诉我…所有这些等待…没有白费	Tell me that I will be at your side... Tell me that... all of this waiting... has not been in vain.	Dime que estaré a tu lado... Dime que... toda esta espera... ha valido la pena.
ST102_SANTOS/DLG_10211_0	奇迹的阿马内奇达等待着你。直到那时，忏悔者	The Amanecidas of the Miracle await you. Until then, Penitent One.	Las Amanecidas del Milagro os están esperando. Hasta entonces, Penitente.
ST102_SANTOS/DLG_10213_0	狂喜等待着我…	Great happiness awaits me...	Alta dicha me aguarda...
ST102_SANTOS/DLG_10214_0	古老奇迹永远不会忘记五人众…它用自己神圣的意念束缚他们，诅咒他们，谴责他们。是的…它让他们沉睡，以备不时之需。现在它需要他们了	The Ancient Miracle never forgot the Five... It bound them by its holy whim, it cursed them, it condemned them. Yes... It has kept them asleep in case it needed them. And now it needs them.	El Milagro Antiguo nunca olvidó a las Cinco... Las mantuvo bajo su santo capricho, las maldijo, las condenó. Sí... Las ha tenido dormidas en caso de que las necesitase. Y ahora las necesita.
ST102_SANTOS/DLG_QT_10201_0	你想让铜像唱歌吗？	Do you want to make the bronze sing?	¿Deseáis hacer cantar al bronce?
ST10_CANDELARIA/DLG_1002_0	让我们成为奇迹的俘虏吧，忏悔者	Let us be captives of the Miracle, Penitent One.	Cautivos del Milagro seamos, Penitente.
ST10_CANDELARIA/DLG_1003_0	看看我赐给你们的东西。它虽小，但可别低估了它巨大的力量	Behold what I present to you; though a small piece, its great power should not be underestimated.	Mirad lo que os enseño, aunque es una pequeña pieza no hay que menospreciar su gran poderío.
ST10_CANDELARIA/DLG_1003_1	相信我，因为我的手上有君王的血	Trust me, for I have the blood of kings on the palm of my hand.	Fiaros de mi, que tengo sangre de reyes en la palma de la mano.
ST10_CANDELARIA/DLG_1004_0	我所赐于你的，正如夜空中第一颗星星般夺目	What I am offering you here is as lustrous as the first star of the night.	Os ofrezco aquí otra cosa tan brillante como la primera estrella de la noche.
ST10_CANDELARIA/DLG_1004_1	若我有半句假话，就让我双目失明吧	And may my eyes be blinded if I am lying.	Y que mis acais, si digo mentiras, se queden sin luz.
ST10_CANDELARIA/DLG_1005_0	这对我来说真是瑰宝…它的价值远远超过了我所希望的限度	This is a precious treasure to me... Its value goes far beyond what I ask for it.	Esto es todo un tesoro para mí... Su valor supera en gordo lo que pido por ello.
ST10_CANDELARIA/DLG_1005_1	如果我想欺骗你，我就不会一身黑衣了	And may I don mourning black if I am trying to deceive you.	Y que vista de negro luto si os intento embaucar.
ST10_CANDELARIA/DLG_1006_0	对我来说，我并不喜欢结束这一切，因此它的价格不过与它对我而言的价值一样高罢了	Handing this over is not something that delights me, so its price is as high as its value to me.	Desposeerme de esto no es algo por lo que me deleite, por eso su precio es alto como lo es su valor para mí.
ST10_CANDELARIA/DLG_1007_0	让你的眼睛饱览每一个商人的嫉妒。这是我得到的最好的财富	Feast your eyes on the envy of every merchant. The finest treasure to ever find its way into my hands.	He aquí la envidia de los mercaderes. El tesoro más grande que ha pasado por mis manos jamás.
ST10_CANDELARIA/DLG_1007_1	如果我胆敢说谎，就让我的心停止跳动吧	And may my heart stop beating if I am being dishonest.	Y que se me paren los pulsos si os miento.
ST10_CANDELARIA/DLG_1010_0	这儿有个商人，值得大惊小怪么？有利之处皆应有我，这就是这个古老职业的要求	Do not be surprised to find this merchant here, this ancient occupation requires me to be wherever I can obtain rewarding benefits.	Que no os extrañe encontrar a esta mercader aquí, este antiguo oficio me requiere en todo lugar donde pueda obtener gratos beneficios.
ST10_CANDELARIA/DLG_1010_1	叫我加德拉尼亚吧，因为我卖的东西会让你眼前一亮，就像那高高的篝火一样	Call me Candelaria, for what I sell would make your eyes light up like the high bonfires.	Llamadme Candelaria, pues lo que vendo haría que vuestros ojos se encendieran como las altas candelas.
ST10_CANDELARIA/DLG_1010_2	我不会向你要任何钱，我只需要你收集的禁忌之泪	I will not ask you for any money whatsoever; those forbidden tears you shed would be more than enough for me.	No os pediré moneda alguna, con esas lágrimas prohibidas que portáis me sobraría.
ST10_CANDELARIA/DLG_1010_3	去吧，用你暗淡的眼睛寻找这些珍贵的宝物吧	Go ahead, cast your darkened eyes over these valuable treasures.	Adelante, posad vuestros ojos oscurecidos en este valioso género.
ST10_CANDELARIA/DLG_1012_0	等你拿到了更多的赎罪之泪，记得回来找我	Come back when you have more Tears of Atonement.	Volved cuando tengais más Lágrimas de Enmienda.
ST10_CANDELARIA/DLG_1013_0	如果我欺骗了你，就让丧钟为我而鸣吧	And may the bells toll for me if I ever deceive you.	Y que las campanas me doblen si os engaño alguna vez.
ST10_CANDELARIA/DLG_1014_0	如果我欺骗了你，就让丧钟为我而鸣吧	And may the bells toll for me if I ever deceive you.	Y que las campanas me doblen si os engaño alguna vez.
ST10_CANDELARIA/MSG_1001_0	钥匙损坏了	The key has been broken.	La llave se ha roto.
ST11_SERENO/DLG_1101_0	声音没有停息	The sound does not cease.	El sonido no cesa.
ST11_SERENO/DLG_1101_1	它在这些被遗忘的墙上传播，没有人能确定它的起源或它模糊的命运	It creeps on these forgotten walls, and no one can determine its origin or its obscure destiny.	Repta sobre estos muros olvidados, sin que nadie pueda determinar su procedencia o su ignoto destino.
ST11_SERENO/DLG_1101_2	为了至高意志的爱，让它安静下来吧，因为我已为此祈求了很久	For the love of the the High Wills, silence it, for I have long yearned for it.	Por amor a la Alta Voluntad, hacedlo callar, pues lo ansío desde hace tiempo.
ST11_SERENO/DLG_1106_0	为了至高意志的爱，让这声音安静下来吧	For the love of the High Wills, make the sound cease.	Por amor a la Alta Voluntad, faz callar el sonido.
ST11_SERENO/DLG_11201_0	我，名为狄俄索达多，职为守夜人，听你差遣	I, Diosdado by name, night watchman by trade, am at thy mercy.	Yo, Diosdado por nombre, sereno por oficio, en su merced seo.
ST11_SERENO/DLG_11201_1	谢谢你使这样无法忍受的声音安静下来	You have my gratitude for quelling such an unbearable sound.	Tenedes la mia gratitud por haber acallado tan lastimero sonido.
ST11_SERENO/DLG_11201_2	我们正在无言图书馆之中，这些尘封的书卷被永远列为禁忌之书	We are in the Library of the Denied Words, for the pages that lie within these dusty tomes are forbidden and forever shall be.	Nos estamos en la Biblioteca de las Palabras Negadas, pues prohibidas son y serán las páginas escritas en aquestos polvorientos libros.
ST11_SERENO/DLG_11201_3	陪伴我的只有这些笨拙的钥匙和游荡的灵魂，他们即便离开阳间，也渴求着知识	All that accompanies me here are these ponderous keys and the wandering souls that, even after death, still hunger for knowledge.	Mi única compañía aquí son aquestas pesadas llaves y las almas errantes, que incluso después de muertas ansían conocimiento.
ST11_SERENO/DLG_11202_0	注意脚下，这些厅堂满是机关	Watch your step as these halls can be deceptive.	Vigilad los vuestros pasos pues estamos en estancias engañosas.
ST11_SERENO/DLG_11203_0	哦，你拿的那把钥匙…	Oh, that key of yours that you are carrying...	Oh, aquesa vostra llave que portáis...
ST11_SERENO/DLG_11203_1	可以打开上古幻象所遮盖的大门	It opens a door that was veiled in ancient illusions many aeons ago.	Ella abre la puerta hace mucho disfrazada tras antiguas ilusiones.
ST11_SERENO/DLG_11204_0	当心那里沉睡的东西	Beware of what sleeps there.	Cuidaos de lo que allí duerme.
ST11_SERENO/DLG_11205_0	大门等你去开启	The door awaits thee.	La puerta os espera.
ST11_SERENO/DLG_11205_1	当心那边沉睡的东西	Be careful of what sleeps beyond.	Cuidaos de lo que duerme tras ella.
ST11_SERENO/DLG_11206_0	那面容…	The Visage...	El Rostro...
ST11_SERENO/DLG_11206_1	有时，若是四下深沉而宁静，便可以听到岩石之中、根须之下黄金熔化的声音	At times, during the most profound silences, you can hear the gold melting within the rock, within the very roots.	A veces durante los silencios más profundos puede oírse el oro derretirse tras la piedra, tras las raíces.
ST11_SERENO/DLG_11207_0	注意脚下，这些厅堂满是机关	Watch your step, as these rooms can be deceptive.	Vigilad los vuestros pasos, pues estamos en estancias engañosas.
ST12_CRISANTA/DLG_1201_0	忏悔者彻夜无眠	Penitent One in sleeplessness.	Penitente en el desvelo.
ST12_CRISANTA/DLG_1201_1	你带着罪恶的剑，对神母和她的圣徒犯下了最严重的罪行，也对奇迹和它的爆发犯下了最严重的罪行	Carrying the guilty sword, you have committed the most serious crimes against the Mother and her Saints, against the Miracle and its outbreaks.	Portando la espada culpable habéis cometido los más graves delitos contra la Madre y sus Santos, contra El Milagro y sus brotes.
ST12_CRISANTA/DLG_1201_2	我们奉命结束你的使命	We have been entrusted with putting an end to your mission.	Se nos ha encomendado que acabemos con vuestro propósito.
ST12_CRISANTA/DLG_1201_3	我，忏悔的克兰莎，以我们最大的痛苦奇迹的祝福驱赶你，驱逐你，诅咒你	I, Crisanta in penance, excommunicate you, expel you, execrate you, with the blessing of Our Miracle of the Greatest Pain.	Yo, Crisanta en penitencia, os excomulgo, os expulso, os execro, con la bendición de Nuestro Milagro del Mayor Dolor.
ST12_CRISANTA/DLG_1201_4	这样，你的名字就会从天堂下抹去了	And thus shall your name be erased under the heavens.	Y así se borre vuestro nombre bajo los cielos.
ST12_CRISANTA/DLG_1202_0	继续吧…净化我被奇迹噬咬的灵魂吧	Go on... Purge my soul, bitten by The Miracle.	Adelante... Purgad mi alma mordida por El Milagro.
ST12_CRISANTA/DLG_1208_0	因此…你的名字就会从天堂下抹去	And thus...shall your name be erased under the heavens...	Y así... se borre vuestro nombre bajo los cielos...
ST12_CRISANTA/DLG_12201_0	再一次…我的盲闇面罩遇到了你的沉默面罩	Once again... My mask of blindness meets your silent one.	De nuevo... Mi máscara de fe ciega se cruza con la vuestra de fe anónima.
ST12_CRISANTA/DLG_12201_1	不要因我而担忧…这些猩红的绳索可以保护我免受创伤…	Do not worry on my account... The crimson cords protect me from being wounded...	No os preocupéis por mí... Las cintas carmesí me protegen de las heridas...
ST12_CRISANTA/DLG_12201_2	确实，这太…	It is true, and so...	Es cierto, entonces...
ST12_CRISANTA/DLG_12201_3	你的剑与你自身，也就是罪过与忏悔的共同体，可以让这无间轮回走向终结，在这轮回里，我们仿佛身处幽晦，无始无终	Your sword and you - Guilt and Penance in holy communion - only you both can put an end to this eternal cycle. To this eternal twilight with neither beginning nor end.	Vuestra espada y vos, Culpa y Penitencia en comunión, sois lo que pueden poner fin al ciclo eterno, por el cual caminamos bajo atardeceres sin fin ni principio.
ST12_CRISANTA/DLG_12201_4	忏悔者，世间自然有东西比圣母大教堂还要宏伟、比神迹还要伟大，比我用生命和信仰守护的东西还要伟大…	Penitent One, there is something greater than the Mother Church, greater than the Miracle, greater than what I have protected with my life and my faith...	Penitente, hay algo más allá de la Madre Iglesia, más allá del Milagro, más allá de lo que he protegido con mi vida y con mi fe...
ST12_CRISANTA/DLG_12201_5	那就是控制神迹的东西…	It is that which controls the Miracle...	Lo que controla al Milagro...
ST12_CRISANTA/DLG_12201_6	我正在与至圣三一讲话…那就是至高意志	I am speaking of the Supreme Trinity... The High Wills.	Hablo de la Suprema Trinidad... Las Altas Voluntades.
ST12_CRISANTA/DLG_12201_7	它们就在梦境的另一侧，在永恒行程之中	They can be found on the other side of the Dream, on the path of the Eternal Processions.	Se encuentran al otro lado del Sueño, en la vía de las Procesiones Eternas.
ST12_CRISANTA/DLG_12201_8	但是只有遭受绝至痛苦的灵魂才能获得绝至赦免，只有这样才能达到这个地方	But only a soul in Supreme Suffering can obtain Supreme Absolution, and thus be able to reach such a place.	Pero solo el alma en Suma Aflicción puede obtener la Suma Absolución, y así poder llegar a ese lugar.
ST12_CRISANTA/DLG_12202_0	现在你有了第四伤痕的标记，终极登升就在王座之外等待着，那就是梦境之外	Now you are marked by the Four Wounds. The final ascension awaits beyond the Throne. Beyond the Dream.	Ahora estáis marcado por las Cuatro Llagas. La última ascensión está esperando más allá del Trono. Más allá del Sueño.
ST12_CRISANTA/DLG_12202_1	进行最后的忏悔，向反转王座进发吧	Perform your final penance and make your way to the Turned Throne.	Realizad vuestra última penitencia y llevad vuestros pasos al Trono Girado.
ST12_CRISANTA/DLG_12202_2	永恒行程在另一端等着我们呢	The Eternal Processions await us on the other side.	Las Procesiones Eternas nos esperan al otro lado.
ST12_CRISANTA/DLG_12203_0	我感受到的…痛苦…	This pain... that I feel...	Este dolor... que siento...
ST12_CRISANTA/DLG_12203_1	它会…更深重…更古老…	It is... deeper... more ancient...	Es... más profundo... más antiguo...
ST12_CRISANTA/DLG_12203_2	你所肩负的罪过…已经击溃了我心中的…	The Guilt you carry... has broken something inside of me...	La Culpa que cargáis... ha quebrado algo en mí...
ST12_CRISANTA/DLG_12203_3	我的信仰…我的灵魂已千疮百孔	My faith... My soul... is wounded...	Mi fe... Mi alma... está herida...
ST12_CRISANTA/DLG_12203_4	我现在将前往元初的礼拜堂，最初的跪礼就是在这里开始的	I will now walk to the chapel where it all began, where the first Kneeling took place.	Marcharé ahora al lugar donde empezó todo, donde ocurrió vuestro primer Arrodillamiento.
ST12_CRISANTA/DLG_12203_5	你踏上赎罪之路的…第一步	Your first step... towards atonement.	Vuestro primer paso... hacia la expiación.
ST12_CRISANTA/DLG_12203_6	不要在意我深重的伤口	Now leave me alone with my deep wound.	Ahora dejadme sola con mi profunda herida.
ST12_CRISANTA/DLG_12204_0	断开的红色缚带代表着我的苦痛	The severed crimson bindings now reveal my agony.	Las sajadas cintas carmesí dejan ver ahora mi agonía.
ST12_CRISANTA/DLG_12204_1	你这邪恶的缔造者，就在这充满痛苦、阴暗与荒凉的末路，他们见到你可静不下来	They are uneasy to see you, the architect of sacrilege, here at the end of this bitter, sombre and desolate path...	Se agitan al veros, artífice de sacrilegios, aquí, al final de esta senda de amargura, tan sombría, tan desolada...
ST12_CRISANTA/DLG_12204_2	圣座，我们的慈父，就在他那洁白的大理石回廊之下等待着你	His Holiness, our father, awaits you under the marble of his white deambulatory.	El Santo Pontífice, padre nuestro, os espera bajo el mármol de su deambulatorio blanco.
ST12_CRISANTA/DLG_12204_3	我这柄束缚之剑力所不及之事，他都能轻易完成。他会让你跪在圣树燃烧后的灰烬之上	He will achieve that which my bandaged sword could not. He will leave you on your knees in the ashes of the holy tree that once burned.	Él logrará lo que mi espada vendada no ha podido. Os dejará arrodillado sobre la ceniza del santo árbol que un día ardió.
ST12_CRISANTA/DLG_12204_4	他会将那仁慈的手放在你的前额，让你的渎神劣迹重归圣洁	He will lay his merciful hand on your forehead sanctifying the end of your blasphemy.	Pondrá su mano misericordiosa en vuestra frente santificando el fin de vuestra blasfemia.
ST12_CRISANTA/DLG_12205_0	胡言诳语，颠倒梦想，痛苦谵妄，统统退散	Leave me alone with these lies, with the chimera, with the delirium of my own pain.	Dejadme sola con la mentira, con la quimera, con el delirio de mi dolor.
ST12_CRISANTA/DLG_12206_0	你所用的那柄剑…	That sword you wield...	Esa espada que portáis...
ST12_CRISANTA/DLG_12206_1	至高意志歌唱：我必须逃离它那钢铁之吻，其主人的背叛已将其玷污	The High Wills sing that I must escape the kiss of its steel, as it is wholly tainted by the heresy of its bearer.	Las Altas Voluntades cantan que rehúya el beso de su acero, pues la herejía de su portador lo embadurna por completo.
ST12_CRISANTA/DLG_12206_2	至大者在永恒行进中让我战斗，直至最后一息	The Great Ones, from the Eternal Processions, demand that I should battle until I draw my dying breath.	Las Grandes, desde las Procesiones Eternas, claman que luche hasta mi último estertor.
ST12_CRISANTA/DLG_12206_3	三…	The Three...	Las Tres...
ST12_CRISANTA/DLG_12207_0	至高之音说你的刑期不能推迟	The High Voices proclaim that your execution cannot be delayed.	Las Altas Voces sentencian que vuestra ejecución no puede ser postergada.
ST12_CRISANTA/DLG_12207_1	所以我害怕…我的苦修还远未结束	And so I fear... that my penance is far from over.	Temo pues... mi penitencia aún no ha acabado.
ST12_CRISANTA/DLG_12208_0	只要至高之音仍在回荡…只要你的沉默仍在继续…	Not while their voices still echo... Not while your silence endures...	No mientras sus voces retumben... No mientras vuestro silencio perdure...
ST12_CRISANTA/DLG_12209_0	守护者倒下了	The guardian has fallen.	El guardián ha caído.
ST12_CRISANTA/DLG_12209_1	终极真相正等着你，终极的羞辱	The final truth awaits you. The final outrage.	Delante os espera la última de las verdades. El último ultraje.
ST12_CRISANTA/DLG_12209_2	现在穿过刺绣的披风，走向光明吧	Go forward now through the embroidered mantles towards the light.	Avanzad ahora por los mantos bordados hacia la luz.
ST12_CRISANTA/DLG_12210_0	跟着我，忏悔者	Behind me, Penitent One.	Detrás de mí, Penitente.
ST12_CRISANTA/DLG_12210_1	躲在我深红的织物下吧	Take cover in my crimson bindings.	Cubríos tras mis cintas carmesí.
ST14_LOTL/DLG_1401_0	畸形卵已打开	The Deformity has opened up.	La Deformidad se ha abierto.
ST14_LOTL/DLG_1401_1	你被赐予了三根打结的舌头，它们能够长出深深的，能够扭曲变形的，模仿它们三个母亲的痛苦的根	You have been granted three knotted tongues, able to grow deep roots that will twist and wring, copying the pain of their three mothers.	Os ha otorgado tres lenguas anudadas capaces de hacer crecer raíces profundas que se retorcerán y trenzarán, imitando el dolor de sus tres madres.
ST14_LOTL/DLG_1401_2	以至高意志的名义，我祝福这圣物。你们要谨慎，因为现今它是洁净圣洁的	In the name of the High Wills, I bless this relic. Watch over it, for it is now pure and sacred.	En nombre de las Altas Voluntades, yo bendigo esta reliquia. Velad por ella pues es ahora pura y santa.
ST14_LOTL/DLG_1403_0	在它死的时候，在死亡旅程之前，奇迹吻了主人的手，停止了肉体的腐败，给了他新的恩典	At the time of its death, before the journey, the Miracle kissed the hand of the master, stopping the corruption of the flesh and granting him a new grace.	En el momento de la muerte, antes del viaje, el Milagro besó la mano del maestro, deteniendo la corrupción de la carne y otorgándole una nueva gracia.
ST14_LOTL/DLG_1403_1	以至高意志的名义，我祝福这圣物。你们要谨慎，因为现今它是洁净圣洁的	In the name of the High Wills, I bless this relic. Watch over it, for it is now pure and sacred.	En nombre de las Altas Voluntades, yo bendigo esta reliquia. Velad por ella pues es ahora pura y santa.
ST14_LOTL/DLG_1404_0	看那浸透了病痛、思想、梦中罪恶的汗水的亚麻布。	Behold the linen cloth that soaks the sweat of fevers, of thoughts, of dreamt sins.	He aquí el paño de lino que empapa el sudor de las fiebres, de los pensamientos, de los pecados soñados.
ST14_LOTL/DLG_1404_1	获得秘密和禁断供词的工具，即使是从那些已经前往大梦境彼岸的人那里	A tool that obtains secret and forbidden confessions, even from those who already departed to the other side of the Dream.	Un instrumento que obtiene confesiones secretas y prohibidas incluso de los que ya marcharon al otro lado del Sueño.
ST14_LOTL/DLG_1404_2	以至高意志的名义，我祝福这圣物。你们要谨慎，因为现今它是洁净圣洁的	In the name of the High Wills, I bless this relic. Watch over it, for it is now pure and sacred.	En nombre de las Altas Voluntades, yo bendigo esta reliquia. Velad por ella pues es ahora pura y santa.
ST14_LOTL/DLG_1406_0	这里是另一处梦境，忏悔者	This place is another dream, Penitent One.	Este lugar es un sueño más, Penitente.
ST14_LOTL/DLG_1406_1	"他们相信我是一个值得为之奉献的圣人，而我回赠他们祈祷的唯一东西就是遍及这片荒凉土地和我们身体的硝酸盐 "	"They believed me a saint worthy of devotions, and the only thing I granted to their prayers was the saltpetre that runs through this stark land and rises through our bodies. "	Ellos me creyeron un santo digno de devociones y lo único que concedí a sus peticiones fue el salitre que recorre esta inhóspita tierra y sube por nuestros cuerpos.
ST14_LOTL/DLG_1406_2	奇迹对假偶像的惩罚就是赐予他们虚假的圣洁	The punishment of the Miracle for the false idol is to grant them false holiness.	El castigo del Milagro al falso ídolo es otorgarle falsa santidad.
ST14_LOTL/DLG_1406_3	不要试图得到我的名字，因为它也被盐覆盖着	Do not try to obtain my name, for it is also covered in salt.	No queráis saber mi nombre pues también está cubierto de sal.
ST14_LOTL/DLG_1410_0	给我带来任何可以祝福的东西，这样你就可以粉碎我的命运，让我前往这个虚假梦境的另一边	Bring me anything that can be blessed, so you might crush this fate of mine and let me cross to the other side of this false dream.	Traedme lo que pueda ser bendecido y así vos podáis quebrar este destino mío para dejarme cruzar al otro lado de este falso sueño.
ST15_MOONCHILD/DLG_1501_0	没有名字的忏悔者，找到我的兄弟，引导他们到我这里	Penitent One without a name, find my brothers and guide them to me.	Penitente sin nombre, encontrad a mis hermanos y guiadles hasta mi.
ST15_MOONCHILD/DLG_1502_0	忏悔者啊，你找到了我的这些神圣的兄弟们，你已经完成了我出生时的景象，那是画在一张熟睡的画布上的景象	Penitent One, in finding these holy brethren of mine you have completed the vision of my birth, which was painted on a sleeping canvas.	Penitente, al encontrar a estos santos hermanos habéis completado la visión de mi alumbramiento que fue pintada en un lienzo que se encontraba dormido.
ST15_MOONCHILD/DLG_1502_1	吾名尤西诺。曾经有一头勇敢的公牛受尽了折磨，而它的痛苦与月亮则孕育了我。圣洁的弟兄啊，我是蒙受至高意志的恩典而诞生于世的存在	My name being Jocinero, I was born of the moon and of the torment of a brave bull, and of myself, by the grace of High Wills, my holy brethren.	Siendo Jocinero mi nombre, nací de la luna y del tormento de un toro bravo, y de mí, por la gracia de las altas voluntades, mis santos hermanos.
ST15_MOONCHILD/DLG_1503_0	你返回的脚步很欢快。你应该已发现了我所有被奇迹囚禁了的兄弟	Joyful are your returning steps. You have found all of my brothers imprisoned by the Miracle.	Dichosos son vuestros pasos que regresan. Habéis encontrado a todos mis hermanos apresados por el Milagro.
ST15_MOONCHILD/DLG_1503_1	现在他们自由了，他们将能够在忏悔中保护所有的灵魂，包括你自己的灵魂	Now that they are free they will be able to protect all souls in penance, as well as your own.	Ahora que están liberados podrán amparar a todas las almas en penitencia, así como la vuestra propia.
ST15_MOONCHILD/DLG_1503_2	走近一点，把这片月亮拿走。有了这件宝物，我的一位神圣兄弟将随时听候你的召唤	Come closer, and take this piece of moon. With it, one of my holy brethren will join you whenever necessary.	Acercaos, y tomad este trozo de luna. Con ella uno de mis santos hermanos os acompañará siempre que os sea menester.
ST15_MOONCHILD/DLG_1504_0	发自内心地悲痛吧，幸运的忏悔者	Contrite be the heart, Penitent One in good fortune.	Compungido corazón sea, Penitente en buenaventuranza.
ST15_MOONCHILD/DLG_1506_0	你找到了我的几个兄弟	You have found some of my brothers.	Habéis encontrado a algunos de mis hermanos.
ST15_MOONCHILD/DLG_1506_1	虽然我仍然希望你能继续寻找其余的人，但请收下这张用我们脸上的黄金做成的布，这样兄弟们就会指引你的	Though I still ask you to find the rest of them, please keep this canvas made from the gold of our faces, and the Brothers will guide you.	Aunque todavía os pido encontrar a los demás, guardad mientras este lienzo hecho con el oro de nuestros rostros, y los Hermanos os guiarán.
ST15_MOONCHILD/DLG_1507_0	请继续寻找其他人	Please find the rest.	Por favor, encontrad al resto.
ST17_ALTASGRACIAS/DLG_1701_0	"有了这些融化在我指尖的黄金，我拒绝了我的爱人的财富 "	"With this gold that melts between my fingers, I reject the riches of my betrothed. "	Con este oro que se funde entre mis dedos yo rechazo las riquezas de mi prometido.
ST17_ALTASGRACIAS/DLG_1702_0	有了这条丝带，我拒绝了我的爱人的联系	With this torn ribbon I reject this bond with my betrothed.	Con este lazo rasgado yo rechazo esta unión con mi prometido.
ST17_ALTASGRACIAS/DLG_1703_0	有了这面纱遮住我的脸，我为死去的爱人哀悼	With this veil I cover my face in mourning for the dead love for my betrothed.	Con este velo cubro mi rostro en luto por el amor muerto a mi prometido.
ST17_ALTASGRACIAS/DLG_1704_0	沉默的忏悔者，召唤我的三个声音	Penitent One in silence, who summons my three voices.	Penitente en el silencio que invocáis mis tres voces.
ST17_ALTASGRACIAS/DLG_1704_1	姐妹们合为一体，从而诞生了叫做阿塔吉拉卡斯的苦痛奇迹	Three sisters became as one, thus birthing a Grievous Miracle called Altasgracias.	Tres hermanas se abrazaron en una realizándose un Milagro Doloroso llamado Altasgracias.
ST17_ALTASGRACIAS/DLG_1704_2	这个蛋里藏着我们的一些仍然完美无缺的东西	This egg conceals something of ours that still remains immaculate.	Este óvulo esconde algo nuestro que aún se mantiene inmaculado.
ST17_ALTASGRACIAS/DLG_1705_0	带着它，这样它的纯洁就会远离我们，因为对于这些畸形的身体来说已经太迟了	Take it with you, and thus take its purity away from us, for it is already too late for these deformed bodies.	Llevadlo con vos y así alejad lo puro de nosotras, pues para estos cuerpos deformes ya es demasiado tarde.
ST17_ALTASGRACIAS/DLG_1706_0	这时，我们愤怒的声音被驱散了。现在奇迹使他们化为了永恒	Our rageful voices were banished then. Now the Miracle has made them eternal.	Nuestras voces llenas de rabia fueron prohibidas. Ahora el Milagro las ha hecho eternas.
ST17_ALTASGRACIAS/DLG_1706_1	记住，只有圣者才能祝福这礼物，消弭它的罪孽	Remember that only the Holiness can bless this gift so that it is without sin.	Recordad que solo la Santidad puede bendecir este regalo para que esté libre de pecado.
ST17_ALTASGRACIAS/DLG_1706_2	我们的声音可以在你们的幸运之路上保护你们	Our voices can be protection on the pathways along which your fortunate steps will take you.	Nuestras voces pueden ser un amparo en las sendas por las que os lleven vuestros pasos venturosos.
ST17_ALTASGRACIAS/DLG_1707_0	请离开吧。我们的畸变将前往大梦境的彼岸，去寻求宽恕	Leave now. Our deformities will depart to the other side of The Dream to find absolution.	Marchaos ahora. Nuestras deformidades partirán al otro lado del Sueño para encontrar el perdón.
ST18_NAZARIO/MSG_1801_0	孽刃美德已经上升	The Virtue of Mea Culpa hath ascended.	La Virtud de Mea Culpa ha ascendido.
ST201_UNDERTAKER/DLG_20101_0	谦卑的仆从向您请安，忏悔者	This lowly servant greets you, oh Penitent One.	Este humilde servidor os saluda, Penitente.
ST201_UNDERTAKER/DLG_20101_1	欢迎来到藏骨堂，此地所有人都将被铭记	Welcome to the ossuary of all those who will be eternally remembered.	Bienvenido al osario de los que serán eternamente recordados.
ST201_UNDERTAKER/DLG_20101_2	我的职责就是为这片浓雾中的每一具髑髅提供庇护	My duty is none other than to provide shelter to each and every one of these skeletal remains that linger under these intangible veils of dust.	Mi quehacer no es otro que el de dar amparo a todos y cada uno de los restos óseos que aquí esperan bajo los impalpables velos del polvo.
ST201_UNDERTAKER/DLG_20101_3	无论过去了几百年，在我看来都是弹指一挥间；骨头们会追随我，它们会用咯咯的声响或是沉默来进行交流	It matters little how many years or centuries have passed; the bones speak to us, through their creaking and grinding and through their silence.	No importan los años, los siglos que pasen, los huesos nos siguen hablando con sus crujidos, con sus silencios.
ST201_UNDERTAKER/DLG_20101_4	但是这些遗骸需要向彼此传达自己所守护的真相	But these remains need one another in order to reveal the truth they still guard within.	Pero estos restos se necesitan unos a otros para poder revelar la verdad que aún guardan.
ST201_UNDERTAKER/DLG_20101_5	只有亲如兄弟，它们才能永息长眠。因此，它们才会请求你的帮助	Only together, in intimate brotherhood, will they achieve eternal rest. For this, they beg that you help them.	Sólo juntos, en íntima hermandad, obtendrán sus eternos descansos. Por ello precisan de vuestro favor.
ST201_UNDERTAKER/DLG_20101_6	把它们带到我的面前，只有这样我们才能揭露它们保守的秘密	Bring them before me and in this way we will uncover the truth that they have silenced.	Traedlos ante mí y así conoceremos la verdad que callan.
ST201_UNDERTAKER/DLG_20102_0	聆听黑暗之中骸骨的声响吧，它们也在聆听你的声音	Listen to the creaking of the bones in the darkness; for they hear us too.	Oíd el crujir de los huesos en la oscuridad, pues ellos nos oyen a nosotros.
ST201_UNDERTAKER/DLG_20102_1	骸骨非常感谢你的帮助，它们苏醒了，而那声音也再度响起	The bones are grateful for your help. They are awakening and with them, so too is the Voice.	Los huesos os agradecen vuestro favor. Se están despertando, y con ellos, la Voz.
ST201_UNDERTAKER/DLG_20103_0	这座藏骨堂中的骸骨越来越多，骨灰盒中的骨灰也不断增多…	This great ossuary is filling up. The ashes flow ever more from the urns...	Este gran osario se está completando. La ceniza mana de las urnas más y más...
ST201_UNDERTAKER/DLG_20104_0	这些白骨马上就能兄弟同德了	The pale brotherhood of the bones is about to be completed.	La hermandad pálida de los huesos está a punto de completarse.
ST201_UNDERTAKER/DLG_20104_1	忏悔者，不要犹豫	Do not falter now, Penitent One.	No decaigáis ahora, Penitente.
ST201_UNDERTAKER/DLG_20105_0	哦…藏骨堂完整了	Oh... The ossuary is now complete.	Oh... El osario está ahora completo.
ST201_UNDERTAKER/DLG_20105_1	所以我在此地的任务完成了	So, my mission here has ended.	Mi misión aquí entonces ha terminado.
ST201_UNDERTAKER/DLG_20105_2	不…我不要再看守骸骨了…	No... I will no longer watch over the bones...	No... ya no velaré más por los huesos...
ST201_UNDERTAKER/DLG_20105_3	这座墓穴充满苍白而又可怜的骨灰，现在该它们看守我了	It is they who will now watch over me in this tomb of pale and merciful ash.	Son ellos los que velarán ahora por mí en este sepulcro de pálida y misericorde ceniza.
ST201_UNDERTAKER/DLG_20105_4	愿他们的安宁与你同在，忏悔者	May their peace be with you, Penitent One.	Que su paz vaya con vos, Penitente.
ST201_UNDERTAKER/DLG_20106_0	把剩余的骨头带到我面前来，忏悔者	Bring the rest of the bones before me, Penitent One.	Traed el resto de huesos ante mí, Penitente.
ST201_UNDERTAKER/DLG_20107_0	你能听到它们的声音吗？你能听到它们那古老的咏叹调吗？	Can you already hear their song? Can you already hear their ancient aria?	¿Oís ya su canto? ¿Oís ya su antigua copla?
ST201_UNDERTAKER/DLG_20107_1	向白骨歌唱的女士已然苏醒…	The lady who sang to the bones has awoken...	La dama que les cantaba a los huesos ha despertado...
ST201_UNDERTAKER/DLG_20107_2	那边的骷髅已经为你打开了大门，它们欢迎你的到来	The skeletal remains on the other side have opened the door to you. They bid you welcome.	Los restos óseos al otro lado os han abierto la puerta. Os dan la bienvenida.
ST201_UNDERTAKER/DLG_20107_3	留意它们与你分享的秘密	But beware of the secret they wish to share.	Mas cuidaos del secreto que quieren revelaros.
ST201_UNDERTAKER/DLG_20108_0	忏悔者，你已终结歌唱者的痛苦	Penitent One, you have finished with the suffering of the Singer.	Penitente, habéis acabado con el sufrimiento de la Cantaora.
ST201_UNDERTAKER/DLG_20108_1	她的歌声，是由安息于此的灵魂组成的	Her song was formed by the very voices of all the souls resting in this place;	Su cante lo formaban las propias voces de todas las almas que reposaban en este lugar
ST201_UNDERTAKER/DLG_20108_2	他们的故事、悲剧和哀恸在她的歌声中涌动，形成了回响的旋律	their stories, tragedies and sorrows flowed through her voice creating melodious echoes.	Sus historias, sus tragedias, sus llantos, que fluían a través de su voz creando melodiosos ecos.
ST201_UNDERTAKER/DLG_20108_3	也形成了暗影的圣歌	Creating a psalm of shadows.	Creando una copla de tinieblas.
ST201_UNDERTAKER/DLG_20108_4	亡者之声，伊西多拉…	The voice of the dead, Isidora...	La voz de los muertos, Isidora...
ST201_UNDERTAKER/DLG_20109_0	看…我们脚下的尘土如何扬起	Look... see how the ash rises up beneath our feet.	Mirad... mirad como brota la ceniza bajo nuestros pies.
ST201_UNDERTAKER/DLG_20109_1	在门的另一边，骸骨在等待声音醒来，再次向我们歌唱	From the other side of the door, the bones long for the Voice to awaken and sing to us once more.	Desde el otro lado de la puerta los huesos ansían que la Voz despierte y nos cante de nuevo.
ST201_UNDERTAKER/DLG_20109_2	哦…她那甜美的声音…	Oh... her sweet Voice...	Oh... su dulce Voz...
ST201_UNDERTAKER/DLG_20110_0	把白骨带到我的面前，只有这样我们才能揭露它们保守的秘密	Bring the bones before me and we will uncover the truth that they keep silent.	Traed los huesos ante mí, y conoceremos la verdad que callan.
ST201_UNDERTAKER/DLG_20111_0	白骨感谢你的帮助，善良的忏悔者	The bones thank you for your help, oh virtuous Penitent One.	Los huesos os agradecen vuestro favor, Penitente en la virtud.
ST201_UNDERTAKER/DLG_20112_0	白骨感谢你的帮助，善良的忏悔者	The bones thank you for your help, oh virtuous Penitent One.	Los huesos os agradecen vuestro favor, Penitente en la virtud.
ST201_UNDERTAKER/DLG_20112_1	把白骨带到我的面前，只有这样我们才能揭露它们保守的秘密	Bring the bones before me and we will uncover the truth that they keep silent.	Traed los huesos ante mí, y conoceremos la verdad que callan.
ST202_PERPETUA/DLG_20201_0	忏悔者，你面前的坟墓上刻着我的名字，我佩佩塔就葬身于此，而我的躯壳早已朽烂	Penitent One, you stand before the tomb below which my name, Perpetva, rests. And with it, a body vanquished a long time ago.	Penitente, estáis ante el sepulcro bajo el cual descansa el nombre mío de Perpetva junto a un cuerpo vencido hace ya mucho tiempo.
ST202_PERPETUA/DLG_20201_1	虽然我们彼此伤害时就早已认识，但是由于你那莽撞的信仰，我们如今有机会再次相遇	Although we were already introduced through the wounds of our confrontation, the audacity of your faith now gives us the chance to meet once again.	Aunque las heridas de nuestro enfrentamiento ya nos presentaron, la osadía de vuestra fe nos vuelve a otorgar la oportunidad de este nuevo encuentro.
ST202_PERPETUA/DLG_20201_2	我们背着神迹相见，虽然神迹最终也会知晓	A meeting behind the back of a Miracle that ends up knowing all.	Un encuentro a espaldas de un Milagro que todo lo acaba sabiendo.
ST202_PERPETUA/DLG_20202_0	你倒在了奇迹狂热的欺诈面前，它占据了我的面容和甲胄，但是我的声音现在仍是纯洁而自由的	You fell before a deception, created by the Miraculous Zeal, that possessed my face and armour but not my voice, which is now free from sin and dominion.	Fuisteis vencidos por la mentira, creada por el Empeño Milagroso, que poseía mi rostro y mi armadura mas no mi voz, ahora libre de pecado y dominio.
ST202_PERPETUA/DLG_20202_1	不过我可以看到你的意志远胜过任何躯体和死亡带来的痛苦，这不会让你在旅途中退缩	But I could see that your will is greater than any pain in your body and in your deaths, and that they will not hold you back in the journey ahead.	Pero pude comprobar que vuestra voluntad es mayor que cualquier dolor en vuestro cuerpo y en vuestras muertes, y que no os detendrán en la travesía que os queda por delante.
ST202_PERPETUA/DLG_20203_0	你可以戳穿奇迹狂热的谎言，它占据了我的面容和甲胄，但是我的声音现在仍是纯洁而自由的	You were able to defeat the lie created by the Miraculous Zeal that possessed my face and armour but not my voice, which is now free of sin and dominion.	Pudisteis vencer a la mentira creada por el Empeño Milagroso, que poseía mi rostro y mi armadura mas no mi voz, que ahora está libre de pecado y dominio.
ST202_PERPETUA/DLG_20203_1	然而我看到了你心中和手上的罪孽，确实需要你如此费力的苦修	However, I see in you that the guilt that weighs so heavily in both your heart and hands is deserving of such arduous penance.	Observo en vos, sin embargo, que las culpas que cargáis tanto en pecho como en manos son merecedoras de tal ardua penitencia.
ST202_PERPETUA/DLG_20204_0	你有了这种力量，我的兄弟埃达斯认定你会与教会为敌，他请求我进行祝福，防止你们踏入这片圣地	Such is your strength that my brother Esdras, convinced that you will commit crimes against the Church, has asked for my blessing to prevent you accessing such a sacred place.	Tal es vuestra firmeza que mi hermano Esdras, convencido de unos delitos contra la Iglesia que vais a cometer, solicita mi bendición para impediros el acceso a tan sacro recinto.
ST202_PERPETUA/DLG_20204_1	忏悔者，我看到了不同的道路，你的最终目的地既不是圣母大教堂高墙后面的禁地，也不是圣地	Penitent One, I have seen a different path for you, whose ultimate destination is neither the forbidden nor the sacred places kept behind the high walls of Mother Church.	Penitente, he podido ver un camino diferente para vos, cuyo destino último no es lo prohibido ni lo sagrado que guardan los altos muros de la Iglesia Madre.
ST202_PERPETUA/DLG_20204_2	它要高于一切，甚至高于梦境的大厅	Rise above all that, above even the halls of the Dream.	Asciende más allá de todo aquello, más allá incluso de las estancias del Sueño.
ST202_PERPETUA/DLG_20204_3	我的声音有限，它不能驱散所有无形的迷雾，这些迷雾笼罩在真相周围，一直在误导着我们	This voice of mine is limited, it cannot disperse all the invisible mists that tangle up the truth and mislead us.	Esta voz mía es limitada, no puede disipar todas las nieblas invisibles en las que la verdad se enreda y nos confunde.
ST202_PERPETUA/DLG_20204_4	你一定要与我的兄弟会面。他会在通往圣容之门的桥上等你	You must meet with my brother. He will be waiting for you on the bridge that leads to the Door of the Holy Visages.	Debéis encontraros con mi hermano. Él os estará esperando en el puente que precede a la Puerta de los Santos Rostros.
ST202_PERPETUA/DLG_20204_5	收下这块肩胛骨吧，它的光辉会告诉他我已经祝福过你了，在此之前他一定会下跪。他对我的爱一向深沉	Take this scapular, whose sheen will tell him you have my blessing, and before which he will surely fall to his knees. As he loves me, deeply.	Tomad este escapulario, cuyo brillo le hará saber que contáis con mi bendición, ante la cual caerá arrodillado por el amor que me profesa.
ST202_PERPETUA/DLG_20204_6	到那时，他的耳边会响起我轻柔的耳语，我会恳求他帮你的	At that moment, my soft whisper will reach his ears, beseeching him to assist you.	Será entonces cuando le susurre con dulzura al oído que os asista.
ST202_PERPETUA/DLG_20205_0	忏悔者，你击败了我的兄弟，现在他远在天边，我的声音无法传达	Penitent One, you have defeated my brother and now he is in a faraway place where my voice does not reach.	Penitente, habéis vencido a mi hermano y ahora se encuentra en un lugar lejano al que ya no llega mi voz.
ST202_PERPETUA/DLG_20205_1	我无法求他帮你解开这些在我们面前不断编织的阴影，因为它们所保护的，是业已遗失的真相	I cannot ask him to help you unravel these shadows that keep weaving themselves before us, for they protect a truth that is now lost to us.	No le puedo pedir que os ayude a destramar estas tinieblas que no paran de tejerse ante nosotros, pues protegen una verdad que ya no puede ser revelada.
ST202_PERPETUA/DLG_20205_2	神迹像你一样，总是捉摸不透	Like you, the Miracle perpetuates its obscurity.	El Milagro, como vos, perpetúa su anonimato.
ST202_PERPETUA/DLG_20205_3	请离开我去照看我的兄弟吧，纵使海洋、天空和赤红的地平线让我们各处一隅	Leave me now to watch over my brother even if seas, skies and red horizons separate us.	Dejadme ahora velar a mi hermano aunque nos separen mares, cielos y rojos horizontes.
ST202_PERPETUA/DLG_20205_4	去吧，忏悔者	Go, Penitent One.	Marchaos, Penitente.
ST202_PERPETUA/DLG_20206_0	勇往直前吧，忏悔者	Go fearlessly, Penitent One.	Marchad, Penitente en el arrojo.
ST202_PERPETUA/DLG_20207_0	我们第一次交锋的伤口早已愈合	The wounds of our first confrontation healed long ago.	Las heridas de nuestro primer enfrentamiento cicatrizaron hace mucho.
ST202_PERPETUA/DLG_20207_1	即便如此，我也能看出你的志向是多么坚定，任何事情都动摇不了你	Even then I could see how unyielding you were in your purpose and that nothing would cause you to waver.	Ya entonces pude comprobar lo inflexible de vuestro propósito y que nada os hará claudicar.
ST203_ABNEGATION/DLG_20301_0	静默台阶的忏悔者	Penitent One of the silent steps.	Penitente de pasos mudos.
ST203_ABNEGATION/DLG_20301_1	看这淡金的面孔，双目之处尽是空洞	Approach this face of pale gold, with empty sockets instead of eyes.	Acercaos a este rostro de oro pálido, de vacías cuencas en vez de ojos.
ST203_ABNEGATION/DLG_20301_10	找到我的双目，忏悔者。只有这样，我才能告诉你秘密	Find my eyes, Penitent One. For only then will I be able to reveal my secret to you.	Encontrad mis ojos, Penitente. Solo así podré revelaros mi secreto.
ST203_ABNEGATION/DLG_20301_2	你前面就是三言节树，而我就被这东西所束缚	You stand before the roots of the knotted tree of the Three Words, for these form the bars of my captivity.	Estáis ante las raíces del árbol anudado de las Tres Palabras, pues estas son las rejas de mi cautiverio.
ST203_ABNEGATION/DLG_20301_3	他们说我的话都是假的，而这幅脸面也尽是谎言…	They claim that my words are false and that mine is the face of deception...	Dicen que mi palabra es falsa, que este es el rostro del engaño...
ST203_ABNEGATION/DLG_20301_4	正因如此，我被其他的三个兄弟流放，它们就是圣容守卫	And for this reason, I have been exiled from my three other brothers, the Holy Guardian Visages.	Y por eso he sido alejado de mis otros tres hermanos, los Santos Rostros Custodiantes.
ST203_ABNEGATION/DLG_20301_5	他们背叛了我，对我施刑，挖出了我的双眼，这样我就再也无法见识真理	They betrayed me, punished me and ripped out my eyes, so I could no longer be a witness to the truth.	Me traicionaron, me castigaron y me arrebataron los ojos, dejando así de ser testigo de la verdad.
ST203_ABNEGATION/DLG_20301_6	如今我的身边只有无尽的黑暗	Now there is only infinite darkness around me.	Ahora solo hay infinita negrura a mi alrededor.
ST203_ABNEGATION/DLG_20301_7	愿你的慈心帮助你找到我失窃的金目	May your compassion help you in the search for my stolen, golden eyes.	Que vuestra misericordia os ayude en la búsqueda de mis dorados ojos robados.
ST203_ABNEGATION/DLG_20301_8	其中一个可以在满是骸骨、灰烬和歌声的地方找到	One of them can be found in a place inhabited by bone, ash and song.	Uno de ellos se encuentra en un lugar habitado por restos óseos, desde el cual puede oírse un melodioso canto.
ST203_ABNEGATION/DLG_20301_9	另一个可以在干涸的海洋中找到，船只将在可怕的雷声中驶向死亡	The other can be found in a dried-up sea, to which ships head to die amidst the terrible thunder.	El otro se encuentra en un mar seco, donde los barcos se dirigen para morir bajo terribles truenos.
ST203_ABNEGATION/DLG_20302_0	哦…即便在这里，离地面数层之远，我也会感到眩晕	Oh... Even in this place, beneath so many floors, I am bedazzled.	Oh... Incluso en este lugar, bajo tantos suelos, me encuentro deslumbrado.
ST203_ABNEGATION/DLG_20302_1	但是无论如何也要祝福炫目强光，因为它的背后总是藏着美德的种子	But blessed be the light whose intensity blinds, for behind it lies always a seed of virtue.	Mas bienaventurada sea la luz cuya intensidad ciega, pues tras ella siempre hay un germen de virtud.
ST203_ABNEGATION/DLG_20302_2	找到我另一只眼，善良的忏悔者	Find my other eye, oh merciful Penitent One.	Encontrad mi otro ojo, Penitente misericorde.
ST203_ABNEGATION/DLG_20303_0	你找到了我的眼…	You have found my eyes...	Habéis recuperado mis ojos...
ST203_ABNEGATION/DLG_20303_1	现在我可以看到这个可怕的地方了，长久以来，我竟久拘于此…	Now I can see this terrible place, this prison of what I am and have been for so very long...	Ahora puedo ver este terrible lugar, prisión de lo que soy y lo que fui durante largo tiempo...
ST203_ABNEGATION/DLG_20303_2	忏悔者，听好了	Penitent One, listen carefully.	Penitente, escuchad con atención.
ST203_ABNEGATION/DLG_20303_3	在最炽热的灵魂中，在最虔诚的内心中，存在着能够削弱知觉并控制意志的种子：	In the most fervent souls, in the most devout hearts lives the seed that lulls the consciousness and controls the will	En las almas más fervorosas, en los corazones más devotos, habita la semilla que duerme a las conciencias, que controla la voluntad
ST203_ABNEGATION/DLG_20303_4	它们是远方神圣禁地的无形锁链	They are the links of invisible chains that hail from remote, sacred and forbidden places.	Son unas cadenas de eslabones invisibles que proceden de lugares remotos, sagrados y prohibidos.
ST203_ABNEGATION/DLG_20303_5	那里就是至高意志所在之处	From where the High Wills dwell.	Donde moran las Altas Voluntades.
ST203_ABNEGATION/DLG_20303_6	我被逐出梦境之后，就一直保守着这个，如今我将会把它交给你	I am going to give you that which I have been protecting since I was banished from the Dream.	Voy a entregaros lo que he estado protegiendo desde que fui desterrado del Sueño.
ST203_ABNEGATION/DLG_20303_7	收下这个，这是你那把孽刃的真心	Here, take it. This is the True Heart of your guilty blade.	Tomad, este es el Corazón Verdadero de vuestra espada culpable.
ST203_ABNEGATION/DLG_20305_0	愿你的慈心帮助你找到我失窃的双眼	May your compassion help you find my stolen eyes.	Que vuestra misericordia os ayude a encontrar mis ojos robados.
ST203_ABNEGATION/DLG_20305_1	只有这样，我才能告诉你秘密	For only then will I be able to reveal my secret to you.	Pues solo así podré revelaros mi secreto.
ST203_ABNEGATION/DLG_20306_0	忏悔者，帮我寻找另一只眼	Penitent One, find my other eye.	Penitente, encontrad mi otro ojo.
ST203_ABNEGATION/DLG_20306_1	只有这样，我才能告诉你秘密	For only then will I be able to reveal my secret to you.	Pues solo así podré revelaros mi secreto.
ST203_ABNEGATION/DLG_20307_0	有了这颗真心，你就可以唤醒你宝剑的真罪了，这可以刺穿神迹之幕所笼罩的心脏	With this heart you will awaken the true guilt of your sword, enabling you to pierce the hearts shrouded by the Miracle's veil.	Con este corazón despertaréis la verdadera culpa de vuestra espada, para así romper lo que el Milagro no permite ver.
ST203_ABNEGATION/DLG_20308_0	这个灵魂的信仰告白刻在头盔上，是所有人心中最为真实、正义、坚定的信仰，现在让它从枷锁中解脱吧	Cast off the chains from the soul whose profession of faith, engraved on her helmet, is the truest, most righteous and unwavering of all.	Liberad de las cadenas al alma cuya profesión de fe, grabada en su yelmo, es la más ciega, la más recta e inquebrantable de todas.
ST203_ABNEGATION/DLG_20308_1	克兰莎，束裹之痛的灵魂	The soul of Crisanta of the Wrapped Agony.	El alma de Crisanta de la Agonía Vendada.
ST203_ABNEGATION/DLG_20308_2	如此一来，你就会对她造成最大的创伤。这是对灵魂的创伤	And in this way, you will inflict the greatest of all wounds upon her. The wound to the soul.	Y así la hiráis, con la mayor de todas las heridas. La herida en el alma.
ST203_ABNEGATION/DLG_20308_3	最强的…创伤…	The greatest... of all wounds...	La mayor... de todas las heridas...
ST204_HIGH_WILLS/DLG_20401_0	忏悔者，进入我们存在的人	Penitent One, who comes into our presence.	Penitente, que venís ante nuestras presencias.
ST204_HIGH_WILLS/DLG_20401_1	把罪恶带到最神圣的地方，最禁忌的神殿	Bringing guilt to the most sacred of places, to the most forbidden of temples.	Que traéis las culpas al más sagrado de los lugares, al más prohibido de los templos.
ST204_HIGH_WILLS/DLG_20401_10	这悲痛灵魂的兄弟，被他们自己的谴责和祝福所束缚	Of this brotherhood of grieving souls, held captive by their own condemnation and benediction?	¿De esta cofradía llena de almas en pena, cuya condena y bendición a sí misma detienen?
ST204_HIGH_WILLS/DLG_20401_11	这是古代游行的路径。奇迹用梦的丝线编织的王国	This is the Path of the Ancient Processions. The Kingdom that the Miracle wove from threads of dreams.	Esta es la Vía de las Procesiones Antiguas. El Reino que el Milagro tejió con hilos de sueño.
ST204_HIGH_WILLS/DLG_20401_12	在这个领域里，信仰会团结在一个单一而不间断的崇拜之中	A domain where faith would unite in one single, uninterrupted act of adoration.	Un dominio donde la fe se uniría en una sola adoración ininterrumpida.
ST204_HIGH_WILLS/DLG_20401_13	它会给我们光明和时间	That would give us light and time.	Que nos daría la luz y el tiempo.
ST204_HIGH_WILLS/DLG_20401_14	它会让我们化为永恒	That would make us eternal.	Que haría que permaneciéramos eternas.
ST204_HIGH_WILLS/DLG_20401_15	直上云霄！	And higher-reaching than the sky itself.	Más altas que el propio cielo.
ST204_HIGH_WILLS/DLG_20401_2	破坏所有的律令，从而亵渎教皇陛下	Breaking all laws and thus desecrating his Holiness himself.	Quebrantando todas las leyes y profanando así a la mismísima Santidad.
ST204_HIGH_WILLS/DLG_20401_3	我们是至高意志	We are the High Wills.	Somos las Altas Voluntades.
ST204_HIGH_WILLS/DLG_20401_4	因为任何奇迹都来自我们的欲望	For there is no miracle that does not stem from our desire.	Pues no hay milagro alguno que no provenga de nuestro deseo.
ST204_HIGH_WILLS/DLG_20401_5	那不是我们的反应	That is not our reflection.	Que no sea nuestro reflejo.
ST204_HIGH_WILLS/DLG_20401_6	那不是我们的神谕	That is not our Word.	Que no sea nuestra Palabra.
ST204_HIGH_WILLS/DLG_20401_7	先成肉身，然后成圣的神谕	The Word that was first made flesh and then sanctified.	La Palabra que se hizo carne primero y santidad después.
ST204_HIGH_WILLS/DLG_20401_8	忏悔者啊，这广阔地平线上那苍白而静止的光，难道不会伤害你的眼睛吗？	Penitent One, does not the pale, still light of this vast horizon hurt your eyes?	Penitente, ¿no hiere a vuestros ojos la pálida luz inmóvil de este vasto horizonte?
ST204_HIGH_WILLS/DLG_20401_9	这支队伍比我们更为古老，无始无终地在你们面前展开	Of this procession, more ancient than us, that extends out before you without end nor beginning?	¿De esta procesión, más antigua que nosotros, que sin finales ni principios se prolonga?
ST204_HIGH_WILLS/DLG_20402_0	你们来到这里是为了赎罪，是为了做个了结	You have come to this place to atone for your sins, to put an end to this Work.	Habéis llegado hasta aquí para expiar vuestro pecado, para poner fin a esta Obra.
ST204_HIGH_WILLS/DLG_20402_1	毁灭我们的肉体，那曾经是神谕，现在只是沉默	Destroying our flesh that once was Word and now is but silence.	Destruyendo nuestra carne que una vez fue Palabra y que quede solo silencio.
ST204_HIGH_WILLS/DLG_20402_2	让我们低眉顺目，让奇迹黯然失色	Making us cast down our eyes, leaving the Miracle bereft.	Y que nosotras bajemos los ojos, dejando huérfano al Milagro.
ST204_HIGH_WILLS/DLG_20402_3	所以我们最后的意愿就是你永恒的罪责	And so the last of our wills is your eternal condemnation.	Y así la última de nuestras voluntades sea la de vuestra condena eterna.
ST204_HIGH_WILLS/DLG_20402_4	无论是生是死，是饥是渴，是睡是醒	In life and in death, in hunger and in thirst, in sleep and in wakefulness.	En la vida y en la muerte, en el ayuno o en la sed, en el dormir o en la vigilia.
ST204_HIGH_WILLS/DLG_20402_5	埋在层层灰烬之下，你的血肉，骨骼和肌肉的灰烬	Buried under layers of ash, the ash of your flesh, bones and sinew.	Enterrado bajo suelos de ceniza, ceniza de vuestra carne, tendón y hueso.
ST204_HIGH_WILLS/DLG_20402_6	面貌可憎，名字忘却，直到永远	Execrated in visage. Forgotten in name. For ever and ever.	Execrado en el rostro. Olvidado en el nombre. Por los siglos de los siglos.
ST204_HIGH_WILLS/DLG_20402_7	没有任何忏悔可以赦免这一罪孽	There is no penance that can exonerate this Sin.	No habrá penitencia alguna que exonere este Pecado.
ST204_HIGH_WILLS/DLG_20403_0	这是对终极亵渎的代价	It is the price to pay for the ultimate blasphemy.	El precio a pagar por la mayor de las blasfemias.
ST205_MIRIAM/DLG_20501_0	无名的勇士，保持前进吧	Faceless warrior, stay thy course.	Guerrero sin rostro, detened vuestros pasos.
ST205_MIRIAM/DLG_20501_1	我感觉到了…你肩有重负，虽然我看不到你的脸，听不到你的声音	I sense... a heavy burden within thee, although I can neither see thy face, nor hear thy voice.	Puedo sentir... una gran carga en vos, a pesar de no veros el semblante u oíros la voz.
ST205_MIRIAM/DLG_20501_2	恕我失礼…我名叫米莉恩	Forgive my manners... My name is Miriam.	Disculpad mis modales... Mi nombre es Miriam.
ST205_MIRIAM/DLG_20501_3	我受召唤而来到了这片满是猩红暗影的地方	This place of crimson shadows has summoned me.	Este lugar de tinieblas granate me ha hecho llamar.
ST205_MIRIAM/DLG_20501_4	在这片痛苦之地上，有东西超出了我的理解，我决定变换旅程，前来此地	Something in this suffering land, a will that eludes my understanding, decided that I alter the course of my journey and brought me to this place.	Algo en esta tierra que sufre, una voluntad que se escapa a mi comprensión, ha decidido que tomase un sendero diferente en mi viaje haciéndome llegar a este lugar.
ST205_MIRIAM/DLG_20501_5	若是此次会面遭受了制裁，那么肯定是因为我们需要接受考验，注定要在它的注视下互相帮助	And if it has sanctioned this meeting, it must be because we are being put to the test, destined to mutually help one another under its watchful gaze.	Si ha permitido este encuentro entonces es que estamos sometidos a una prueba, destinados a socorrernos mutuamente bajo su mirada.
ST205_MIRIAM/DLG_20501_6	正是我们面前这块水晶，我才得以行遍远方	This crystal that lies before us is what allows me to travel to distant lands.	Este cristal ante nosotros es lo que me permite viajar a lejanos lugares.
ST205_MIRIAM/DLG_20501_7	正如你所看到的，它裂开了，而且它的魔力也消失了	But, as you can see, it is cracked and its magic extinguished.	Mas ahora está fracturado, como podéis ver. Su magia no vive.
ST205_MIRIAM/DLG_20501_8	为了使它复原，我必须去你的世界搜寻散落的碎片	To restore it, I must find the shards that are scattered throughout your world.	Para restaurarlo necesito encontrar los fragmentos esparcidos por vuestro mundo.
ST205_MIRIAM/DLG_20501_9	我请你允许我给你展示其中一块，它就在门的另一端	I beg you, allow me to show you one of them. It lies beyond this door.	Por favor, permitidme enseñaros uno de ellos, se encuentra tras esa puerta.
ST205_MIRIAM/DLG_20502_0	这是其中一扇蓝薇之门，每一块水晶碎片都由它守护	This is one of the Portals of the Blue Rose that guard each and every one of the crystal shards.	Este es uno de los portales de la Rosa Azul, que custodian cada uno de los trozos del cristal.
ST205_MIRIAM/DLG_20502_1	它的魔法之力将我拒之门外	The force of its magic will not allow me to enter.	La voluntad de su magia no me permite entrar en ellos.
ST205_MIRIAM/DLG_20502_2	我祈求你，无名的勇士，助我一臂之力，替我进入其中，取回碎片	Pray, help me, anonymous warrior. Enter in my stead and retrieve the shards.	Asistidme, guerrero anónimo. Entrad en ellos por mí y recuperad los fragmentos.
ST205_MIRIAM/DLG_20502_3	我必须返回我的国度，不能有丝毫迟疑	I must return to my kingdom and I must not tarry.	Debo regresar a mi reino cuanto antes.
ST205_MIRIAM/DLG_20503_0	看，旅行水晶自我恢复了	Look! The journeying Crystal is restoring itself.	¡Mirad! El Cristal del viaje se está restaurando.
ST205_MIRIAM/DLG_20503_1	我感到了它的力量又变强了	I feel its magic growing strong again.	Siento como su magia se recupera.
ST205_MIRIAM/DLG_20503_2	我祈求你，助我一臂之力，取回剩余的碎片	Pray, help me retrieve the remaining shards.	Por favor, ayudadme a recuperar el resto de fragmentos.
ST205_MIRIAM/DLG_20504_0	看，蓝薇之门关闭了…	Look, the Portal of the Blue Rose has closed...	Mirad, el portal de la Rosa Azul se ha cerrado...
ST205_MIRIAM/DLG_20504_1	碎片收回了，水晶正在重组	The shard has returned and the Crystal is reforming.	El fragmento ha regresado y el Cristal se está formando de nuevo.
ST205_MIRIAM/DLG_20504_2	求你了，助我一臂之力，取回剩余的碎片	I beg thee, help me retrieve the remaining shards.	Por favor, ayudadme a conseguir el resto.
ST205_MIRIAM/DLG_20505_0	水晶完整了，它的全部能量恢复了	The Crystal is complete. It has recovered all its power.	El cristal está completo, ha recuperado todo su poder.
ST205_MIRIAM/DLG_20505_1	我现在准备出发了，我们必须告别了，我要返回我自己的国度	I am ready to depart now. I must return to my land and leave you.	Estoy preparada para marcharme. Debo volver a mis tierras y dejaros.
ST205_MIRIAM/DLG_20505_2	我不知道我们是否还能再相见，无名的勇士。但是请你收下这个吧，这是我的一点心意	I do not know if we will meet again, faceless warrior. But pray keep this as a symbol of my gratitude.	Desconozco si nos volveremos a ver, guerrero sin rostro. Guardad esto como prueba de mi agradecimiento.
ST205_MIRIAM/DLG_20506_0	有了这个祷文，你便可以启用我的部分力量	With this prayer that I grant you, you can invoke a portion of my power.	Con esta oración que os concedo podréis invocar parte de mi poder.
ST205_MIRIAM/DLG_20506_1	使用的时候还需谨慎，因为它的魔力来自于阴影	Use it wisely as ‘tis magic that descends from the very shadows.	Usadla con prudencia, pues es magia descendiente de las mismas tinieblas.
ST205_MIRIAM/DLG_20507_0	勇士，帮帮我，进入门内，帮我取回水晶碎片	Help me, warrior. Enter the portals and retrieve the Crystal shards.	Ayudadme, guerrero. Entrad en los portales y recuperad los fragmentos del Cristal.
ST205_MIRIAM/DLG_20508_0	求你了，帮我取回剩余的碎片	I beseech thee, retrieve the remaining shards.	Por favor, recuperad el resto de los cristales.
ST205_MIRIAM/DLG_20509_0	水晶正在重组，我能感受到它的魔力，能听到它的召唤…	The Crystal is reforming. I feel its magic, its call...	El Cristal se está completando. Siento su magia, su llamada...
ST205_MIRIAM/DLG_20510_0	勇士，你已经取回了所有碎片	Warrior, you have retrieved all the shards.	Guerrero, habéis recuperado todos los fragmentos.
ST205_MIRIAM/DLG_20510_1	我们返回镜像大厅吧	Let us return to the Hall of Mirrors.	Volvamos a la sala del Espejo.
ST205_MIRIAM/DLG_20511_0	我们返回水晶所在地吧	Let us return to where the Crystal lies.	Volvamos donde está el Cristal.
ST205_MIRIAM/DLG_20512_0	有缘再相见，勇士	Until we meet again, warrior.	Hasta más ver, guerrero.
ST20_CORPSES/DLG_2001_0	我目睹了大主教的掘墓仪式。我亲眼看见他们如何用酒给他洗净骨头，然后给他穿上丝绸和黄金的衣服。我看见他们把最漂亮的珠宝放在他的脸上，亲吻他的前额。我看着他们把戒指戴在他的手指上，亲吻他的双手。他们把他扶起来，叫着他的名字，摇晃着他，让他看起来好像又在走路一样	I have witnessed the exhumation of the Archbishop. I have witnessed how they cleansed his bones in wine to then dress him in silk and gold. I saw them place the most beautiful jewels on his face and kiss his forehead. I watched as they placed rings on his fingers and kissed his hands. They lifted him up, calling his name, and swayed him to make it look as if he was walking again.	He presenciado la exhumación del Arzobispo. Vi como limpiaban sus huesos en vino para luego vestirlo en sedas y oro. Vi como colocaban las más bellas joyas sobre su rostro para luego besar su frente. Vi como ensortijaban sus dedos para luego besar sus manos. Lo alzaban pronunciando su nombre y lo mecían para que pareciese que caminaba de nuevo.
ST20_CORPSES/DLG_2002_0	我能在这些墙中间感觉到我们的女神。我能感觉到她的温暖，因为她的脸还在燃烧，让我想起了她的牺牲和我们的牺牲。痛苦、寒冷和灼伤就是我们的圣则	I can feel Our Lady between these walls. I can feel her warmth, for her face still burns, a reminder of her sacrifice and ours. The pain, the cold and the burn are our Rules.	Siento a Nuestra Señora entre estos muros. Siento su calor, pues su rostro sigue quemándose, recordándole su sacrificio y el nuestro. El dolor, el frío y la quemadura son nuestras Reglas.
ST20_CORPSES/DLG_2003_0	我很害怕。当我们把小家伙放在那个柳条女人的怀里时，他立刻停止了哭泣，好像那是他的母亲一样。有时候我忍不住想柳条里一定有什么东西。有时它似乎在黑暗中摇动着他	I am fearful. The little one stopped crying as soon as we placed him in the arms of that wicker woman, as if it were his mother. Sometimes I can't help but think there's something living in that wicker. Sometimes it seems to be rocking him in the darkness.	Tengo miedo. El pequeño dejó de llorar en cuanto lo pusimos en brazos de aquella mujer de mimbre como si de su madre se tratara. A veces pienso que hay algo vivo en ese mimbre. A veces parece mecerlo en la oscuridad.
ST20_CORPSES/DLG_2004_0	的确，这是呻吟。它来自这个地方最深处的核心，盘旋而来，随着它自己的回声生长，在青铜浮雕中扭曲变形。三个交织在一起的喉咙发出的哭声，来自于一次忏悔，一次哀悼。这里几乎没有光，只有寒冷和呻吟	Indeed, it is the Groan. It comes from the deepest core of this place, slithering in spirals, growing with its own echo, distorting amidst the bronze embossings. The cry of three intertwined throats born of a single penance, a single mourning. Light hardly ever reaches here, only the cold, and the Groan.	Sí, se trata del Quejido. Viene desde lo más profundo de este lugar reptando en espiral, creciendo con su propio eco, deformándose entre los relieves de bronce. El grito de tres gargantas enlazadas que vienen de una sola penitencia, de un solo luto. La luz apenas llega aquí, solo el frío y el Quejido.
ST20_CORPSES/DLG_2005_0	我看见他从铁栏间走过来。我看见火穿过他的胸膛，把他烤焦了。我看见火又从稀薄的空气中燃烧起来，把他的皮肤熔化了。他与火焰同行，火焰也与他同在	I saw him approaching between the bars. I saw fire burst through his chest and scorch him. I saw fire burn again from thin air, and fuse his skin. He walks with fire, and fire with him.	Vi como se acercaba entre las rejas. Vi como el fuego surgía de su pecho y lo calcinaba. Vi como el fuego surgía de nuevo en el aire y unía su carne. Él camina con el fuego y el fuego con él.
ST20_CORPSES/DLG_2006_0	我在梦中听见他对我说话，虽然他的话没有声音。我梦见他看着我，他的眼睛是银做的	In dreams I hear him speak to me, even though his words have no sound. In dreams I can see him watch me, even though his eyes are made of silver.	En sueños oigo cómo me habla aunque no suenen sus palabras. En sueños veo cómo me mira aunque sus ojos sean de plata.
ST20_CORPSES/DLG_2007_0	当我经过那永恒痛苦的教堂时，我绝不能让自己进去。她仍然痛苦地尖叫着，就像他们把她带到这里的第一天一样。「活着的奇迹！」他们说。奇迹满足了她的愿望，现在我们向她祈祷，看着她无尽的磨难	"When I walk by the chapel of the Perpetual Agony, I can never bring myself to enter it. She still screams in pain like the very first day they brought her here. ""A living miracle!"" they said. The Miracle granted her wish and now we pray to her, watching her endless ordeal."	Cuando paso por delante la capilla del Perpetuo Calvario no me atrevo a entrar. Sigue gritando de dolor como el primer día que la trajeron aquí. ¡Un milagro vivo! Decían. El Milagro le concedió su deseo y nosotros le rezamos en frente suya mientras la observamos en continuo tormento.
ST20_CORPSES/DLG_2008_0	那些躲在天花板上，藏在祭坛饰品中的小东西是什么？我呼唤它们时，它们似乎并不在意。它们被丝带覆盖着，似乎是某种看不见、感不到、持续不断的风中飘零…有时我听到它们哭，有时我听到它们笑。你们究竟是什么，神圣恩典的创造物！？	What are those little ones that seem to hide up in the ceilings, amongst the ornaments of the altars? When I call them, they do not appear to pay me any mind. They are covered in ribbons that give the impression of fluttering in an invisible, imperceptible, constant wind... At times I hear them cry, and at times I hear them laugh. What are you, oh creatures of divine grace!?	¿Qué son esos pequeños que parecen ocultarse en los techos, entre los ornamentos de los altares? Cuando los llamo no parecen prestarme atención. Les cubren unas cintas que parecen movidas por un constante viento invisible, inapreciable... A veces les oigo llorar y otras reír. ¡¿Qué sois, oh, criaturas de gracia divina?!
ST20_CORPSES/DLG_2009_0	我听见他们在读书。他们低声念着禁书。这是不断的低语，它的回声一旦进入我的脑海就拒绝离开。我知道，如果不是我的疯狂先下手为强，我的好奇心会害死我的	I hear them reading. They mutter the forbidden writings. It is a constant murmuring whose echoes, once inside my mind, refuse to leave. I know that my curiosity will kill me, if my madness does not do it first.	Les oigo leer. Susurran los escritos prohibidos. Es un continuo murmullo cuyos ecos, una vez dentro de mi mente, se resisten a salir. Se que mi curiosidad me va a llevar a la muerte si no lo hace antes mi locura.
ST20_CORPSES/DLG_2010_0	现在更近了。冰的哭喊面庞表明修道院就在附近。它们预示着墙内等待着我们的痛苦。我请求这股寒意可以怜悯我，让我爬上山峰，在那里我将重生为金色脸庞的姐妹	It is closer now. The crying faces of ice announce the proximity of the convent. They presage the pain awaiting inside its walls. I ask the cold to be merciful and allow me to climb to the peaks, where I will be reborn as a sister of golden visage.	Ya falta menos. Los rostros llorosos de hielo anuncian la presencia del convento. Anuncian el dolor que espera dentro de sus muros. Pido al frío que sea misericordioso y me permita llegar a las cumbres donde naceré de nuevo como una hermana de rostro dorado.
ST20_CORPSES/DLG_2011_0	在这神圣的地面上，我将获得安全。他们听不见我的脚步，也听不见我的恐惧。奇迹想让那些树上的橘子落下时不发出任何声音，这样我们就只会听到风穿过柱子和扶壁的声音了…现在我只能听到那些被奇迹惩罚的人可怕的尖叫声。我会耐心等待的	On this sacred floor I will be safe. They will hear neither my footsteps nor my fear. The Miracle wanted the oranges from those trees to make no sound on falling, so that only the wind through the columns and buttresses could be heard... Now I hear only the horrific screams of those punished by the Miracle. I will wait patiently.	Sobre este suelo sacro estaré a salvo. No oirán ni mis pasos ni mi miedo. El Milagro quiso que las naranjas de esos árboles no se oyeran al caer, sino solo el viento entre las columnas, los arbotantes... Ahora solo se oyen los horribles gritos de los castigados por el Milagro. Esperaré paciente.
ST20_CORPSES/DLG_2012_0	大香炉还需要多少祷文？它什么时候会耗尽力道，停止摇摆？我们什么时候才能重新站起来？低下你的头…闭上你的眼…祈祷…不要起身	How many more prayers does the Great Censer want? When will it tire and stop swaying? When will we be able to stand again? Lower your head... Close your eyes... Pray... And do not get up.	¿Cuántas oraciones más quiere el Gran Incensario? ¿Cuándo se cansará y dejará de mecerse? ¿Cuándo podremos levantarnos?  Agacha la cabeza... Cierra los ojos... Reza... y no te levantes.
ST20_CORPSES/DLG_2013_0	那里有一棵金属树，如桥梁的守卫般矗立着。那棵树皮斑驳的大树象征着圣王与奇迹的最后交流。面对这永恒的黄昏，我将等待，直到我走向大梦境的彼岸	There is the metal tree, erected as guardian of the bridge. That tree, with its eroded bark, is the symbol of His Holiness's final communion with the Miracle. Facing this eternal dusk, I will wait until I depart towards the other side of the Dream.	Ahí está el árbol de metal, que se erige como guardián del puente. Es el árbol, con su corteza corroída, el símbolo de la comunión final de Su Santidad con el Milagro. Ante este atardecer eterno esperaré hasta que parta al otro lado del sueño.
ST20_CORPSES/DLG_2014_0	我感到自己在衰弱。我被判衰朽，以这个强迫的祈祷姿势遭到遗弃。我再也听不见其他人的声音，只有他们生锈的笼子在风中摇摆	I feel myself weakening. I am sentenced to perish, abandoned in this forceful praying position. I can no longer hear the rest, only their rusted cages, swaying in the wind.	Siento desfallecer. Estoy castigado a morir abandonado en una forzada posición de rezo. Ya no oigo a los demás, solo sus jaulas oxidadas mecidas por este viento helado...
ST20_CORPSES/DLG_2015_0	它一定在这附近…钟声响个不停。我甚至在梦中都能听到它的丁当声。我的手在挖掘中受伤了。它一定在这附近…再受一次伤…我听到它就在附近…	It must be around here... The bell will not stop ringing. I hear its jingling even in my dreams. My hands are wounded from all the digging. it must be around here... Just one more wound... I hear it close by...	Debe estar por aquí... El cascabel no deja de sonar. Oigo su tintineo hasta en sueños. Mis manos están llenas de heridas de escavar. Debe estar por aquí... Solo un poco más profundo... Solo una herida más... Lo oigo cerca...
ST20_CORPSES/DLG_2016_0	我再也受不了了。那个声音…那钟声将永远伴随着我。无论我去哪里。这是我的遗言。是时候前往这个诅咒之梦的另一边了	I can bear it no longer. That sound... That ringing will follow me forever. No matter where I go. This is my sentence. It is time to cross towards the other side of this cursed dream.	No lo aguanto más. Ese sonido... Ese tintineo me perseguirá por siempre. No importa a donde vaya. Esta es mi condena. Es momento de cruzar al otro lado de este sueño maldito.
ST20_CORPSES/DLG_2017_0	今晚月亮穿了一件长尾礼服，一头公牛在岩蔷薇和阴影之间盯着她	The moon is out tonight with a long tailed gown, and a bull stares at her between the rockrose and the shadows.	La luna sale esta noche con larga bata de cola y un toro la está mirando entre la jara y la sombra.
ST20_CORPSES/DLG_2018_0	它不可能…我发誓那幅画中画着的蜡烛已经点燃，房间里还闪着光…我是不是疯了？	It cannot be... I could have sworn the candle depicted in that painting was lit, and that the room gleamed... Could I be losing my mind?	No puede ser... juraría que la vela pintada en aquel cuadro estaba encendida y que la habitación resplandecía ¿Estaré perdiendo la razón?
ST20_CORPSES/DLG_2019_0	「Videte ne quis sciat」	"""Videte Ne Quis Sciat"""	"""Videte Ne Quis Sciat"""
ST20_CORPSES/DLG_2020_0	我的孩子，聆听这股寂静吧。这是种起伏的寂静，一种山谷和回声滑过的寂静，一种使我们低下额头的寂静	Listen, my son, to the silence. It is an undulating silence, a silence where valleys and echoes slide, a silence that bows foreheads to the ground.	Oye, hijo mío, el silencio. Es un silencio ondulado, un silencio, donde resbalan valles y ecos y que inclina las frentes hacia el suelo.
ST20_CORPSES/DLG_2021_0	在这些悬崖峭壁上，在积雪深渊的脚下，一个秘密的根源等待着那些有耐心的人…	On these cliffs, located at the foot of a snowy abyss, the roots of a secret await those who are patient...	En estos riscos, situado al pie de un abismo nevado, las raíces de un secreto aguardan al paciente...
ST20_CORPSES/DLG_2022_0	一上一下，一上一下…比疼痛更糟糕，比寒冷更糟糕的就是吱吱声，那该死的生锈机器地板上不断发出的吱吱声	Up and down, up and down... worse than pain, and worse than cold is the squeaking, the incessant squeaking of that damned floor of rusty mechanisms.	Arriba, abajo, arriba, abajo... peor que el dolor, peor que el frío, es el chirrido, el incesante chirrido de ese maldito suelo de mecanismos oxidados.
ST20_CORPSES/DLG_2022_1	为什么人们会把它用得这么狠呢？	Why would anyone want to use it so much?	¿Por qué querría nadie usarlo tanto?
ST20_CORPSES/DLG_2023_0	一些最珍贵的禁断艺术品被放逐到了遗忘之地，并被这些墙所吞噬…	Banished to oblivion, and prey to these walls, are some of the most valuable forbidden works of art...	Confinadas en el olvido, presas de estos muros se encuentran algunas de las obras prohibidas más valiosas...
ST20_CORPSES/DLG_2024_0	修女们在地窖里的两个圣像面前卑躬屈膝。他们可能在保守什么秘密…	The sisters humble themselves before two holy figures in their crypts. What secrets might they be keeping...	Las hermanas se humillan ante dos santas figuras en sus criptas. Qué secretos custodiaran...
ST20_CORPSES/DLG_2024_1	他们的眼睛期待着牺牲，期待着痛苦，期待着鲜血…	Their eyes anticipate sacrifices, anticipate pain, anticipate blood...	Sus miradas esperan sacrificios, esperan dolor, esperan sangre...
ST20_CORPSES/DLG_2025_0	一半的人没有回来…	Half do not return...	La mitad no vuelve...
ST20_CORPSES/DLG_2026_0	大家全部通过…	Everyone passes...	Todos pasan...
ST20_CORPSES/DLG_2027_0	地下之路并非正途。地道之中流传着这样的谎言。狂风啸声、波涛呼声不绝于耳，但是此间既无风也无海…桅杆上燃烧的蓝色火焰也无法灼烧我们的双手…	Beneath the earth the paths are misleading. This is the lie that haunts these tunnels. The howl of the wind and the roar of the waves can be heard and yet, there is no wind or sea... Not even the blue flame atop the masts burns our hands...	Bajo la tierra los caminos son engañosos. Es la mentira la que deambula por estos túneles. Suenan el viento y las olas sin que haya viento, o haya mar... Ni siquiera el fuego azul de lo alto de los mástiles quema nuestras manos...
ST20_CORPSES/DLG_2028_0	一道圣光照亮了铁树最高处的枝杈。夺目的光辉透过高墙，射入大厅，而她就安身于此，在这圣光的照耀下，我的眼睛泛着紫光。	A sacred light stains the highest branches of the iron tree. Its brilliance penetrates its walls into the hall where she rests, shrouding my eyes in purple darkness.	Una luz sagrada está tiñendo las ramas más altas del árbol férreo. Ese brillo está penetrando por sus paredes hasta el interior de la galería donde ella descansa, velando mis ojos con una oscuridad púrpura.
ST20_CORPSES/DLG_2029_0	我听到上面有脚步声，那声音远在根须之上。我听到了岩石后面有嘈乱的喘息之声。我听到了附近有蠕虫，在向我一步步蠕动。	I hear footsteps up above me, beyond the roots. I hear irregular, raspy breathing from behind the rock. I hear the worms nearby, slithering towards me.	Oigo pasos arriba, más allá de las raíces. Oigo una respiración errática, entrecortada, tras la piedra. Oigo a los gusanos reptando cerca, vienen hacia mí.
ST20_CORPSES/DLG_2030_0	大门欺骗了我，它们挺不想让我离去。墙壁才是唯一不会撒谎的。穿过墙壁才有逃出此地的路…	The doors are deceiving me, they do not want me to go. The walls are the only ones that do not lie. Through the walls lies the way out of this place...	Las puertas me engañan, no quieren que me marche. Los muros son los únicos que no mienten. En los muros está la salida de este lugar...
ST20_CORPSES/DLG_2031_0	水面宁静而黑暗，就像乌黑的大理石一般。我的脸倒映在上面，就像照在黑暗的镜子中一样，这让我无法逃出它的凝视…	The waters are tranquil and dark like the blackest of marble. My face is reflected in them as in a mirror of darkness, which prevents me from escaping its gaze...	Las aguas están lisas y oscuras como el mármol más negro. Mi rostro se refleja en ellas como en un espejo de tinieblas, que evita que pueda esquivar su mirada...
ST20_CORPSES/DLG_2032_0	我们必须回去。我看到了阴影，我看到了黑水下的黄金。我们必须回去，接近大海之时，大海就会怒颤	We must return. I saw the shadow, I saw the gold under the black waters. We must return, the sea trembles when she is close at hand.	Debemos volver. He visto la sombra, he visto el oro bajo el agua negra. Debemos volver, el mar tiembla cuando ella está cerca.
ST20_CORPSES/DLG_2033_0	我看到了女神，她是金锦相织的忏悔者，她戴着头盔，挡面板遮住了她的眼睛，她观察负咒之人和徐徐日出之时，我们看不到她的眼睛…	I saw the lady, the penitent one of gold and brocade, the one with the helmet whose visor shades her eyes as she watches the accursed and slowly setting sun...	He visto a la señora, la penitente de oro y bordados, la del yelmo cuyo relieve cubre sus ojos, mirando al atardecer detenido y maldito...
ST20_CORPSES/DLG_2034_0	愿奇迹保护那些毫无准备的灵魂，他们敢于挑战骷髅会的声音，而她不允许任何人打断她的歌声	May the Miracle protect the unprepared souls that dare challenge the voices of bone and skull, as She won't allow anyone to interrupt her song.	Que el Milagro ampare las almas que, desprevenidas, osen desafiar al coro de cráneo y tuétano, pues la cantora no permitirá que su copla sea interrumpida.
ST21_JAILED_GHOST/DLG_2101_0	不要怕我的身体，因为有那么多光明和黑暗穿过了它；也不要怕我的脸，它从这些金条后面显出了丑态	Do not fear my body, through which so much lightness and darkness pass, nor my visage, which appears disfigured from behind these golden bars.	No temáis a mi cuerpo, que tanto claridad y oscuridad atraviesan; ni a mi rostro, desfigurado entre estas rejas de oro.
ST21_JAILED_GHOST/DLG_2101_1	我叫索利达，奉圣王之命被锁在这个笼子里，然后奇迹开始装饰起了它	Soledad by name, I was locked up on the orders of His Holiness in this cage that the Miracle then proceeded to decorate.	Soledad por nombre, fui encerrada por orden de Su Santidad en esta jaula que luego el Milagro se encargó de ornamentar.
ST21_JAILED_GHOST/DLG_2101_2	当我的身体还是蓝色的火焰时，至高意志给了我帮助你的机会	The High Will has granted me the opportunity to help you while my body remains a blue flame.	La Alta Voluntad me ha otorgado la oportunidad de ayudaros mientras mi cuerpo siga siendo una llama azulada.
ST21_JAILED_GHOST/DLG_2101_3	我将等待，沉睡，直到你把这些念珠绳结交给我，好让我的烟之手把它们扎起来，这样就让你的念珠串拥有了新的奥秘	I will wait, sleeping, until you hand the knots over to me so that my hands of smoke may tie them, thus expanding the mysteries of your rosary.	Esperaré dormida a que me entreguéis los nudos para que mis manos de humo los engarcen, ampliando así los misterios de vuestro rosario.
ST21_JAILED_GHOST/DLG_2102_0	一旦你拥有了新的念珠串绳结，就记得回来吧	Return once you possess new rosary knots to thread.	Volved cuando poseáis nudos de rosario.
ST21_JAILED_GHOST/DLG_2102_1	愿你的内心能从罪孽中解脱	May your heart be free of sin.	Sin pecado Corazón Sea.
ST21_JAILED_GHOST/DLG_2103_0	现在，让我来系上一个新的奥秘吧	Now let my fingers tie a new mystery.	Ahora dejad que mis dedos anuden un nuevo misterio.
ST21_JAILED_GHOST/DLG_2104_0	你的念珠串的奥秘现在完成了	The mysteries of your rosary are now complete.	Los misterios de vuestro rosario están ahora completos.
ST21_JAILED_GHOST/DLG_2104_1	我的任务完成了，虽然我的罪孽现在已经不可饶恕	My task is complete, although my sins have now become unforgivable as a result.	Mi cometido está cumplido, aunque por ello mis pecados se han vuelto ahora imperdonables.
ST21_JAILED_GHOST/DLG_2104_2	我不知道我会去哪里，但我确信它不会是大梦境的另一边	I do not know where I will go, but I am sure that it will not be to the other side of the Dream.	No sé adónde marcharé, pero estoy segura que no será al otro lado del Sueño.
ST21_JAILED_GHOST/DLG_2105_0	我蓝色火焰的身体被熄灭了…	My body of blue flame is being extinguished...	Mi cuerpo de llama azul se apaga...
ST21_JAILED_GHOST/DLG_2106_0	你为我带来了更多的念珠绳结吗，忏悔者？	Do you have more knots for me, Penitent One?	¿Tenéis más nudos para mi, Penitente?
ST21_JAILED_GHOST/MSG_2101_0	可用新的神秘念珠串	New Rosary Mystery available.	Nuevo misterio de rosario disponible.
ST22_STATUE/DLG_QT_2201_0	重新填充空胆汁管以换取{purgepoints}	Refill Empty Biliary Vessel in exchange for {purgepoints}	¿Rellenar Matraz Biliar Vacía a cambio de {purgepoints}
ST22_STATUE/DLG_QT_2201_ANSWER_0	填充	Fill	Rellenar
ST22_STATUE/DLG_QT_2201_ANSWER_1	不	No	No
ST22_STATUE/DLG_QT_2202_0	恢复生命以换取{purgepoints}	Restore Health and Bile Vessels in exchange for {purgepoints}	¿Restaurar salud y matraces biliares a cambio de {purgepoints}
ST22_STATUE/DLG_QT_2202_ANSWER_0	恢复	Restore	Restaurar
ST22_STATUE/DLG_QT_2202_ANSWER_1	不	No	No
ST25_PONTIFF/DLG_2501_0	在我的梦里，我听到你的脚步声越来越近。在我的梦里，我试着和你说话，介绍我自己	In my dreams I heard your footsteps coming closer. In my dreams I tried to talk to you, and introduce myself.	En mi sueño vi vuestros pasos acercarse. En mi sueño quise hablaros y presentarme.
ST25_PONTIFF/DLG_2501_1	奇迹的守护者，奇迹旗帜的守护者，我怀着巨大的痛苦带着圣父的徽章	Guardian of the Miracle, and of the Miracle banner, with great pain, I carry the emblem of the Father.	Guardián del Milagro, y del Milagro, estandarte, con gran dolor cargo el símbolo del Padre.
ST25_PONTIFF/DLG_2501_2	我是沾满鲜血的双手，我是神母凝视的眼睛	I am the hands of bloodied skin, I am the eyes from which our Mother gazes.	Soy las manos de piel de sangre, soy los ojos por los que mira nuestra Madre.
ST25_PONTIFF/DLG_2501_3	但我对你一无所知，除了你那冷酷的、无名的面孔	But nothing I know of you, apart from your cold, nameless visage.	Mas nada sé de vos, nada que no sea vuestro frío rostro sin nombre.
ST25_PONTIFF/DLG_2501_4	除了你那长满老茧、伤痕累累的双手。除了哀悼你的死亡	Apart from your callused and wounded hands. Apart from the mourning of your deaths.	Que no sean vuestros callos y vuestros cortes. Que no sea el luto de vuestras muertes.
ST25_PONTIFF/DLG_2501_5	不。我对你一无所知，只有奇迹才知道你	No. I know nothing of you, only the Miracle knows.	No. Nada sé de vos, solo el Milagro sabe.
ST25_PONTIFF/DLG_2502_0	你打碎了你看见我睡着的那面镜子	You have shattered the mirror in which you saw me asleep.	Habéis roto el espejo en el que me veíais dormido.
ST25_PONTIFF/DLG_2502_1	现在你看到我醒来，乃是奇迹之子	Now you see me awoken as the son of the True Miracle.	Ahora me veis despierto como hijo del Milagro Verdadero.
ST25_PONTIFF/DLG_2503_0	现在，愿你充满罪恶的剑能够与我的金剑相撞吧	Now, may your sword full of guilt, with mine of gold, collide.	Ahora, que tu espada llena de culpa, con la mía de oros, choque.
ST25_PONTIFF/DLG_2503_1	让它们受伤，列队前进	Let them hurt and march in procession.	Deja que se duelan y en procesión marchen.
ST25_PONTIFF/DLG_2503_2	我永远诅咒你的名字	I curse you forever in name.	Por siempre os maldigo en el nombre.
ST25_PONTIFF/DLG_2503_3	我永远祝福你的死亡	I bless you forever in death.	Por siempre os bendigo en la muerte.
Sword/HE01_CAPTION	烟火香心	Smoking Heart of Incense	Humeante Corazón de Incienso
Sword/HE01_DESCRIPTION	提升祷文的持续时间与效力，但也会增加信仰的消耗	Enhances the power and duration of Prayers, but also increases their cost by one Fervour bar.	Aumenta el daño y la duración de los rezos, pero a cambio aumenta su coste en una barra de fervor extra.
Sword/HE01_LORE	悲恸奇迹恩典集·第一@@一天夜里狂风大作，枯树燃起烈火，而这棵枯树是圣王变成的，这都是奇迹赐下的神恩。枯树燃烧了九十天，当它烧尽时，留下了堆积如山的灰烬，盖满了大教堂的主塔，只有圣王的翻转王座留在上面。任何在场之人以及想要攀爬上去的人都被灰烬吞没，整座教堂陷入了死寂当中	The Works and Graces of the Sorrowful Miracle. First Verse.@@The great dry tree into which His Holiness was transformed by work and grace of the Miracle burned in a night of heavy storms. It burned for ninety days, and as it was consumed, it left an enormous pile of ashes that covered the cathedral's main ambulatory tower, leaving His Holiness' Turned Throne on the top. All those who were present, and all those who arrived and tried to climb to the summit, were swallowed by the ashes. And the cathedral fell silent.	Obras y Gracias del Milagro Doloroso. Versículo Primero.@@El gran árbol seco en el que Su Santidad fue convertido por obra y gracia del Milagro ardió en una noche de fuertes tormentas. Ardió por noventa días y se consumió dejando una enorme montaña de ceniza que cubrió la torre deambulatorio mayor de la catedral dejando el trono girado de Su Santidad en lo alto. Todos los presentes, todos los que llegaron y trataron de subir a la cumbre fueron tragados por la ceniza. Y la catedral quedó en silencio.
Sword/HE02_CAPTION	痛德之心	Heart of the Virtuous Pain	Corazón del Buen Dolor
Sword/HE02_DESCRIPTION	有防御祷文赐福的剑芯。可以插入孽刃之中。强化防御姿态，提升持续时间	Sword core, blessed with defensive prayers. Can be inserted into Mea Culpa. Boosts the blocking stance, increasing its duration, but exposes The Penitent One longer to enemy attacks.	Núcleo de espada, bendito con plegarias defensivas. Puede insertarse en Mea Culpa. Potencia la maniobra de parada, aumentando su duración, a cambio de exponer a Penitente durante más tiempo frente a los ataques de los enemigos.
Sword/HE02_LORE	『悲恸奇迹恩典集·第二』@@「大风猛烈地吹过圣树所在的大教堂的裂缝，扬起的灰烬形成了浓密的灰云，把整个神母教堂都笼罩在铅灰色的黑暗中。地面开始颤抖。这时，从灰山深处传来一声可怕的喊叫。越来越多的人加入了这一呼声。喉咙里的尖叫声，动物的吼声，怪物的叫声，尤其是老人的尖叫声，那声音沉重地回响着，像从巨人的喉咙里发出来的一样」@	The Works and Graces of the Sorrowful Miracle. Second Verse.@@@@The wind blew strongly through the fractures of the cathedral that the Great Tree had originated, lifting the ash creating dense gray clouds, hiding the whole Mother Church and drowning her in a deep darkness of lead. The ground began to tremble. Then a terrible cry was heard from the depths of the mountain of ash. And that cry was joined by more and more. Guttural screams, animal roars, monsters, and one which was heard above all the scream of an old man, which resounded gravely, as out of the throat of a giant.@	Obras y Gracias del Milagro Doloroso. Versículo Segundo.@@El viento entraba fuerte por las roturas de la catedral que el Gran Árbol había originado levantando la ceniza que creaba densas nubes grises, ocultando a toda La Madre Iglesia y sumiéndola en una profunda oscuridad de plomo. La tierra cercana empezó a temblar. Entonces se oyó un terrible grito proveniente de la profundidad de la montaña de ceniza. A ese grito se le sumaron más y más. Gritos guturales, rugidos animales, monstruosos, y uno que se oyó por encima de todo el grito de un anciano, que retumbó grave, como salido de la garganta de un gigante.
Sword/HE03_CAPTION	硝石血心	Heart of Saltpeter Blood	Corazón de Sangre Ensalitrada
Sword/HE03_DESCRIPTION	忏悔者濒死时攻击伤害将有所提升	Attack damage is increased when The Penitent One is close to death.	Aumenta el daño de ataque cuando Penitente está cerca de la muerte.
Sword/HE03_LORE	他受宣福礼后不久，奇迹降临到不起眼的教区祭司和悔过者身上：一切罪恶、过去未来、所思所为、所亲所近之象。他无需听我们忏悔，因他都已知晓。他懂得救赎，明白我们是否诚心悔过。他洞悉一切。罪恶与罪人再无关联；我们赤裸地暴露在他与奇迹面前。这样的神恩令人恐惧。为了尽力阻止时常显现在他眼前的罪恶之象，他让我们用厚麻布盖住他的头，恳求我们带他去很远，很远的地方…	It wasn't long before he was beatified. The Miracle bestowed a gift upon that humble parish priest and confessor the visions of all sin, future and past, of thought and deed, of every person who approached him. He did not need to hear our confessions, because he already knew them all. He knew the penance, he knew the sincerity of our repentance. He knew everything. There was no more intimacy between sins and sinners; we were all naked before him, and the Miracle. Such grace came to be feared. He asked us to cover his head with a thick burlap cloth, in order to try and stop his constant visions of sin, and begged us to take him far, far away....	No tardó en ser beatificado. El Milagro le otorgó a aquel humilde párroco y confesor un regalo las visiones del pecado, futuras y pasadas, de pensamiento y obra, de todo el que se acercaba. No necesitaba oír nuestras confesiones pues todas ya las sabía. Sabía la penitencia, sabía la sinceridad de nuestro arrepentimiento. Lo sabía todo. Ya no existía la intimidad entre pecados y pecadores, todos nos encontrábamos desnudos ante él y el Milagro. Semejante gracia llegó a ser temida. Él nos pidió que le cubriéramos la cabeza con una gruesa tela de arpillera para intentar cesar sus constantes visiones de pecado y que le llevásemos lejos, muy lejos...
Sword/HE04_CAPTION	神油之心	Heart of Oils	Corazón de los Óleos
Sword/HE04_DESCRIPTION	神油之心涂有可以点燃灵魂的神油。神圣之怒会提升持剑之人的力量，同时降低他们的防御力	This Heart is anointed with oils that inflame the soul. Sacred fury increases the strength of those who wield the sword, while at the same time lowering their defence.	Este Corazón está ungido en aceites que enardecen el alma. La sagrada furia aumenta la fuerza de quien empuña la espada, pero al mismo tiempo reduce sus defensas.
Sword/HE04_LORE	「圣父，一如往常，列队游行后，忏悔者的鲜血染红大地，他们步步伤损，步步苦痛。靠在窗台上凝视着夜色中的血泊祈祷时，我发现有个穿着斗篷的人开始将鲜血收集到闪闪发光的金属容器中」@「孩子，你说的那个人，一定是那位流浪的婆子，他们称她为坎德拉里亚的商人：有人奉她为圣人，有人斥她为女巫」	"""Father, as it always is after a procession, the ground was filled with puddles of blood from our penitents, who harm themselves with every excruciating step. But as I prayed on the windowsill, watching the night reflected on that holy reddish line, I noticed that someone, a cloaked figure, had begun collecting that blood in a shiny, metallic container.""@""That figure you speak of, my son, must be none other than the roaming gipsy, the merchant they call Candelaria a sage to some, a witch to others."""	"""Padre, como ocurre siempre, tras la procesión, el suelo adoquinado de ahí afuera estaba lleno de charcos de la sangre de nuestros penitentes que se hieren fuertemente a cada doloroso paso. Pues mientras rezaba en la ventana y observaba el reflejo nocturno en esa santa línea rojiza, vi que alguien, una figura encapuchada, empezaba a recoger parte de esa sangre guardandola en un recipiente de metal brillante. -Esa persona de la que hablas, hijo mío, no debe ser otra que la gitana errante, la vendedora a la que llaman Candelaria, para algunos sabia, para otros bruja."""
Sword/HE05_CAPTION	蔚蓝香心	Heart of Cerulean Incense	Corazón del Incienso Cerúleo
Sword/HE05_DESCRIPTION	熠熠生辉的剑芯，四周有蓝色雾气起伏波动。它的香气中混合了血腥的味道，可提升信仰。但遗憾的是，这种雾气会影响纯度，削弱血腥攻击伤害	Sword core that shines, surrounded by a clear blue mist emanating from small creases. Its scents mix with the smell of shed blood, increasing Fervour generation. Regretably, the mist affects purity, weakening attacks based on blood.	Núcleo de la espada, que brilla envuelto en una clara neblina azul que sale de pequeños orificios. Sus aromas se entremezclan con el olor de la sangre derramada, aumentando el Fervor generado. Lamentablemente la niebla afecta a la pureza, debilitando los ataques basados en sangre.
Sword/HE05_LORE	悲恸奇迹恩典集·第三@@那些曾经被灰烬吞没的大部落族民，他们是奇迹部落，是天罚之民。他们满怀信念、又满腔怒火。他们要惩罚所有逃脱神圣之命、奇迹之愿的人。	The Works and Graces of the Sorrowful Miracle. Third Verse@@All those who once were swallowed by the ashes emerged from it in great hordes the Hordes of the Miracle, the Punished. With only faith in their minds and only rage in their guts. Willing to punish all those who had escaped from such a holy fate, from the will of the Miracle itself.	Obras y Gracias del Milagro Doloroso. Versículo Tercero@@Todos los que una vez fueron tragados por la ceniza salieron de ella, en grandes hordas, las Hordas del Milagro, los Castigados. Con solo fe en sus mentes y con solo rabia en sus entrañas. Dispuestos a castigar a todos los que habían escapado de tan santo destino, de la voluntad del Milagro mismo.
Sword/HE06_CAPTION	圣净之心	Heart of the Holy Purge	Corazón de la Santa Purga
Sword/HE06_DESCRIPTION	有狂热祷文赐福的剑芯。可以插入孽刃之中。强化赎罪之泪的吸取效果，但无法使用圣水瓶	Sword core, blessed with fervent prayers. Can be inserted into Mea Culpa. Increases the Tears of Atonement reaped, but prevents the use of Bile Flasks.	Núcleo de espada, bendito con plegarias fervientes. Puede insertarse en Mea Culpa. Aumenta las Lágrimas de Enmienda cosechadas, pero impide el uso de Matraces Biliares.
Sword/HE06_LORE	孽刃传说，罪孽之剑@@据说，这尊带有花瓣的石像曾经是个内心充满了深深的罪恶感的年轻女子，她用圣父的偶像击打着自己的胸膛，请求惩罚。奇迹便在圣父的偶像中现了身，从她身上露出了一条带有又宽又长的刀锋并深深扎着根的大刀，刺穿了她的罪恶的心，后来把又把她的身体变成了石头。那把剑从此被称为孽刃，也是那年轻女子的临终遗言而化成的歉意	The Legend of Mea Culpa, the Sword of Guilt@@It is said that this stone statue covered with petals was once a young woman who, tormented by a deep feeling of guilt, struck her chest with the figure of Our Father, asking him to be punished. The Miracle manifested itself in the figure of the Father, emerging from her a wide and long edge, a great rooted sword, which pierced her guilty heart to later transform her body into stone. That sword was called Mea Culpa in allusion to the last words of the young woman.	La Leyenda de la Espada de la Culpa@@Dicen que esa estatua de piedra cubierta de pétalos fue antes una joven que, atormentada por un profundo sentimiento de culpa, golpeó su pecho con la figura de Nuestro Padre, pidiéndole ser castigada. El Milagro se manifestó en la figura del Padre, surgiéndole un ancho y largo filo, una gran espada enraizada, que le atravesó su corazón culpable para posteriormente transformar su cuerpo en piedra. Aquella espada fue llamada Mea Culpa en alusión a las últimas palabras de la joven.
Sword/HE07_CAPTION	热血之熔心	Molten Heart of Boiling Blood	Fundido Corazón de Sangre Hirviente
Sword/HE07_DESCRIPTION	触感干燥多孔的剑芯。每次造成击杀后可使孽刃剧烈震动，将生命力传输给携带者，但会削弱圣水瓶的恢复效果	Sword core, dry and slightly porous to the touch. It causes Mea Culpa to throb thirstily after every kill, transferring life force to its wearer, but reducing the amount of health recovered by Bile Vessels.	Núcleo de la espada, seco y poroso al tacto. Hace que Mea Culpa palpite sedienta con cada muerte, transfiriendo fuerza vital a su portador, aunque su influjo reduce la curación del Matraz Biliar.
Sword/HE07_LORE	金匠不住地在银器上雕刻着，信口问道：@「冒昧一问，这东西要沾谁的血？」@祭司答道：@「是将死之人的血，他自己背叛了自己，判处他有罪的就是他所效命的教会」@金匠停下了手中的活，抬起眼说道：@「那不正是阁下您吗？」	"""The master metalsmith, never ceasing to emboss the silver, asked, casually@""If I may ask, from whom would the blessed blood that will be perpetuated in this brooch be?""@The priest replied@""It will be from someone who is to die soon, betrayed by his own, condemned by the very authorities he obeyed.""@The master stopped, and raised his sights@""It is you, is it not?"""	"""El maestro orfebre, sin dejar de repujar la plata, preguntó - Si se le permite a mi curiosidad, ¿De quién sería la bendita sangre que será perpetuada en este corazón de plata?@El sacerdote respondió - Es de alguien que va a morir pronto, traicionado por los suyos, condenado por las autoridades a las que obedeció.@El maestro se detuvo y levantando la mirada - Se trata de vos, ¿verdad?"""
Sword/HE101_CAPTION	平明佳心	Brilliant Heart of Dawn	Brillante Corazón del Alba
Sword/HE101_DESCRIPTION	罗拉德斯的精华交汇在一起，形成了足金，可谓白光闪耀，仿佛激情四射。四位阿马内奇达在数百年前正是因这种激情而生。携带者闪避之后，其速度会得到提升，但是其防御力将会减半。	The Essence of Laudes, woven into solid gold. Glowing with the incandescent passion that centuries ago gave birth to the four Amanecidas. It increases the speed of whoever wears it after a dodge manoeuvre, but reduces their defence by half.	"Esencia de Laudes, trenzada en oro macizo. Encendido con la incandescente pasión que provocara, hace siglos, el nacimiento de las cuatro Amanecidas. Acelera la velocidad de su portador tras una maniobra de esquiva, pero disminuye sus defensas a la mitad. "
Sword/HE101_LORE	长思则费心劳神，一睹则泪水盈眶。敢问圣者，你对我究竟做了什么？你无畏牺牲，我因此告知世人，我对你敬爱有加。@我的罪过就是敬爱神圣，这神圣就在你体内，就是你的本质，因而可以算是禁戒神福。这份爱在我心中的分量越来越重，每每都要突破胸怀，简直呼之欲出。我无法再将其压抑下去，因为它有自己的意志。让我的肌肤裂开吧，让我宝贵的热情迸发，并且为你所用吧。	The mere thought of you tires my body; the vision of you fills my eyes with tears. What do you provoke in me, holy stranger? It is your sacrifice that guides all the love I profess to you. @My sin is to love, to love holiness, the sacredness that resides in you and in what you represent, which is in turn blessed and forbidden. This love weighs more and more heavily within me, and asks me to leave the confines of my breast. I can no longer hold it back, for it has a will of its own. Let my skin open. Let my golden passion come forth and make itself available to you.	Vuestro mero pensamiento me cansa el cuerpo, y vuestra visión llena mis ojos de lágrimas. ¿Qué provocas en mí, santo desconocido? Es vuestro sacrificio el que guía todo el amor que os profeso. @@Mi pecado es el amar, el amar a la santidad, a lo sagrado que reside en vos y en lo que representáis, que es a su vez beato y prohibido. Este amor pesa más y más dentro de mí, y me pide salir del claustro de mi pecho. No puedo retenerlo más, pues tiene voluntad propia. Ábrase mi piel. Salga mi pasión de oro y póngase a vuestra disposición.
Sword/HE10_CAPTION	孤音之心	Heart of the Single Tone	Corazón de la Única Nota
Sword/HE10_DESCRIPTION	与神秘之音共鸣的剑芯。可以插入孽刃之中，使孽刃之锋颤动，摧毁某些无形投射物，但会削弱携带者的元素抗性	Sword core, which resounds with an inscrutable ringing. Can be inserted into Mea Culpa. Makes its edge vibrate, causing its attacks to destroy certain immaterial projectiles, but reducing the elemental resistances of its wielder.	Núcleo de espada, que resuena con un inescrutable timbre. Puede insertarse en Mea Culpa. Hace vibrar su filo, provocando que sus ataques destruyan ciertos proyectiles inmateriales, pero reduciendo las resistencias elementales de su portador.
Sword/HE10_LORE	看着他们。看着他们爬上燃烧的灰烬。看着他们如何像饥饿的野兽般爬行。灰烬贪婪地将他们一个个吞噬。这就是奇迹传递给他们的信念。信念支撑着他们爬向翻转王座，承诺赐予他们圣餐仪式，圣餐仪式确实会到来，但不是以他们所期待的方式。很快，当所有人都被吞噬之时，他们就将带着你我永远无法理解的信念获得重生	Watch them. Watch as they climb up the burning ash. Watch how they crawl like hungry beasts. The ash swallows them one by one, insatiable. Such is the faith that the Miracle stirs in them. It makes them climb towards the Turned Throne by promising them a communion that will, indeed, happen, but not in the way they expect. Soon, when all of them have been swallowed up, they will be reborn, filled with a faith that neither you nor I will ever get to comprehend.	Miradlos. Mirad como suben por la ceniza ardiente. Mirad como se arrastran como bestias hambrientas. La ceniza se los traga uno por uno insaciablemente. Esa es la fe que el Milagro les provoca. Les hace subir hacia el Trono Girado prometiéndoles una comunión que sucederá pero no de la manera que esperan. Pronto, cuando todos hayan sido tragados, nacerán de nuevo llenos de una fe que ni vos ni yo lograremos nunca entender.
Sword/HE11_CAPTION	无名诗心	Heart of the Unnamed Minstrel	Corazón del Juglar Sin Nombre
Sword/HE11_DESCRIPTION	在禁忌之诗中锻造出的剑芯。可以插入孽刃之中。减少阻滞的持续时间，但削弱了正义天罚的处决威力	Sword core, forged amidst ballads of forbidden verses. Can be inserted into Mea Culpa. Reduces the duration of the parry, but eases the execution of a Righteous Riposte.	Núcleo de espada, forjado entre baladas de versos prohibidos. Puede insertarse en Mea Culpa. Reduce la duración de la Parada, pero facilita la ejecución de un Riposte Justo.
Sword/HE11_LORE	"墓碑上写着：「歌者，为我而唱吧，愿你的歌声能为我减轻痛楚。」那里埋葬着用歌声祈祷的诗人，命定之日，他的诗歌惊扰了邪恶的心灵。就算我们再也听不到他的声音，遗忘了他的名字，他的歌声永存世间 "	"""Sing for me, cantaor, and may your song relieve my pain."" Those were the words written on the tombstone. There lay the one who prayed by singing, creator of verses that one fateful day reached the wrong hearts. And even if we no longer hear his voice, and no one calls his name, his singing will remain with us forever. "	"“Cántame, cantaor, que con tu cante se calmará mi dolor.” Aquellas eran las palabras escritas en la lápida. Ahí yacía el que rezaba cantando, creador de versos que un día llegaron a los corazones equivocados. Y aunque ya no oigamos más su voz ni tenga a nadie que le llame al nombre, su cante siempre permanecerá con nosotros. "
Sword/HE201_CAPTION	纯绝孽刃之心	Apodictic Heart of Mea Culpa	Apodíctico Corazón de Mea Culpa
Sword/HE201_DESCRIPTION	罪孽之刃的真正核心，在这把剑降世之前就被掳走。它可以将工具变成武器，与创造它的力量相抗衡，使得这把武器变得更加完美。@它可以增强这把剑的力量，从而使得这把剑可以达成自己的真正目的。	The true core of the guilty blade, hijacked before the very birth of the sword. It transforms the tool into a weapon that can challenge the intentions of the powers that created it, completing the blade forever. @It increases the sword’s strength, making it able to fulfil its true purpose.	Verdadero núcleo del filo culpable, secuestrado antes del propio nacimiento de la espada. Torna la herramienta en un arma contra los designios de los poderes que la crearon, completando la hoja para siempre. @@Aumenta la fuerza de la espada, haciéndola digna de cumplir su verdadero objetivo.
Sword/HE201_LORE	圣父的信徒共有四位。这四人见证了初代神迹。在年轻人扎根于这颗参天大树进而扭曲之前，这四人就已经开始进行祈祷。这四人听到了圣父安息前说出的三个字。这四人崇敬多结之树的生长方式，因为这棵树可以淌出液体黄金。@ 这四人见证了初代神迹，但是只有一人能见到神迹本身。他看到了神迹的外相、命运与起源：三一圣体，至高意志。	Four was the number of the Father's greatest devotees. Four who witnessed the first miracle. Four who prayed before the young man who twisted and contorted as his joints took root in the towering tree. Four who heard the three words uttered by the Father just before his last breath. Four who admired how the knotted tree, from which liquid gold flowed, grew.@Four who were the witnesses to the first Miracle but only one of whom could see the Miracle itself. He saw its form, fate and origin a divine trinity, the High Wills.	Cuatro fueron los mayores devotos del Padre. Cuatro los que presenciaron el primer milagro. Cuatro los que rezaron ante el joven que se retorcía más y más, mientras se enraizaban sus articulaciones en aquel alto madero. Cuatro los que oyeron las tres palabras que fueron pronunciadas por el Padre justo antes de su última espiración. Cuatro los que admiraron como crecía el árbol anudado del que brotaba oro líquido.@@Cuatro fueron los testigos del primer Milagro pero solo uno pudo ver al Milagro mismo. Vio su forma, su sino y su origen una trinidad divina, las Altas Voluntades.
TearsObject/Generic_CAPTION	赎罪之泪	Tears of Atonement	Lágrimas de Enmienda
Tutorial/TUT10_CAPTION	圣水瓶	Biliary Flasks	Matraz Biliar
Tutorial/TUT10_TEXT	按下[ACTFlask]消耗你的一个圣水瓶来恢复活力。这些圣水瓶是通过跪拜在神圣真主面前来重新装满的。寻找一些空瓶可以增加你的携带量	Press [ACTFlask] to consume one of your Biliary Flasks and recover vitality. These consecrated flasks are refilled by kneeling in a Prie Dieu. Find empty vessels to increase the amount you can carry.	"Pulsa [ACTFlask] para consumir uno de tus Matraces Biliares y recuperar vitalidad.@ Estos recipientes consagrados vuelven a llenarse al arrodillarse en un Prie Dieu. Encuentras Matraces vacíos para aumentar el número que puedes llevar contigo. "
Tutorial/TUT11_CAPTION	剑之心	Sword Hearts	Corazones de la Espada
Tutorial/TUT11_TEXT	"在孽刃中装备一颗剑之心来变更它的属性。它们可以提供强大的加成效果，但这也是有代价的@在神圣真主处休息，可以查看剑的中心，并且可以插入不同的剑之心 "	"Equip a Sword Heart in Mea Culpa to alter its properties. They grant powerful upgrades, but this comes at a price.@Rest at a prie-dieu to access the sword’s core and insert a different Heart. "	"Equipa un Corazón de la Espada en Mea Culpa para alterar sus propiedades. Otorgan poderosas mejoras, pero esto siempre tiene un precio.@@Descansa en un prie-dieu para acceder al núcleo de la espada y engarzar un Corazón distinto. "
Tutorial/TUT12_CAPTION	诵经念珠	Rosary Beads	Cuentas del Rosario
Tutorial/TUT12_TEXT	在你的念珠串中装备诵经念珠，以改善忏悔者的特性。找到额外的念珠绳结便可增加你可以装备的诵经念珠的数量	Equip Rosary Beads in your Rosary to improve the characteristics of The Penitent One. Find additional Knots to increase the number of Beads you can equip.	Equipa cuentas en tu Rosario para mejorar las características de Penitente. Encuentra Nudos adicionales para aumentar el número de cuentas que puedes equipar.
Tutorial/TUT13_CAPTION	月光之子	Children of Moonlight	Niños de la Luz Lunar
Tutorial/TUT13_TEXT	"你会发现这些人被关在了遍及古斯托迪亚各地的笼子里。你可以使用你所掌握的任何技能来释放他们 "	"You'll find them caged all over Cvstodia. You can release them with any technique at your disposal. "	"Los encontrarás enjaulados por toda Cvstodia. Puedes liberarlos con cualquier técnica a tu alcance. "
Tutorial/TUT14_CAPTION	高级教程：鲜血忏悔	Advanced Technique Blood Penitence	Técnica Avanzada Penitencia de Sangre
Tutorial/TUT14_TEXT	按住[ACTRange Attack]，消耗一定的血量来换取热情。这项操作也会消耗少量的赎罪之泪[ICONTEARS]	Hold [ACTRange Attack] to sacrifice your blood in exchange for Fervour. Doing this also spends a small amount of Tears of Atonement [ICONTEARS].	Mantén pulsado [ACTRange Attack] para sacrificar tu sangre a cambio de Fervor. Realizar esto también gasta una pequeña cantidad de Lágrimas de Enmienda [ICONTEARS]@
Tutorial/TUT15_CAPTION	物品栏	Inventory	Inventario
Tutorial/TUT15_TEXT	你可以在你的物品栏中查看你迄今为止找到的所有物品。在游玩时按下[ACTInventory]以打开它@	You can check out the items you have found so far in your inventory. While playing, press [ACTInventory] to open it.@	Puedes revisar los objetos adquiridos en el inventario. Durante el juego, pulsa [ACTInventory] para abrirlo.
Tutorial/TUT16_CAPTION	地图	Map	Mapa
Tutorial/TUT16_TEXT	"按下[ACTPause]以打开你的地图 "	"Press [ACTPause] to open up your Map. "	"Pulsa [ACTPause] para abrir el mapa. "
Tutorial/TUT17_CAPTION	圣物	Relics	Reliquias
Tutorial/TUT17_TEXT	装备圣物来改变你对世界的认知力。每个圣物都有独特的效果，你可以同时装备三个圣物	Equip Relics to change your perception of the world. Each Relic possess different, unique effects, and you can equip up to three of them at the same time.	Equípate con Reliquias para alterar tu percepción del mundo. Cada Reliquia tiene efectos únicos, y puedes equipar hasta tres al mismo tiempo
Tutorial/TUT1_CAPTION	高级教程：格挡、反击与弹反	Advanced Technique Parry, Counterattack, Retribution	Técnica Avanzada Parada, Contraataque, Retribución
Tutorial/TUT1_TEXT	按下[ACTParry]进行格挡。这项操作允许你反击弱击、偏转重击。@在反击时，当双方接触的瞬间按下[ACTAttack]按键便可进行弹反，增加打击的力度并击晕某些敌人。	Press [ACTParry] to Parry. This maneuver allows you to Counter weak attacks and deflect heavy strikes.@During a Counter, press the [ACTAttack] button at the moment of impact to perform a Retribution, increasing the force of the blow and Stunning some enemies.	Pulsa [ACTParry] para realizar una Parada. Esta maniobra te permite Contraatacar ataques débiles, y protegerte de ataques más potentes. @Durante un Contraataque, pulsa el botón [ACTAttack] en el momento del impacto para realizar una Retribución, aumentando la fuerza del golpe y Aturdiendo a algunos enemigos. @
Tutorial/TUT2_CAPTION	处决	Execution	Ejecución
Tutorial/TUT2_TEXT	你的一些攻击可以击晕某些敌人@按下[ACTInteract]来处决被击晕的敌人@以这种方式消灭敌人会让你获得热情与赎罪之泪[ICONTEARS]	Some of your attacks can Stun certain enemies.@Press [ACTInteract] to execute stunned enemies.@Ending an enemy in this way grants a Fervour and Tears of Atonement bonus [ICONTEARS].	Algunos de tus ataques pueden Aturdir a ciertos enemigos.@Pulsa [ACTInteract] para ejecutar enemigos aturdidos. @Acabar con un enemigo de esta manera otorga una bonificación de Fervor y Lágrimas de Enmienda [ICONTEARS].@
Tutorial/TUT3_CAPTION	高级教程：空冲	Advanced Technique Air Impulse	Técnica Avanzada Impulso Aéreo
Tutorial/TUT3_TEXT	位于空中时，按下[ACTDash][ICONPLUS][ACTAttack]以在击中敌人之后上升。你可以在着陆前这样做两次	Press [ACTDash] [ICONPLUS] [ACTAttack] in the air to ascend after hitting an enemy. You can do this up to two times before landing.	Pulsa [ACTDash] [ICONPLUS] [ACTAttack] en el aire para ascender tras golpear a un enemigo. Puedes hacerlo hasta dos veces antes de tocar el suelo.
Tutorial/TUT4_CAPTION	急闪	Dash	Esquivar
Tutorial/TUT4_TEXT	按下[ACTDash]以闪避。使用闪避动作可以蹲伏穿过狭小空间，躲开物理攻击，穿过敌人而不受伤害	Press [ACTDash] to Dodge. Use the Dodge action to crouch through small spaces, avoid physical attacks and pass through enemies without suffering damage.	Pulsa [ACTDash] para Esquivar. Usa la Esquiva para pasar por espacios pequeños, evadir ataques físicos y atravesar enemigos sin sufrir daño.
Tutorial/TUT5_CAPTION	祷文与热情	Prayers and Fervour	Plegarias y Fervor
Tutorial/TUT5_TEXT	在你的物品栏中装备祷文，然后按下[ACTPrayer]来启动它。祷文和某些战斗技巧会消耗热情。攻击和处决敌人以填满您的热情读条	Equip a Prayer in your Inventory and then press [ACTPrayer] to invoke it. Prayers and some combat techniques use up Fervour. Attack and Execute enemies to fill up your Fervour Bar.	Atacar y ejecutar enemigos rellena tu barra de Fervor. Las Plegarias y algunas de tus habilidades más poderosas gastan este recurso. Pulsa [ACTPrayer] para invocar la Plegaria equipada.
Tutorial/TUT6_CAPTION	神圣真主	Prie Dieu	Prie Dieu
Tutorial/TUT6_TEXT	按下[ACTInteract]以在神圣真主处休息，储存游戏进度并补充你的生命值和圣水瓶@在死后，你可以在最近访问的神圣真主处重生@休息也会让敌人重生	Press [ACTInteract] to rest at the Prie Dieu, saving your game, and refilling your health and flasks. @Upon death, you will respawn at the last visited Prie Dieu. @Resting will cause enemies to respawn.	Presiona [ACTInteract] para descansar en el Prie Dieu, guardando tu juego y rellenando tu salud y tus matraces.@A la muerte, reaparecerás en el último Prie Dieu visitado.@El descanso hará que los enemigos vuelvan a aparecer.
Tutorial/TUT7_CAPTION	孽刃神龛	Mea Culpa Shrines	Altares de Mea Culpa
Tutorial/TUT7_TEXT	"访问孽刃神龛以强化你的剑的力量。你也可以使用赎罪之泪[ICONTEARS]来解锁战斗技能。访问更多的神龛，增加孽刃的力量以获得更强大的技巧 "	"Visit Mea Culpa Shrines to increase the power of your sword. You can also spend Tears of Atonement [ICONTEARS] to unlock combat techniques. Visit additional Shrines and increase Mea Culpa's strength to access more powerful techniques. "	"Visita Altares de Mea Culpa para aumentar el poder de tu espada. También te permiten gastar Lágrimas de Enmienda [ICONTEARS] para desbloquear técnicas de combate. Aumenta el nivel de Mea Culpa para acceder a técnicas más poderosas. "
Tutorial/TUT8_CAPTION	墙面跳	Wall-Climbing	Escalada
Tutorial/TUT8_TEXT	当你跳跃到特定的墙面时，按下[ACTAttack]可将你的剑刺入墙壁@在悬吊时，按下[ACTJump]以跳跃，或按下[ACTGrab Cancel]以跳下	Press [ACTAttack] when jumping against certain surfaces to thrust your sword into the wall. @While hanging, press [ACTJump] to jump or [ACTGrab Cancel] to jump down.	Pulsa [ACTAttack] al saltar contra ciertas superficies para clavar tu espada. @Mientras estés colgado, pulsa [ACTJump] para saltar o [ACTGrab Cancel] para soltarte.@
Tutorial/TUT9_CAPTION	罪过累积	Accumulation of Guilt	Acumulación de Culpa
Tutorial/TUT9_TEXT	当忏悔者在忏悔中死亡时，世界上便会出现一块罪过碎片。罪过的重量会逐渐累积，并减少玩家获得的热情与赎罪之泪[ICONTEARS]的数量，以及热情的最大值@回收罪过碎片可恢复此减益效果，或者找到可以减轻你的负担的人	When The Penitent One dies, erring in his Penance, a Guilt Fragment is anchored in the world. The weight of Guilt accumulates, and reduces the gain of Fervour and Tears of Atonement [ICONTEARS], as well as the maximum Fervour.@Collect Guilt Fragments to recover, or find someone who can ease your burden.	Cuando Penitente muere, errando en su Penitencia, un Fragmento de Culpa queda anclado en el mundo. El peso de la Culpa se acumula, y reduce la ganancia de Fervor y Lágrimas de Enmienda [ICONTEARS], así como el Fervor máximo.@Recoge Fragmentos de Culpa para recuperarte, o encuentra a alguien que pueda aliviar tu carga.
UI/ALTAR_MENU	[ACTInventory] 忏悔者    [ACTJump] 什一税    [ACTUI Back]   提升	[ACTInventory]  Confessor        [ACTJump]  Tithe        [ACTUI Back]   Arise	[ACTInventory]  Confesor        [ACTJump]  Diezmo        [ACTUI Back]   Alzarse
UI/DEAD_CONTINUE	请按任意键继续	Press any button to continue	Pulsa cualquier botón para continuar
UI/DEAD_MAIN_MESSAGE	你死了	YOU HAVE DIED	HAS MUERTO
UI/DISABLED_TEXT	禁用	Disabled	Desactivado
UI/ENABLED_TEXT	启用	Enabled	Activado
UI/FONT	MSJhengHei-cut	MajesticExtended_Pixel_Scroll	MajesticExtended_Pixel_Scroll
UI/FONT_ARIAL	Arial	ARIAL	Arial
UI/FONT_CAUDEX	Caudex-Bold	Caudex-Bold	Caudex-Bold
UI/FONT_MORIA	MoriaCitadel	MoriaCitadel	MoriaCitadel
UI/FONT_SCROLL	MSJhengHei-cut	MajesticExtended_Pixel_Scroll	MajesticExtended_Pixel_Scroll
UI/FONT_TEXTMESH_PRO	MSJhengHei-cutPro	MajesticExtended_FullLatin	MajesticExtended_FullLatin
UI/GET_GUILTDROP_TEXT	已回收罪过碎片	Guilt Fragment recovered.	Fragmento de Culpa recuperado.
UI/ISIDORA_MENU_FORBIDDEN	死亡之歌，无法休止	The song of the dead cannot be stopped.	El canto de los huesos no puede detenerse.
UI/KNEEL_MENU	[ACTInventory]  物品栏          [ACTUI Back]   起身	[ACTInventory]  Inventory           [ACTUI Back]   Stand up	[ACTInventory]  Inventario         [ACTUI Back]   Alzarse
UI/KNEEL_MENU_TELEPORT	[ACTJump]  传送       [ACTUI Back]    提升	[ACTJump]  Teleport         [ACTUI Back]   Arise	[ACTJump]  Viajar          [ACTUI Back]   Alzarse
UI/KNELL_MENU_ALL	[ACTInventory] 物品栏   [ACTJump] 传送   [ACTUI Back]   提升	[ACTInventory]  Inventory         [ACTJump]  Teleport        [ACTUI Back]   Arise	[ACTInventory]  Inventario         [ACTJump]  Viajar        [ACTUI Back]   Alzarse
UI/LABEL_SKIP	跳过	Skip	Omitir
UI/NEW_LABEL	新 -	New -	Nuevo -
UI/PRESS_START	请按任意键	Press any button	Pulsa cualquier botón
UI/RENDER_MODE_OPTION	渲染效果	Rendering effects	Efectos de render
UI/RENDER_MODE_PRESET	预设	Preset	"Ajuste	"
UI_Achievements/LABEL_ACHIEVEMENT_UNLOCKED	解锁成就	Achievement unlocked	Logro desbloqueado
UI_Achievements/LABEL_HEADER	成就	Achievements	Logros
UI_Achievements/LABEL_HIDDEN_DESC	继续进行游戏来展示	Continue playing to reveal	Sigue jugando para revelarlo
UI_Achievements/LABEL_HIDDEN_HEADER	隐藏成就	Hidden achievement	Logro oculto
UI_Achievements/LABEL_MENU_ACHIEVEMENTS	成就	Achievements	Logros
UI_Alms/LABEL_TEXT_ALMS	捐赠：	Make a donation	Depositar un donativo
UI_BossRush/COMPLETED_SUFFIX	已完成	COMPLETED	COMPLETADO
UI_BossRush/COURSE_A_1	壹恸兄弟	First Sorrow of the Brother	Pesar Primero del Hermano
UI_BossRush/COURSE_A_2	贰恸圣王	Second Sorrow of His Holiness	Pesar Segundo de Su Santidad
UI_BossRush/COURSE_A_3	叁恸真罚	Third Sorrow of True Torment	Pesar Tercero del Verdadero Calvario
UI_BossRush/COURSE_B_1	肆恸破晓	Fourth Sorrow of the Dawn	Pesar Cuarto del Amanecer
UI_BossRush/COURSE_C_1	伍恸绝贞	Fifth Sorrow of Ultimate Virtue	Pesar Quinto de la Suma Virtud
UI_BossRush/COURSE_D_1	莫测意志之绝恸	Last Sorrow of the Unfathomable Wills	Pesar Último de los Caprichos Insondables
UI_BossRush/FAILEDED_SUFFIX	失败	FAILED	NO COMPLETADO
UI_BossRush/LABEL_BUTTON_ACCEPT_SLOT	圣恸	Sacred Sorrows	Sagrados Pesares
UI_BossRush/LABEL_BUTTON_RETRY	重新尝试	Retry	Reintentar
UI_BossRush/LABEL_DIF_HARD	真罚	True Torment	Verdadero Calvario
UI_BossRush/LABEL_DIF_NORMAL	朝圣者	Pilgrim	Peregrino
UI_BossRush/LABEL_HEADER	圣恸	SACRED SORROWS	SAGRADOS PESARES
UI_BossRush/LABEL_HEADER_CURSE	选择征程：	Select a course	Selecciona un circuito
UI_BossRush/LABEL_HEADER_DIFICULTY	选择难度：	Select a difficulty	Selecciona una dificultad
UI_BossRush/LABEL_HEADER_SLOT	选择已保存的文件：	Select a saved profile	Selecciona un perfil guardado
UI_BossRush/LABEL_MENU_BOSSRUSH	圣恸	Sacred Sorrows	Sagrados Pesares
UI_BossRush/LABEL_UNLOCK_COURSE_A_2	完成壹恸兄弟%解锁这一征程	Complete the First Sorrow of the Brother % to unlock this course	Completa el Pesar Primero del Hermano % para desbloquear este circuito
UI_BossRush/LABEL_UNLOCK_COURSE_A_3	完成贰恸圣王%解锁这一征程	Complete the Second Sorrow of His Holiness % to unlock this course	Completa el Pesar Segundo de Su Santidad % para desbloquear este circuito
UI_BossRush/LABEL_UNLOCK_COURSE_B_1	击败劳德斯，首位阿曼奈希达%解锁这一征程	Defeat Laudes, the First Amanecida % to unlock this course	Vence a Laudes, La Primera Amanecida % para desbloquear este circuito
UI_BossRush/LABEL_UNLOCK_COURSE_C_1	在困难%真罚模式下完成所有征程解锁这一征程	Complete all courses in difficulty level % True Torment to unlock this course	Completa todos los circuitos en dificultad % Verdadero Calvario para desbloquear este circuito
UI_BossRush/LABEL_UNLOCK_COURSE_D_1	完成所有先前的路线，并且在永恒行程中%达成自己的目的	Complete all the previous courses and % fulfil your purpose in the Eternal Processions.	Completa todos los circuitos anteriores y % cumple tu propósito en las Procesiones Eternas
UI_BossRush/NEW_RECORD	新纪录	NEW RECORD!	¡NUEVO RÉCORD!
UI_BossRush/RANK_LABEL_BEST_TIME	最佳时间：	Best time	Tiempo récord
UI_BossRush/RANK_LABEL_BLOOD	已使用的血赎：	Blood Penances used	Penitencias de Sangre usadas
UI_BossRush/RANK_LABEL_DIFICULTY	难度：	Difficulty	Dificultad
UI_BossRush/RANK_LABEL_DOGES	已进行闪避：	Dodges performed	Esquivas realizadas
UI_BossRush/RANK_LABEL_FLASK_USED	已使用的圣水瓶：	Bile Flasks used	Matraces Biliares usadas
UI_BossRush/RANK_LABEL_GRADE	阶位：	RANK	GRADO
UI_BossRush/RANK_LABEL_HITS	受到的攻击：	Hits received	Golpes recibidos
UI_BossRush/RANK_LABEL_PRAYERS	已念诵的祷文：	Prayers invoked	Plegarias invocadas
UI_BossRush/RANK_LABEL_TIME	当前时间：	Current time	Tiempo actual
UI_BossRush/TEXT_BESTTIME	最佳时间：%	Best time %	Tiempo récord %
UI_BossRush/TEXT_BOSSRUSH_UNLOCKED	<color=#396344>圣恸</color>模式已解锁！	<color=#396344>Sacred Sorrows</color> mode has been unlocked!	¡El modo <color=#396344>Sagrados Pesares</color> ha sido desbloqueado!
UI_BossRush/TEXT_COURSE_END_COMPLETED	征程%完成！	COURSE % COMPLETED!	¡CIRCUITO % COMPLETADO!
UI_BossRush/TEXT_COURSE_END_FAILED	征程%失败！	COURSE % FAILED!	¡CIRCUITO % NO COMPLETADO!
UI_BossRush/TEXT_COURSE_UNLOCKED	征途<color=#396344>%</color>已解锁！	The course <color=#396344>%</color> has been unlocked!	¡El circuito <color=#396344>%</color> ha sido desbloqueado!
UI_BossRush/TEXT_HARD_UNLOCKED	<color=#ffffffff>真罚</color>难度等级解锁！	<color=#ffffffff>TRUE TORMENT</color> difficulty level unlocked!	¡Dificultad <color=#ffffffff>VERDADERO CALVARIO</color> desbloqueada!
UI_Controls/ACCEPT_BINDING	接受	Accept	Aceptar
UI_Controls/ATTACK	攻击	Attack	Ataque
UI_Controls/CANCEL	取消	Cancel	Cancelar
UI_Controls/DASH	闪避	Dodge	Esquiva
UI_Controls/DIALOG_SKIP	跳过对话框	Skip Dialog	Saltar Diálogo
UI_Controls/EDIT_BINDING	编辑	Edit	Editar
UI_Controls/FLASK	圣水	Flask	Matraz
UI_Controls/GRAB_CANCEL	取消抓取	Cancel Grab	Cancelar Agarre
UI_Controls/INTERACT	互动	Interact	Interactuar
UI_Controls/INVENTORY	物品栏	Inventory	Inventario
UI_Controls/INVENTORY_LEFT	前一选项卡	Previous Tab	Pestaña Anterior
UI_Controls/INVENTORY_LORE	显示/隐藏图例	Show/Hide Legend	Mostrar/Ocultar Leyenda
UI_Controls/INVENTORY_RIGHT	后一选项卡	Next Tab	Pestaña Siguiente
UI_Controls/INVENTORY_SCROLL_DOWN	向下滚动	Scroll Down	Desplazar Abajo
UI_Controls/INVENTORY_SCROLL_UP	向上滚动	Scroll Up	Desplazar Arriba
UI_Controls/JUMP	跳跃	Jump	Saltar
UI_Controls/LEFT_STICK_DISCLAIMER	注意：左摇杆会始终用于玩家的移动操作	Note The left stick is always assigned to the player's movement.	Nota El joystick izquierdo siempre está asignado al movimiento del jugador.
UI_Controls/MOVE_HORIZONTAL_NEG	向左移动	Move Left	Moverse a la Izquierda
UI_Controls/MOVE_HORIZONTAL_POS	向右移动	Move Right	Moverse a la Derecha
UI_Controls/MOVE_RHORIZONTAL_NEG	向左移动相机	Move Camera Left	Mover Cámara a la Izquierda
UI_Controls/MOVE_RHORIZONTAL_POS	向右移动相机	Move Camera Right	Mover Cámara a la Derecha
UI_Controls/MOVE_RVERTICAL_NEG	向下移动相机	Move Camera Down	Mover Cámara hacia Abajo
UI_Controls/MOVE_RVERTICAL_POS	向上移动相机	Move Camera Up	Mover Cámara hacia Arriba
UI_Controls/MOVE_VERTICAL_NEG	下移	Move Down	Moverse hacia Abajo
UI_Controls/MOVE_VERTICAL_POS	向上移动	Move Up	Moverse hacia Arriba
UI_Controls/PARRY	格挡	Parry	Parada
UI_Controls/PAUSE	地图	Map	Mapa
UI_Controls/PRAYER	祷文	Prayer	Rezo
UI_Controls/RANGE_ATTACK	远程攻击	Ranged Attack	Ataque a Distancia
UI_Controls/RESTORE_DEFAULT_BINDINGS	恢复控件	Restore Controls	Restaurar Controles
UI_Controls/SAVE_AND_EXIT	保存并退出	Save And Exit	Guardar Y Salir
UI_Extras/BACKGROUND_0_LABEL	Blasphemous	Blasphemous	Blasphemous
UI_Extras/BACKGROUND_1_LABEL	清晓将动	The Stir of Dawn	Los Levantes de la Aurora
UI_Extras/BACKGROUND_2_LABEL	冲突与毁灭	Strife and Ruin	En Lides y Ruinas
UI_Extras/BACKGROUND_3_LABEL	薄暮之伤	Wounds of Eventide	La Herida del Ocaso
UI_Extras/CHOOSE_BACKGROUND	背景选择	Background Selector	Selector de Fondo
UI_Extras/LABEL_MENU_EXTRAS_DEFAULTSKIN	默认外观	Default Appearance	Aspecto Básico
UI_Extras/LABEL_MENU_EXTRAS_SELECTSKIN	选择忏悔者的外观	Select the appearance of The Penitent One	Selecciona el aspecto de Penitente
UI_Extras/LABEL_MENU_EXTRAS_SKIN1	奇迹之子	Son of the Miracle	Hijo del Milagro
UI_Extras/LABEL_MENU_EXTRAS_SKIN2	真实叛教者	True Apostasy	Verdadera Apostasía
UI_Extras/LABEL_MENU_EXTRAS_SKIN3	藏骨瓮守望者	Warden of the Ossuary	Guardián del Osario
UI_Extras/LABEL_MENU_EXTRAS_SKIN4	黄金罪孽	Golden Burden	Pesar Dorado
UI_Extras/LABEL_MENU_EXTRAS_SKIN5	合金之罪	Alloy of Sin	Aleación del Pecado
UI_Extras/LABEL_MENU_EXTRAS_SKIN_ALMS	遗落救济	Alms For Oblivion	Limosna Para El Olvido
UI_Extras/LABEL_MENU_EXTRAS_SKIN_BOSSRUSH	永息长眠	Eternal Rest	Descanso Eterno
UI_Extras/LABEL_MENU_EXTRAS_SKIN_BOSSRUSH_S	绝诚	Relentless Rectitude	Rectitud Implacable
UI_Extras/LABEL_MENU_EXTRAS_SKIN_DEMAKE	古法超绝	Archaic Exaltation	Exaltación Arcaica
UI_Extras/LABEL_MENU_EXTRAS_SKIN_ENDING_C	楷罚	Exemplaris Excomvnicationis	Exemplaris Excomvnicationis
UI_Extras/LABEL_MENU_EXTRAS_SKIN_GAMEBOY	冒险	The Adventure	The Adventure
UI_Extras/LABEL_MENU_EXTRAS_SKIN_ISIDORA	冥颂	Chantress of the Dead	Cantora de los Muertos
UI_Extras/LABEL_MENU_EXTRAS_SKIN_KONAMI	古史	Ancient History	Historia Antigua
UI_Extras/LABEL_MENU_EXTRAS_SKIN_PE01	笃信	Unwavering Faith	Fe Inquebrantable
UI_Extras/LABEL_MENU_EXTRAS_SKIN_PE02	血心	Bleeding Heart	Sangrante Corazón
UI_Extras/LABEL_MENU_EXTRAS_SKIN_PE03	真罪	True Guilt	Verdadera Culpa
UI_Extras/LABEL_MENU_EXTRAS_SKIN_SIERPES	回影	Echo & Shadow	Eco y Sombra
UI_Extras/SHOW_PATCH_NOTES	显示补丁说明	Show Patch Notes	Mostrar las Notas del Parche
UI_Extras/UNLOCK_PENITENT_ALMS	外观解锁：<color=#c39c4c>遗落救济</color>	Aspect unlocked <color=#c39c4c>Alms For Oblivion</color>	Aspecto desbloqueado <color=#c39c4c>Limosna Para El Olvido</color>
UI_Extras/UNLOCK_PENITENT_BOSSRUSH	皮肤解锁：<color=#396344>永息长眠</color>	Aspect unlocked <color=#396344>Eternal Rest</color>	Aspecto desbloqueado <color=#396344>Descanso Eterno</color>
UI_Extras/UNLOCK_PENITENT_BOSSRUSH_S	外观解锁：<color=#29adff>绝诚</color>	Aspect unlocked <color=#29adff>Relentless Rectitude</color>	Aspecto desbloqueado <color=#29adff>Rectitud Implacable</color>
UI_Extras/UNLOCK_PENITENT_DEMAKE	皮肤解锁：<color=#4982d9>古法超绝</color>	Aspect unlocked <color=#4982d9>Archaic Exaltation</color>	Aspecto desbloqueado <color=#4982d9>Exaltación Arcaica</color>
UI_Extras/UNLOCK_PENITENT_ENDING_A	外观解锁：<color=#67BCC6>奇迹之子</color>	Aspect unlocked <color=#67BCC6>Son of the Miracle</color>	Aspecto desbloqueado <color=#67BCC6>Hijo del Milagro</color>
UI_Extras/UNLOCK_PENITENT_ENDING_B	外观解锁：<color=#DB5237>真实叛教者</color>	Aspect unlocked <color=#DB5237>True Apostasy</color>	Aspecto desbloqueado <color=#DB5237>Verdadera Apostasía</color>
UI_Extras/UNLOCK_PENITENT_ENDING_C	外观解锁：<color=#bb1a1b>楷罚</color>	Aspect unlocked <color=#bb1a1b>Exemplaris Excomvnicationis</color>	Aspecto desbloqueado <color=#bb1a1b>Exemplaris Excomvnicationis</color>
UI_Extras/UNLOCK_PENITENT_GAMEBOY	外观解锁：<color=#679655>冒险</color>	Aspect unlocked <color=#679655>The Adventure</color>	Aspecto desbloqueado <color=#679655>The Adventure</color>
UI_Extras/UNLOCK_PENITENT_ISIDORA	外观解锁：<color=#345fa3>冥颂</color>	Aspect unlocked <color=#345fa3>Chantress of the Dead</color>	Aspecto desbloqueado <color=#345fa3>Cantora de los Muertos</color>
UI_Extras/UNLOCK_PENITENT_KONAMI	外观解锁：<color=#f26d50>古史</color>	Aspect unlocked <color=#f26d50>Ancient History</color>	Aspecto desbloqueado <color=#f26d50>Historia Antigua</color>
UI_Extras/UNLOCK_PENITENT_OSSUARY	外观解锁：<color=#DED299>藏骨瓮守望者</color>	Aspect unlocked <color=#DED299>Warden of the Ossuary</color>	Aspecto desbloqueado <color=#DED299>Guardián del Osario</color>
UI_Extras/UNLOCK_PENITENT_PE01	外观解锁：<color=#418096>笃信</color>	Aspect unlocked <color=#418096>Unwavering Faith</color>	Aspecto desbloqueado <color=#418096>Fe Inquebrantable</color>
UI_Extras/UNLOCK_PENITENT_PE02	外观解锁：<color=#a51b43>血心</color>	Aspect unlocked <color=#a51b43>Bleeding Heart</color>	Aspecto desbloqueado <color=#a51b43>Sangrante Corazón</color>
UI_Extras/UNLOCK_PENITENT_PE03	外观解锁：<color=#4e2869>真罪</color>	Aspect unlocked <color=#4e2869>True Guilt</color>	Aspecto desbloqueado <color=#4e2869>Verdadera Culpa</color>
UI_Extras/UNLOCK_PENITENT_SIERPES	外观解锁：<color=#c47528>回影</color>	Aspect unlocked <color=#c47528>Echo & Shadow</color>	Aspecto desbloqueado <color=#c47528>Eco y Sombra</color>
UI_Inventory/CAPTION_DECHIPER	揭示	REVEAL	DESVELAR
UI_Inventory/GRID_LABEL_ABILITIES	技能	ABILITIES	HABILIDADES
UI_Inventory/GRID_LABEL_BEADS	诵经念珠	ROSARY BEADS	CUENTAS DE ROSARIO
UI_Inventory/GRID_LABEL_COLLECTIBLE	收藏品	COLLECTIBLES	COLECCIONABLES
UI_Inventory/GRID_LABEL_PRAYERS	祷文	PRAYERS	REZOS
UI_Inventory/GRID_LABEL_QUESTITEM	任务物品	QUEST ITEMS	OBJETOS CLAVE
UI_Inventory/GRID_LABEL_RELICS	圣物	RELICS	RELIQUIAS
UI_Inventory/GRID_LABEL_STATUS	状态	Status	Estado
UI_Inventory/GRID_LABEL_SWORD	孽刃之心	MEA CULPA HEARTS	CORAZONES DE MEA CULPA
UI_Inventory/LABEL_BEADS_COLLECTED	寻获诵经念珠：	Rosary Beads found	Cuentas encontradas
UI_Inventory/LABEL_BUTTON_CLOSE	关闭	Close	Cerrar
UI_Inventory/LABEL_BUTTON_DECIPHER	揭示	Reveal	Desvelar
UI_Inventory/LABEL_BUTTON_EQUIP	装备	Equip	Equipar
UI_Inventory/LABEL_BUTTON_EXIT	退出	Exit	Salir
UI_Inventory/LABEL_BUTTON_LORE	学识	Lore	Leyenda
UI_Inventory/LABEL_BUTTON_READPRAYER	阅读祷文	Read Prayer	Leer Rezo
UI_Inventory/LABEL_BUTTON_UNEQUIP	移除	Remove	Quitar
UI_Inventory/LABEL_BUTTON_UNLOCK	解锁	Unlock	Desbloquear
UI_Inventory/LABEL_COLLECTIBLES_COLLECTED	寻获收藏品：	Collectibles found	Coleccionables
UI_Inventory/LABEL_COMPLETION	完成进度：	COMPLETION	COMPLETADO
UI_Inventory/LABEL_ITEMS_COLLECTED	寻获任务物品：	Quest Items found	Objetos clave encontrados
UI_Inventory/LABEL_ITEM_FOUND	你得到了：	You have acquired	Has obtenido
UI_Inventory/LABEL_MEACULPA	孽刃	Mea Culpa	Mea Culpa
UI_Inventory/LABEL_NO_FERVOYR	信仰不足	Not enough fervour	No hay suficiente fervor
UI_Inventory/LABEL_PRAYERS	祷文	PRAYERS	REZOS
UI_Inventory/LABEL_PRAYERSEMPTY_NOPRAYERS	尚未获得祷文	No prayers obtained yet	Aún no tienes rezos
UI_Inventory/LABEL_PRAYERSEMPTY_SLOT	空祷文槽	Empty prayer slot	Ranura de rezo vacía
UI_Inventory/LABEL_PRAYERS_BUTTON_ACTIVATE	装备祷文	Equip prayer	Equipar rezo
UI_Inventory/LABEL_PRAYERS_BUTTON_DEACTIVATE	解除祷文	Leave prayer	Dejar rezo
UI_Inventory/LABEL_PRAYERS_BUTTON_DECEIPHER	揭示祷文	Reveal prayer	Desvelar rezo
UI_Inventory/LABEL_PRAYERS_COLLECTED	寻获祷文：	Prayers found	Rezos encontrados
UI_Inventory/LABEL_PRAYER_LOCKED	（锁定）	(Locked)	(Bloqueado)
UI_Inventory/LABEL_PURGE_TOTAL	总数	Total	Total
UI_Inventory/LABEL_RELICS_COLLECTED	寻获圣物：	Relics found	Reliquias encontradas
UI_Inventory/LABEL_RELIQUARY	圣物匣	Reliquary	Relicario
UI_Inventory/LABEL_ROSARY	念珠串	Rosary	Rosario
UI_Inventory/LABEL_UPGRADES_COLLECTED	寻获升级物品：	Upgrades found	Mejoras encontradas
UI_Inventory/MEACULPA_LABEL	孽刃：<color=#8b8560>{[meaculpa_level]}级</color>	Mea Culpa <color=#8b8560>Level {[meaculpa_level]}</color>	Mea Culpa <color=#8b8560>Nivel {[meaculpa_level]}</color>
UI_Inventory/SKILL_HELP_TEXT	前往孽刃祭坛解锁新技能	Go to the Mea Culpa altar to unlock new abilities	Ve al altar de Mea Culpa para desbloquear nuevas habilidades
UI_Inventory/TEXT_DOOR_CLOSED	这扇门被机关关上了	The door is closed by a mechanism	La puerta está cerrada por un mecanismo
UI_Inventory/TEXT_DOOR_NEED_OBJECT	你需要<color=#ffffffff>{[object_caption]}</color>来打开这扇门	You need <color=#ffffffff>{[object_caption]}</color> to open this door	Necesitas <color=#ffffffff>{[object_caption]}</color> para abrir esta puerta
UI_Inventory/TEXT_DOOR_USE_OBJECT	你使用了<color=#ffffffff>{[object_caption]}</color>	You have used <color=#ffffffff>{[object_caption]}</color>	Has usado <color=#ffffffff>{[object_caption]}</color>
UI_Inventory/TEXT_ITEM_FOUND	你得到了：	You have acquired	Has obtenido
UI_Inventory/TEXT_ITEM_FOUND_BEAD	{[beads]}颗念珠	{[beads]} bead	{[beads]} cuenta
UI_Inventory/TEXT_ITEM_FOUND_BEADS	{[beads]}颗念珠	{[beads]} beads	{[beads]} cuentas
UI_Inventory/TEXT_ITEM_GIVE	你给出了：	You have given	Has entregado
UI_Inventory/TEXT_POPUP_SKINUNLOCKED_BODY	解锁外观	ASPECT UNLOCKED	ASPECTO DESBLOQUEADO
UI_Inventory/TEXT_POPUP_SKINUNLOCKED_TITLE	新外观已在主菜单中可用	New aspect available in the Main Menu	Nuevo aspecto disponible en el menú principal
UI_Inventory/TEXT_QI75_FILLS	璇玑圣杯已部分填满	Chalice of the Inverted Verses has been partially filled.	Cáliz de los Versos Invertidos se ha llenado parcialmente.
UI_Inventory/TEXT_QI76_FILLS	璇玑圣杯已完全填满	Chalice of the Inverted Verses has been completely filled.	Cáliz de los Versos Invertidos se ha llenado por completo.
UI_Inventory/TEXT_QI76_OR_QI77_UNFILLS	璇玑圣杯已被清空	The Chalice of the Inverted Verses has been emptied.	El Cáliz de los Versos Invertidos se ha vaciado.
UI_Inventory/TEXT_QUESTION_BUY_ITEM	是否要为购买此物品花费	Do you want to buy the object for	¿Quieres comprar el objeto por
UI_Inventory/TEXT_QUESTION_GIVE_ITEM	是否要给出	Do you want to give	¿Quieres entregar
UI_Inventory/TEXT_QUESTION_GIVE_PURGE	是否要支付	Do you want to pay	¿Quieres pagar
UI_Inventory/TEXT_SWORDHEART_HELP	跪在圣地上，重铸孽刃之心	Kneel in sacred ground to reforge Mea Culpa's heart	Arrodíllate en suelo sagrado para reforjar el corazón de Mea Culpa
UI_MainMenu/LABEL_MAIN_CHANGE_LANGUAGE	更改语言@	Change language@	Cambiar idioma
UI_MainMenu/LABEL_MAIN_CONTINUE	朝圣之旅	Pilgrimage	Peregrinación
UI_MainMenu/LABEL_MAIN_CORRUPT_FILE	@上一场比赛没有正确保存游戏。@@之前的稳定版本已经恢复。	The game wasn't properly saved on the last session. @The previous stable version has been restored.	"El juego no se guardó correctamente la última vez. @Se ha restaurado la última versión estable. "
UI_MainMenu/LABEL_MAIN_CREDITS	制作人员	Credits	Créditos
UI_MainMenu/LABEL_MAIN_EXIT	退出	Exit	Salir
UI_MainMenu/LABEL_MAIN_EXTRAS	额外内容	Extras	Extras
UI_MainMenu/LABEL_MAIN_MENU	菜单	Menu	Menú
UI_MainMenu/LABEL_MAIN_RELOAD	加载保存点	Reload Checkpoint	Recargar Checkpoint
UI_MainMenu/LABEL_MAIN_SKINSELECTOR	外观选择器	Skin Selector	Selector de Aspecto
UI_MainMenu/LABEL_PLAY	新游戏	New Game	Nuevo Juego
UI_MainMenu/POPUP_GAMEMODE_UNLOCKED	已解锁新的游戏模式	A new game mode has been unlocked	Se ha desbloqueado un nuevo modo de juego
UI_Map/LABEL_BUTTON_ACCEPT	接受	Accept	Aceptar
UI_Map/LABEL_BUTTON_APPLY	申请	Apply	Aplicar
UI_Map/LABEL_BUTTON_BACK	返回	Back	Volver
UI_Map/LABEL_BUTTON_CENTER	居中	Center	Centrar
UI_Map/LABEL_BUTTON_GAMEOPTIONS	游戏选项	Game Options	Opciones de Juego
UI_Map/LABEL_BUTTON_MOVE	移动	Move	Mover
UI_Map/LABEL_BUTTON_NEXT	下一个	Next	Siguiente
UI_Map/LABEL_BUTTON_PIN	标记	Pin marker	Colocar marcador
UI_Map/LABEL_BUTTON_PIN_DELETE	删除标记	Delete marker	Borrar marcador
UI_Map/LABEL_BUTTON_PREVIOUS	前一个	Previous	Anterior
UI_Map/LABEL_BUTTON_SHOWHIDE_LEYEND	显示/隐藏图例	Show/Hide Legend	Mostrar/Ocultar Leyenda
UI_Map/LABEL_BUTTON_ZOOM	缩放	Zoom	Ampliar
UI_Map/LABEL_LEYEND_CHAPEL	旅行教堂	Chapel Of Travel	Capilla de Viaje
UI_Map/LABEL_LEYEND_CLOSEDDOOR	关闭的大门	Closed Gate	Puerta Cerrada
UI_Map/LABEL_LEYEND_CONFESSOR	悔过者	Confessor	Confesor
UI_Map/LABEL_LEYEND_FOUNTAIN	喷泉	Fountain	Fuente
UI_Map/LABEL_LEYEND_GUILT	罪过	Guilt	Culpa
UI_Map/LABEL_LEYEND_KNEELER	神圣真主	Prie-Dieu	Prie-Dieu
UI_Map/LABEL_LEYEND_KNOTS	念珠绳结	Knots	Nudos
UI_Map/LABEL_LEYEND_MEACULPA	孽刃祭坛	Mea Culpa Altar	Altar de Mea Culpa
UI_Map/LABEL_LEYEND_OPENEDOOR	门	Door	Portón
UI_Map/LABEL_LEYEND_PENITENT	忏悔者	Penitent One	Penitente
UI_Map/LABEL_MENU_ACCESSIBILITY	可接入设备	Accessibility	Accesibilidad
UI_Map/LABEL_MENU_ACCESSIBILITY_ACHIEVEMENTSPOPUPNABLED	弹出成就解锁	Achievement Unlocked Pop-up	Aviso de Logro Desbloqueado
UI_Map/LABEL_MENU_ACCESSIBILITY_RUMBLEENABLED	手柄震动	Controller vibration	Vibración del mando
UI_Map/LABEL_MENU_ACCESSIBILITY_SHAKEENABLED	屏幕抖动	Screen shake	Temblor de pantalla
UI_Map/LABEL_MENU_AUDIO_EFFECTSVOLUME	效果音量	Effects Volume	Volumen de Efectos
UI_Map/LABEL_MENU_AUDIO_MASTERVOLUME	总控音量	Master Volume	Volumen Principal
UI_Map/LABEL_MENU_AUDIO_MUSICVOLUME	音乐音量	Music Volume	Volumen de Música
UI_Map/LABEL_MENU_AUDIO_VOICEOVERVOLUME	语音音量	Voice Volume	Volumen de las Voces
UI_Map/LABEL_MENU_CONTROLS	控制	Controls	Controles
UI_Map/LABEL_MENU_EN_LANGUAGENAME	英语	English	Inglés
UI_Map/LABEL_MENU_ES_LANGUAGENAME	西班牙语	Spanish	Español
UI_Map/LABEL_MENU_EXIT	退出至主菜单	Exit to Main Menu	Salir al Menú Principal
UI_Map/LABEL_MENU_GAME	游戏	Game	Juego
UI_Map/LABEL_MENU_GAME_AUDIOLANGUAGE	音频语言	Audio Language	Idioma del Audio
UI_Map/LABEL_MENU_GAME_CONTROLS	控制	Controls	Controles
UI_Map/LABEL_MENU_GAME_CONTROLS_SHOW	配置	Configure	Configurar
UI_Map/LABEL_MENU_GAME_ENABLEHOWTOPLAY	显示游戏玩法	Show How To Play	Mostrar Cómo Jugar
UI_Map/LABEL_MENU_GAME_TEXTLANGUAGE	文本语言	Text Language	Idioma del Texto
UI_Map/LABEL_MENU_LANGUAGE	语言	Language	Idioma
UI_Map/LABEL_MENU_LANGUAGENAME	中文	English	Español
UI_Map/LABEL_MENU_OPTIONS	选项	Options	Opciones
UI_Map/LABEL_MENU_RESUME	继续游戏	Resume Game	Volver al juego
UI_Map/LABEL_MENU_SOUND	音频	Sound	Sonido
UI_Map/LABEL_MENU_TIPS	游戏玩法提示	Gameplay Tips	Consejos de juego
UI_Map/LABEL_MENU_TRAVEL	快速移动	Travel	Viajar
UI_Map/LABEL_MENU_VIDEO	视频	Video	Vídeo
UI_Map/LABEL_MENU_VIDEO_BRIGTNESS	亮度	Brightness	Brillo
UI_Map/LABEL_MENU_VIDEO_FILTERING	滤镜	Filtering	Filtrado
UI_Map/LABEL_MENU_VIDEO_FULLSCREEN	全屏	Full Screen	Pantalla Completa
UI_Map/LABEL_MENU_VIDEO_PIXELPERFECT	完美像素	Pixel Perfect	Pixel Perfect
UI_Map/LABEL_MENU_VIDEO_RESOLUTION	分辨率	Resolution	Resolución
UI_Map/LABEL_MENU_VIDEO_RESOLUTIONMODE	缩放模式	Scaling Mode	Modo de Escalado
UI_Map/LABEL_MENU_VIDEO_SCALE	攀登	Scale	Escalar
UI_Map/LABEL_MENU_VIDEO_VSYNC	垂直同步	V-SYNC	V-SYNC
UI_Map/LABEL_MENU_VIDEO_WINDOWED	窗口	Window	Ventana
UI_Map/LABEL_MENU_VIDEO_WINDOWMODE	窗口模式	Window Mode	Modo de Ventana
UI_Map/TEXT_NO_MAP	地图不可用	Map not available	Mapa no disponible
UI_NoEquipable/LABEL_CANTUNEQUIP	孽刃已完整。孽刃之心无法再进行更换	Mea Culpa is already complete. Their Sword Heart cannot be changed anymore.	Mea Culpa está completa, no se puede equipar otro corazón.
UI_NoEquipable/LABEL_DESCRIPTION	纯绝孽刃之心会解锁孽刃的最终形态，这也就意味着无法装备其他孽刃之心。是否确定装备？	The Apodictic Heart of Mea Culpa will unlock the final form of the sword, meaning it cannot be equipped with any other hearts. Are you sure you want to equip it?	El Corazón Apodíctico de Mea Culpa desbloqueará la forma final de la espada, impidiendo equipar ningún otro corazón. ¿Estás seguro de que quieres equipártelo?
UI_NoEquipable/RESPONSE_NO	不	No	No
UI_NoEquipable/RESPONSE_YES	是的，装备	Yes, equip it	Sí, equípalo
UI_PatchNotes/PATCH_2_0_NOTE_1	真笃之痛模式：@@-在至少打通一次游戏后，玩家可以进入真笃之痛模式。@-该模式下游戏难度会有所提升，你最喜爱的道具和祷文将得以保留。你必须熟练掌握它们，才能勇往直前。	True Torment mode@@- Ascend into True Torment after beating the game at least once.@- You will keep your favorite items and prayers, and will need to master them to advance through this harder version of the game.	Modo Verdadero Calvario@@- Asciende en Verdadero Calvario después de vencer el juego al menos una vez.@- Conservarás tus plegarias y objetos favoritos, y tendrás que dominarlos para avanzar en esta versión más difícil del juego.
UI_PatchNotes/PATCH_2_0_NOTE_10	玩家美工：@@-对一些灵魂进行了颜色调整，使其与某些地图更为搭配，玩家的灵魂也将得到调整。 @-新增了忏悔者的动画。	Art, Player@@- Some sprites, including the player's, now feature color adjustments to better integrate in certain areas. @- New animations have been added to the Penitent One.	Arte, Jugador@@- Algunos sprites, incluidos los del jugador, ahora cuentan con ajustes de color para integrarse mejor en ciertas áreas.@- Se han agregado nuevas animaciones a Penitente.
UI_PatchNotes/PATCH_2_0_NOTE_11	过场动画美工：@@-游戏新增了过场动画。@-新增了导入过场动画。	Art, Cutscenes@@- New animated cutscenes have been added to the game.@- A new intro cutscene has been added.	Arte, Escenas Animadas@@- Se han añadido nuevas escenas animadas al juego.@- Se ha añadido una nueva escena animada de introducción.
UI_PatchNotes/PATCH_2_0_NOTE_12	游戏体验平衡：@@-古斯托迪亚新增了三个传送门。@-游戏新增了一些区域与捷径。@-新增了一条道路，可以更加便捷地穿越古斯托迪亚。	Balance, Quality of Life changes@@- Three new Teleports can now be found in Cvstodia.@- New areas and shortcuts have been added to the game.@- A new way to conveniently travel through Cvstodia has been added.	Equilibrado, QoL@@- Ahora se pueden encontrar tres nuevos puntos de teletransporte en Cvstodia.@- Se han añadido nuevas áreas y atajos al juego.@- Se ha añadido una nueva forma de viajar cómodamente por Cvstodia.
UI_PatchNotes/PATCH_2_0_NOTE_13	祷文平衡：@@-对伤害与热情消耗进行了调整@- 对某些祷文的视觉效果进行了提升@-这些祷文的效果会更加稳定。	Balance, Prayers@@- Damage and fervour costs have been tweaked.@- Several prayers feature visual improvements.@- Their behaviour is more consistent and solid.	Equilibrado, Plegarias@@- Se han ajustado el daño y los costes de Fervor.@- Varias plegarias presentan mejoras visuales.@- Su comportamiento es más consistente y sólido.
UI_PatchNotes/PATCH_2_0_NOTE_14	敌人平衡：@@-对一些敌人进行了调整，预估时间与刷新时间都有所改善。@- 对一些敌人的战斗行为进行了调整，他们能够在打斗中有更好的表现。如此一来可以减少不公平的战斗，使得打斗更为流畅。@-技能与攻击：@    -对玩家的命中体积和伤害区域进行了调整，这样战斗会更加公平。@    -对蓄力攻击和冲刺攻击进行了调整，在某些情况下可以击晕敌人。@    -对远程攻击伤害和消耗进行了平衡。现在造成的伤害与孽刃的等级成正比。	Balance, Enemies@@- A few enemies have been revisited, and now feature better anticipation and recovery times.@- The behavior of a few enemies have also been improved to create a better combat experience. Less unfair situations, smoother combat.@- Abilities and attacks@    - The player hitbox and damage areas have been tweaked to ensure combat feels fair.@    - The charged and lunge attack have been revisited and can now stun enemies in certain situations.@    - The ranged attack damage and cost have been rebalanced. Damage now scales with Mea Culpa level.	Equilibrado, Enemigos@@- Algunos enemigos han sido revisitados, y ahora cuentan con mejores tiempos de anticipación y recuperación.@- El comportamiento de algunos enemigos también se ha mejorado para crear una mejor experiencia de combate. Menos situaciones injustas, combate más fluido.@- Habilidades y ataques@    - El hitbox del jugador y las áreas de daño se han ajustado para garantizar que el combate se sienta justo.@    - El ataque cargado y la embestida se ha revisado y ahora pueden aturdir a los enemigos en ciertas situaciones.@    - El daño y el coste del ataque a distancia se han reequilibrado. El daño ahora aumenta con el nivel de Mea Culpa.
UI_PatchNotes/PATCH_2_0_NOTE_2	忏悔系统：@@-在三种忏悔中选取一个，并迎接更为困难，甚至足以改变《Blasphemous》游戏面貌的挑战。@-只有在真笃之痛模式下才可以使用。	Penitence System@@- Choose one between three Penitences, and face even greater challenges that change the way Blasphemous works.@- Only available during a True Torment playthrough.	Sistema de Penitencia@@- Elige una de entre tres Penitencias y enfrentate a desafíos aún mayores que cambian la forma en que funciona Blasphemous.@- Solo disponible durante una partida de Verdadero Calvario.
UI_PatchNotes/PATCH_2_0_NOTE_3	清晓将动：@@-圣途的地下深埋着全新的任务挑战。@-只有在真笃之痛模式下才可以使用。	The Stir of Dawn@@- A completely new quest can be started buried deep in the innards of the Holy Line.@- Only available during a True Torment playthrough.	Levantes de la Aurora@@- Una misión completamente nueva te espera enterrada en las entrañas de la Santa Línea.@- Solo disponible durante una partida de Verdadero Calvario.
UI_PatchNotes/PATCH_2_0_NOTE_4	地图系统：@@-完全重制整张地图。@-玩家可以在地图的任意角落安放自定义标记。@-地图现在可以进行像素级的完美缩放。@-现在可以在地图一角显示区域探索百分比。	Map system@@- The map has been completely redesigned and reworked.@- Custom markers can now be placed anywhere on the map.@- The map now features pixel perfect zoom.@- The percentage of area discovery is now visible in a corner.	Sistema de mapa@@- El mapa ha sido completamente rediseñado.@- Cuenta con marcadores personalizados que se pueden colocar en cualquier parte del mapa.@- El mapa cuenta con zoom pixel perfect.@- El porcentaje de descubrimiento del mapa es visible ahora en una esquina.
UI_PatchNotes/PATCH_2_0_NOTE_5	新物品：@@-添加新诵经念珠。@-添加新剑之心。@-添加新祷文。@-添加若干新任务物品。	New items@@- New Rosary Beads have been added.@- A new Sword Heart has been added.@- A new Prayer has been added.@- Several new quest items have been added.	Nuevos objetos@@- Se han añadido nuevas Cuentas de Rosario.@- Se ha añadido un nuevo Corazón de Espada.@- Se ha añadido una nueva Plegaria.@- Se han añadido varios objetos de misiones.
UI_PatchNotes/PATCH_2_0_NOTE_6	NPC变动：@@-在阿尔贝罗的亵渎之池附近新增了一个NPC。@-NPC索利达已重制，并且有了新的对话。@-NPC基米诺已重做，他有了全新的灵魂。他的任务线也有些许修改。@- 一些NPC和头目新增了一些对话。	NPC changes@@- A new NPC can be found close to Albero, in the Desecrated Cistern.@- The NPC Soledad has been reworked, and features fully voiced new dialogs.@- The NPC Gémino has been reworked, and now features new sprites. His questline has been slightly tweaked.@- New dialog lines have been added to several NPCs and Bosses.	Cambios en los NPC@@- Se puede encontrar un nuevo NPC cerca de Albero, en el Aljibe Profanado.@- El NPC Soledad ha sido rediseñado y se le han añadido nuevos diálogos con voz.@- El NPC Gémino ha sido rediseñado y se han actualizado sus sprites.@- Se han agregado nuevas líneas de diálogo a varios NPC y Jefes.
UI_PatchNotes/PATCH_2_0_NOTE_7	旁白：@@-游戏新增了完整的西班牙语旁白。旁白语言可以在选项菜单中修改。@-一些现存的对话已经重新配音。	Voiceover@@- Full spanish voiceover has been added to the game. The voiceover language can be changed in the options menu.@- Some of the existing dialogs have been recorded again with a new cast.	Voces@@- Se han añadido voces en español. El idioma de la voz se puede cambiar en el menú de opciones.@- Algunos de los diálogos existentes en inglés se han vuelto a grabar.
UI_PatchNotes/PATCH_2_0_NOTE_8	杂项：@@-阿尔贝罗教堂内部新增了一个神秘布施箱。@-对下列敌人新增了处决：@    -Sister of the Charred Visage@    -Spear of the Cathedra@    - Guardainfante@    - Lunatic@    - Phalaris@    - Wandering Sepulcher@    - Carthos@-如果时机得当，对这些敌人施放忏悔技能可将其击晕。	Misc@@- A misterious alms-box can be found inside the church in Albero.@- Executions have been added to the following enemies@    - Sister of the Charred Visage@    - Spear of the Cathedra@    - Guardainfante@    - Lunatic@    - Phalaris@    - Wandering Sepulcher@    - Carthos@- Certain Penitent skills will now stun these enemies when used at the right time.	Misc@@- Una misteriosa caja de limosnas se puede encontrar dentro de la iglesia en Albero.@- Se han añadido ejecuciones a los siguientes enemigos@    - Hermana del Rostro Carbonizado@    - Lanza de la Cátedra@    - Guardainfante@    - Lunático@    - Phalaris@    - Sepulcro Errante@    - Carthos@- Ciertas habilidades de Penitente ahora aturdirán a estos enemigos cuando se usen en el momento adecuado.
UI_PatchNotes/PATCH_2_0_NOTE_9	关卡美工：@@-下列地区有了新的美工设定：@@    -葬堂荒野@    -慈悲梦境@    - 怨念之崖@    -静默台阶庭院@    -骷髅地桥@    - 环刚铁木@    -神圣禁忌之墙@@-城镇中新增了居民若干，其中有一位非常乖巧可爱的小男孩。	Art, Levels@@- The following areas now feature new art assets@@    - Wasteland of the Buried Churches@    - Mercy Dreams@    - Grievance Ascends@    - Patio of the Silent Steps@    - Bridge of the Three Calvaries@    - Ferrous Tree@    - Wall of the Holy Prohibitions@@- New dwellers can be found in town, including a completely pettable and very good boy.	Arte, Niveles@@- Las siguientes áreas ahora cuentan con nuevos elementos artísticos@    - Yermo de las Iglesias Enterradas@    - Tumba de la Misericordia@    - Asciende el Quejido@    - Patio de los Caminares Sordos@    - Puente de los Tres Calvarios@    - Árbol Férreo@    - Muralla de las Santas Prohibiciones@- Se pueden encontrar nuevos habitantes en la ciudad, incluido un peludo nuevo amigo. Es muy buen chico.
UI_PatchNotes/PATCH_3_0_NOTE_1	圣恸模式：@@-在这种全新的“首领突袭”模式中，将会与所有邪恶的首领激战@-有5条不同的征途，每一条都有两种难度@-试着刷新时间记录，达到最高阶位	Sacred Sorrows Mode@@- Fight against all the Blasphemous bosses in this new “Boss Rush” mode.@- 5 different unlockable courses, each with 2 difficulty levels.@- Try to beat your best time and achieve the highest rank.	"Modo Sagrados Pesares@@- Combate contra todos los jefes de Blasphemous en este nuevo modo ""Boss Rush"".@- 5 circuitos desbloqueables diferentes, cada uno con 2 dificultades.@- Trata de superar tu mejor tiempo y alcanza el rango máximo."
UI_PatchNotes/PATCH_3_0_NOTE_2	米莉恩的挑战：@@-米莉恩的全新任务，她是血色夜礼之星的化身@-为了能帮助她返回她的世界，你必须重新夺回水晶碎片，完成5项隐藏挑战，就可以夺回水晶碎片	Miriam’s Challenges@@- A totally new quest in which Miriam, star of Bloodstained - Ritual of the Night, makes an appearance.@- To be able to return to her world, you must retrieve the crystal shards located at the end of the 5 hidden challenges.	Los Desafíos de Miriam@@@@- Una misión completamente nueva en la que hace su aparición Miriam, la protagonista de Bloodstained - Ritual of the Night.@@- Para poder regresar a su mundo deberás recuperar los fragmentos de cristal situados al final de 5 desafíos ocultos.
UI_PatchNotes/PATCH_3_0_NOTE_3	美工：@@-为主菜单添加了新背景@-当前关卡的各种要素都有所调整@-增加了新的动画场景	Art@@- A new background has been added to the main menu.@- Various elements of the existing levels have been tweaked.@- New animated scenes have been added to the game.	Arte@@- Se ha añadido un nuevo fondo para el menú principal.@- Se han retocado varios elementos de niveles ya existentes.@- Se han añadido nuevas escenas animadas al juego.
UI_PatchNotes/PATCH_3_0_NOTE_4	音效：@@-为米莉恩配录了新的英语及西班牙语台词@-为狄俄索达多配录了新的台词	Voices@@- New lines have been recorded for Miriam in English and Spanish.@- New lines have been recorded for Diosdado.	Voces@@- Se han grabado líneas en inglés y español para Miriam.@- Se han grabado nuevas líneas para Diosdado.
UI_PatchNotes/PATCH_3_0_NOTE_5	新物品：@@-添加了新祷文@-添加了新的念珠	New items@@- A new Prayer has been added.@- A new Rosary Bead has been added.	Nuevos objetos@@@@- Se ha añadido una nueva Plegaria.@@- Se ha añadido una nueva Cuenta de Rosario.
UI_PatchNotes/PATCH_3_0_NOTE_6	语言：@@-新增了韩文@-多种语言版本进行了修正	Languages@@- Korean language support has been added.@- Various corrections have been made in several languages.	Idiomas@@@@- Añadida la traducción al idioma coreano.@@- Se han corregido errores en varios idiomas.
UI_PatchNotes/PATCH_3_0_NOTE_7	杂项：@@-新增了怀旧区@-新增了渲染模式菜单@-新增了一个菜单，可以查看游戏成就@-当你解锁成就时，系统会向你汇报@-修改了狄俄索达多的任务条件	Misc@@- A new hidden retro area has been included.@- A new rendering mode menu has been added.@- A new menu has been added for checking your Blasphemous achievements.@- An alert has been added to the game that informs you when an achievement has been unlocked.@- Diosdado’s quest conditions have been tweaked.	Misc@@@@- Incluida una nueva área retro oculta.@@- Se ha añadido un nuevo menú de modos de renderizado.@@- Se ha añadido un nuevo menú para consultar los logros de Blasphemous.@@- Se ha agregado una alerta en el juego que avisa cuando un logro ha sido desbloqueado.@@- Se han reajustado las condiciones de misión de Diosdado.
UI_PatchNotes/PATCH_4_0_NOTE_1	薄暮之伤@@- 通过完成新任务可以解锁新的结局，已加入到游戏主体中	Wounds of Eventide@@- A new unlockable ending through a completely new quest has been added to the main game.	La Herida del Ocaso@@- Se ha añadido un nuevo final desbloqueable con una misión completamente nueva.
UI_PatchNotes/PATCH_4_0_NOTE_2	古斯托迪亚：@@- 古斯托迪亚现在有了一片全新的区域，名为『哀伤与浩劫』@- 『默哀同道会』和『雪盐回响』规模有所增加，有更多可探索的地方@- 现在古斯托迪亚的深渊中有两种颇具挑战性的全新首领出没	"Cvstodia@@- A completely new area named ""Mourning and Havoc"" is now accessible in Cvstodia.@- ""Brotherhood of the Silent Sorrow"" and ""Echoes of Salt"" have increased in size, featuring more places to explore.@- Two new challenging bosses now lurk the depths of Cvstodia."	"Cvstodia@@- Un área nueva llamada ""Luto y Estrago"" es ahora accesible en Cvstodia.@- ""La Hermandad del Lamento Mudo"" y ""Ecos de Sal"" han aumentado de tamaño, con nuevos lugares para explorar.@- Dos nuevos desafiantes jefes acechan las profundidades de Cvstodia."
UI_PatchNotes/PATCH_4_0_NOTE_3	美工：@@-为主菜单添加了新背景@-当前关卡的各种要素都有所调整@-增加了新的动画场景	Art@@- A new background has been added to the main menu.@- Various elements of the existing levels have been tweaked.@- New animated scenes have been added to the game.	Arte@@- Se ha añadido un nuevo fondo para el menú principal.@- Se han retocado varios elementos de niveles ya existentes.@- Se han añadido nuevas escenas animadas al juego.
UI_PatchNotes/PATCH_4_0_NOTE_4	NPC更改：@@- 有一个神秘人出现，是藏骨堂的守护者@- 图书馆中隐藏着一个新的NPC，钥匙之主会守护入口@- 某些NPC和首领增添了新的对话台词	NPC Changes@@- A mysterious figure has appeared, acting as a keeper of the Ossuary.@- A new NPC can be found hidden in the Library. The Key Master guards their entrance.@- New dialog lines have been added to several NPCs and Bosses.	Cambios en los NPC@@- Una figura misteriosa ahora custodia el Osario de Albero.@- Un nuevo personaje se puede encontrar en la Biblioteca. El Maestro de Llaves protege su entrada.@- Se han agregado nuevas líneas de diálogo a varios NPC y Jefes.
UI_PatchNotes/PATCH_4_0_NOTE_5	圣恸：@@- 该模式下增添了一条新的可解锁路线，所有新首领都在这里@    - 最后一条路线会打乱你挑战所有首领的顺序！	Sacred Sorrows@@- A new unlockable course has been added to this mode, featuring all new bosses.@    - This last course randomizes the order in which you fight all the bosses!	"Sagrados Pesares@@- El circuito ""Pesar Último de los Caprichos Insondables"" se ha añadido a este modo, el cual incluye a todos los nuevos jefes.@    - ¡Este último circuito aleatoriza el orden en el que lucharás contra todos los jefes!"
UI_PatchNotes/PATCH_4_0_NOTE_6	音效：@@-为所有新角色配录了新的英语及西班牙语台词@-为狄俄索达多、埃达斯和克兰莎配录了新的台词	Voices@@- New lines have been recorded for all the new characters in English and Spanish.@- New lines have been recorded for Diosdado, Esdras and Crisanta.	Voces@@- Nuevas líneas han sido grabadas para todos los nuevos personajes tanto en Inglés como en Español.@- Nuevas líneas han sido grabadas para Diosdado, Esdras y Crisanta.
UI_PatchNotes/PATCH_4_0_NOTE_7	新物品：@@-添加新任务物品@-添加新诵经念珠@-添加新祷文@-添加剑之心	New items@@- New Quest Items have been added.@- New Rosary Beads have been added.@- New Prayers have been added.@- A new Sword Heart has been added.	Nuevos objetos@@- Se han añadido nuevas Cuentas de Rosario.@- Se han añadido nuevas Plegarias.@- Se ha añadido un nuevo Corazón de Mea Culpa.@- Se han añadido varios objetos de misiones.
UI_PatchNotes/PATCH_4_0_NOTE_8	语言：@@-多种语言版本进行了修正	Languages@@- Various corrections have been made in several languages.	Idiomas@@- Se han corregido errores en varios idiomas.
UI_PatchNotes/PATCH_4_0_NOTE_9	杂项：@@- 在游戏中增添了6种新皮肤@- 对物品栏有所调整，以此来适应最大物品数	Misc@@- Added 6 new unlockable skins to the game.@- Adjusted inventory slots to match the maximum number of items.	Misc@@- Añadidos 6 aspectos desbloqueables adicionales al juego.@- Las ranuras de objetos equipables ahora coinciden con el número de objetos obtenibles en cada categoría.
UI_PatchNotes/PATCH_NOTES	补丁说明	Patch Notes	Notas del Parche
UI_Penitences/ABANDON	放弃	Abandon	Abandonar
UI_Penitences/ABANDON_PENITENCE_HEADER	激活忏悔	ACTIVE PENITENCE	PENITENCIA ACTIVA
UI_Penitences/CHOOSE_NO_PENITENCE_CONFIRMATION	选择是不可逆的，当你立下一个誓言后就无法取消。即便如此，你仍然确定要选择苦修吗？	This decision is irreversible. You can cancel a vow once you have taken it. Even so, do you still not want to select any penance?	Esta decisión es irreversible. Puedes cancelar un juramento una vez elegido. Aún así, ¿deseas no escoger ninguna penitencia?
UI_Penitences/CHOOSE_PENITENCE_ABANDON	选择是不可逆的，你是否要放弃当前的誓言？	This decision is irreversible. Do you want to abandon the current vow?	Esta decisión es irreversible. ¿Deseas abandonar el juramento actual?
UI_Penitences/CHOOSE_PENITENCE_CONFIRMATION	你只能立下一个誓言。确定要选择这种苦修方式吗？	You can swear but a single oath. Do you want to undertake this penance?	Puedes realizar un solo juramento, ¿deseas emprender esta penitencia?
UI_Penitences/CHOOSE_PENITENCE_HEADER	选择忏悔	CHOOSE YOUR PENITENCE	ELIGE TU PENITENCIA
UI_Penitences/EMBRACE	接受	Embrace	Jurar
UI_Penitences/NO_PENITENCE	无忏悔	No Penitence	Sin Penitencias
UI_Penitences/PE01_INFO	-你的右臂力量减弱，孽刃的威力减半。@-你的心灵变得更为强大，你坚定不移，热情不减。你的热情会持续恢复。@-痛苦使你无法集中精神。受到伤害时会减少热情值。	-Your sword arm weakens, Mea Culpa attacks are half as effective.@-Your mind is stronger, your determination an endless supply of fervour. Fervour regenerates over time.@-Pain makes you lose concentration. The damage suffered reduces your fervour stocks.	-Tus brazos se debilitan, los ataques de Mea Culpa son la mitad de efectivos.@-Tu mente es más fuerte, tu determinación un suministro interminable de fervor. El fervor se regenera con el tiempo.@-El dolor hace que pierdas concentración. El daño sufrido reduce tus reservas de fervor.
UI_Penitences/PE01_NAME	笃信忏悔	Penitence of the Unwavering Faith	Penitencia de la Fe Inquebrantable
UI_Penitences/PE02_INFO	-你的肌肤已被撕裂，驱使你不断前进的只有你的意志。你每受到一次伤害，就会损失一点生命球。@你的圣器受到奇迹的影响。圣水瓶会持续生成若干生命球，但是受到伤害时则会停止。@-你的敌人永不停歇，他们会在你返回一片区域后重生。	-Your skin is torn, only your will keeps you going. Every attack you receive makes you lose one Life Orb.@-Your sacred equipment is affected by the Miracle. Bile flasks regenerate several Orbs over time, but suffering damage stops this process.@-Your enemies are relentless. They will respawn every time you come back to an area.	-Tu piel se desgarra, pero tu voluntad te permite resistir cualquier golpe. Cada ataque recibido te hace perder un Orbe de Vida.@-Tu equipo consagrado es afectado por el Milagro. Los Matraces Biliares regeneran varios Orbes con el tiempo, pero sufrir daño detiene el proceso. @-Tus enemigos son implacables. Renacerán cada vez que vuelvas a visitar una zona.
UI_Penitences/PE02_NAME	血心忏悔	Penitence of the Bleeding Heart	Penitencia del Corazón Sangrante
UI_Penitences/PE03_INFO	-决不允许失败。你死亡时所有的赎罪之泪都将归到罪过碎片之中。@-决不能反悔。你的你在战斗中阵亡后，罪过等级会达到最大值。@-你的痛苦无法缓解。圣水瓶无法治疗你，而是会补充你的热情。	-Failure is unacceptable. Upon death, all your Tears of Atonement are placed on the Guilt Fragment. @-Regret overcomes you. Your Guilt Level reaches the maximum once you fall in battle.@-Nothing can ease your pain. Bile Flasks will not heal you, refilling your Fervour instead.	-El error es imperdonable. Al morir, todas tus Lágrimas de Enmienda caerán junto al fragmento de Culpa.@-El arrepentimiento te supera. Tu nivel de Culpa llega al máximo cada vez que caes en batalla.@-Nada puede aliviar tu dolor. Las Matraces Biliares no te curarán, no obstante rellenarán tu fervor.
UI_Penitences/PE03_NAME	真罪忏悔	Penitence of the True Guilt	Penitencia de la Culpa Verdadera
UI_Slot/LABEL_BUTTON_CANCEL	取消	Cancel	Cancelar
UI_Slot/LABEL_BUTTON_CONTINUE	继续	Continue	Continuar
UI_Slot/LABEL_BUTTON_DELETE	删除	Delete	Borrar
UI_Slot/LABEL_BUTTON_NEWGAME	新游戏	New Game	Nuevo Juego
UI_Slot/LABEL_BUTTON_UPGRADE	登升	Ascend	Ascender
UI_Slot/LABEL_CONFIRM	是否要删除所选游戏存档？	Delete the selected save game?	¿Borrar la partida guardada seleccionada?
UI_Slot/LABEL_EMPTY	空置	Empty	Vacío
UI_Slot/LABEL_GAME++_DESCRIPTION	开启一场全新的朝圣之旅，你的装备以及孽刃等级都将保留。@如果你完成了忏悔，成就和奖励也都将保留。你可以在这场全新的游戏中进行重新选择。@@你将会留在真痛模式。再次提醒，提升是永久的，一旦选择，绝无退路。	Starts a new pilgrimage, keeping hold of your equipment and the Mea Culpa's level.@If you have completed a Penitence, you will keep that achievement and its rewards. You may choose a new one on this new playthrough.@@You will remain in the True Torment mode. You have been warned. Ascent is permanent. There is no going back.	Emprende una nueva peregrinación, conservando tu equipo y el estado de Mea Culpa.@Si has completado una Penitencia, conservarás dicha hazaña y sus recompensas. Podrás elegir una nueva en esta partida. @@Seguirás en el modo Verdadero Calvario. Fuiste advertido. @El ascenso es permanente. No hay vuelta atrás.
UI_Slot/LABEL_GAME+_DESCRIPTION	将你保存的游戏提升至真笃之痛模式，你的旅途将会从重新开启，但是你的装备和升级都会保留下来。@在该模式下，忏悔者的朝圣之旅将会危机四伏，而且也会解锁忏悔祭坛。只有经过这些道路，才有机会发现古斯托迪亚隐藏的秘密。@@提升是永久的，一旦选择，绝无退路。	Elevate your saved game to True Torment mode, starting your journey from the beginning but keeping hold of your equipment and the upgrades you've unlocked along the way.@In this mode, the Penitent One's pilgrimage is considerably more dangerous, and access to the Altar of Penitence is unlocked. Cvstodia hides secrets that will only be revealed to those who walk this path.@@Ascent is permanent. There is no going back.	Asciende tu partida guardada al modo Verdadero Calvario, empezando tu viaje desde el principio pero conservando tu equipo y el estado de Mea Culpa.@@En este modo la peregrinación de Penitente es considerablemente más peligrosa, y se desbloquea el acceso al Altar de Penitencias. @Cvstodia oculta secretos que solo se revelan a quienes andan esta senda.@@El ascenso es permanente. No hay vuelta atrás.
UI_Slot/LABEL_GAME+_QUESTION	你确定要开始体验真笃之痛吗？	Do you want to set out on the path to the True Torment?	¿Quieres emprender el camino del Verdadero Calvario?
UI_Slot/LABEL_GAME+_TITLE	登升至真笃之痛	ASCEND TO THE TRUE TORMENT	ASCENSO AL VERDADERO CALVARIO
UI_Slot/LABEL_SLOT_HEADER	选择朝圣	SELECT PILGRIMAGE	SELECCIONA PEREGRINACIÓN
UI_Slot/TEXT_SLOT_INFO	游戏时间：{[playtime]} - 已完成{[completed]}%	PlayTime {[playtime]} - {[completed]}% Completed	Tiempo de Juego {[playtime]} - {[completed]}% Completado
UI_UpgradeFlask/UPGRADE_FLASK_ACCEPT	升级圣水瓶	Improve flasks	Mejorar matraces
UI_UpgradeFlask/UPGRADE_FLASK_BILE_FLASK	圣水瓶	Bile Flask	Matraz Biliar
UI_UpgradeFlask/UPGRADE_FLASK_ERROR_MESSAGE	圣水瓶无法升级（缺少物品）	The flasks cannot be improved (objects are missing)	No se pueden mejorar las matraces (faltan objetos)
UI_UpgradeFlask/UPGRADE_FLASK_GIVE	（给予）	(Give)	(Dar)
UI_UpgradeFlask/UPGRADE_FLASK_HEADER	需要物品：	Required objects	Objetos necesarios
UI_UpgradeFlask/UPGRADE_FLASK_RETURN	返回	Return	Volver
UI_UpgradeFlask/UPGRADE_FLASK_SACRIFICE	（牺牲）	(Sacrifice)	(Sacrificar)
UnlockableSkill/CHARGED_1_CAPTION	罪恶之怒	SINFUL WRATH	IRA PECAMINOSA
UnlockableSkill/CHARGED_1_DESCRIPTION	忏悔者把孽刃的能量聚集在剑刃上，使出一次蓄力挥舞攻击并释放毁灭性的杀伤力	Concentrates the power of the Mea Culpa on the blade, allowing The Penitent One to release its full potential in a single but incredible devastating attack.	Concentra el poder de Mea Culpa en la hoja, permitiendo a Penitente liberar todo su potencial en un único pero increíblemente devastador ataque.
UnlockableSkill/CHARGED_1_INSTRUCTIONS	按住[ACTAttack]	Hold [ACTAttack]	Mantén [ACTAttack]
UnlockableSkill/CHARGED_2_CAPTION	神圣之怒	HOLY WRATH	IRA SAGRADA
UnlockableSkill/CHARGED_2_DESCRIPTION	忏悔者聚集能量的效率得到了提升，他现在能使用孽刃锋利的荆棘而非剑刃来蓄力了；这样一来，忏悔者就能更快地挥舞利刃，并使出毁灭性的蓄力攻击	Optimises the way Mea Culpa concentrates its power, using its sharp thorns instead of the blade, and allowing The Penitent One to perform a devastating attack much faster.	Perfecciona la forma en que Mea Culpa concentra su poder, usando sus afiladas espinas en lugar de la hoja, y permitiendo a Penitente realizar un ataque devastador mucho más rápido.
UnlockableSkill/CHARGED_2_INSTRUCTIONS	按住[ACTAttack]	Hold [ACTAttack]	Mantén [ACTAttack]
UnlockableSkill/CHARGED_3_CAPTION	扭曲者之怒	WRATH OF THE TWISTED ONE	IRA DEL RETORCIDO
UnlockableSkill/CHARGED_3_DESCRIPTION	忏悔者使用孽刃所聚集的能量已经超越了极限，超出的能量将从剑刃上释放出来，对它所碰到的一切造成伤害	Increases the power of Mea Culpa over its capabilities, releasing the excess further away from the blade and damaging everything on its path.	Aumenta la potencia de Mea Culpa por encima de sus capacidades, liberando el exceso más allá de la hoja y dañando todo a su paso.
UnlockableSkill/CHARGED_3_INSTRUCTIONS	按住[ACTAttack]	Hold [ACTAttack]	Mantén [ACTAttack]
UnlockableSkill/COMBO_1_CAPTION	遗言	LAST WORDS	ÚLTIMAS PALABRAS
UnlockableSkill/COMBO_1_DESCRIPTION	忏悔者使出四连击的终结攻击	The Penitent One performs a fourth combo finish attack.	Penitente realiza un cuarto ataque de finalización de combo.
UnlockableSkill/COMBO_1_INSTRUCTIONS	反复按[ACTAttack]	Press [ACTAttack] repeatedly.	Pulsa [ACTAttack] repetidas veces.
UnlockableSkill/COMBO_2_CAPTION	飞升之锋	ASCENDING EDGE	FLANCO ASCENDENTE
UnlockableSkill/COMBO_2_DESCRIPTION	忏悔者使出终结攻击：向上斩击	The Penitent One performs an upwards slash as combo finisher.	Penitente realiza un barrido hacia arriba como finalización de combo.
UnlockableSkill/COMBO_2_INSTRUCTIONS	使出一套完整的三连击后，同时按[ACTMove Vertical+]+[ACTAttack]	Press [ACTMove Vertical+]+[ACTAttack] after a full three hit combo.	Pulsa [ACTMove Vertical+]+[ACTAttack] después de un combo de tres golpes.
UnlockableSkill/COMBO_3_CAPTION	苍蓝旋风	AZURE CYCLONE	CICLÓN AZURE
UnlockableSkill/COMBO_3_DESCRIPTION	忏悔者使出终结攻击：回旋斩击	The Penitent One performs a spinning attack as combo finisher.	Penitente realiza un ataque giratorio como finalización de combo.
UnlockableSkill/COMBO_3_INSTRUCTIONS	使出一套完整的三连击后，同时按[ACTMove Vertical-]+[ACTAttack]	Press [ACTMove Vertical-]+[ACTAttack] after a full three hit combo.	Pulsa [ACTMove Vertical-]+[ACTAttack] después de un combo de tres golpes.
UnlockableSkill/LUNGE_1_CAPTION	圣洁穿刺	SACRED THRUST	PUÑALADA SACRA
UnlockableSkill/LUNGE_1_DESCRIPTION	忏悔者利用躲闪的冲击力将孽刃刺向远处的敌人	The Penitent One takes advantage of the dodge impulse to thrust Mea Culpa at the enemies furthest away.	Penitente aprovecha el impulso del esquive para realizar una estocada con Mea Culpa a los enemigos que están más alejados.
UnlockableSkill/LUNGE_1_INSTRUCTIONS	在躲闪的同时，按住[ACTAttack]	Hold [ACTAttack] while dodging.	Mantén [ACTAttack] durante un esquive.
UnlockableSkill/LUNGE_2_CAPTION	圣洁突进	SACRED LUNGE	ESTOCADA SACRA
UnlockableSkill/LUNGE_2_DESCRIPTION	忏悔者的突进技巧得到了提升，能够更有效地利用躲闪的冲击力，使剑尖刺得更远	It perfects the lunge technique and makes even better use of the dodge impulse, making it reach farther.	Perfecciona la técnica de estocada y aprovecha aun mejor el impulso del esquive, haciendo que llegue más lejos.
UnlockableSkill/LUNGE_2_INSTRUCTIONS	在躲闪的同时，按住[ACTAttack]	Hold [ACTAttack] while dodging.	Mantén [ACTAttack] durante un esquive.
UnlockableSkill/LUNGE_3_CAPTION	圣洁冲击	SACRED ONSLAUGHT	EMBESTIDA SACRA
UnlockableSkill/LUNGE_3_DESCRIPTION	忏悔者的突进技巧达到了顶级水准。孽刃能够切割空气，并射出一道气浪，对其所到之处造成伤害	It reaches the maximum level of mastery in the art of lunge. Mea Culpa cuts the air in such a way that it manages to produce a wave that also produces damage above and below the blade.	Alcanza el nivel máximo de maestría en el arte del estoque. Mea Culpa corta el aire de tal manera que consigue producir una onda que produce daño también por encima y por debajo de la hoja.
UnlockableSkill/LUNGE_3_INSTRUCTIONS	在躲闪的同时，按住[ACTAttack]	Hold [ACTAttack] while dodging.	Mantén [ACTAttack] durante un esquive.
UnlockableSkill/RANGED_1_CAPTION	狂热之血	FERVOROUS BLOOD	SANGRE FERVOROSA
UnlockableSkill/RANGED_1_DESCRIPTION	这个圣洁的技巧使得孽刃的持有者能使用它锋利的剑刃划开自己，并将自己的圣血变成投掷武器。此项技能将会消耗信仰	Sacred technique that allows the bearer of Mea Culpa to use the cut of its blade to bless his own blood and turn it into a throwing weapon. It consumes fervour.	Técnica sagrada que permite al portador de Mea Culpa usar el corte de la hoja para bendecir su propia sangre y convertirla en un arma arrojadiza. Consume fervor.
UnlockableSkill/RANGED_1_INSTRUCTIONS	按[ACTRange Attack]使出远程攻击	Press [ACTRange Attack] to use a Ranged attack.	Pulsa [ACTRange Attack] para atacar a distancia.
UnlockableSkill/RANGED_2_CAPTION	圣洁之血	SACRED BLOOD	SANGRE SACRA
UnlockableSkill/RANGED_2_DESCRIPTION	投掷圣血的技巧得到了强化，圣血的弹道会在最远点改变轨迹，并折返原点。此项技能将会消耗信仰	Perfects the technique of throwing blessed blood, altering the trajectory of the projectile at its furthest point and making it return to its point of origin. It consumes fervour.	Perfecciona la técnica de lanzamiento de sangre bendecida permitiendo alterar la trayectoria del proyectil en su punto más lejano y haciendo que vuelva a su punto de origen. Consume fervor.
UnlockableSkill/RANGED_2_INSTRUCTIONS	按[ACTRange Attack]使出远程攻击	Press [ACTRange Attack] to use a Ranged attack.	Pulsa [ACTRange Attack] para atacar a distancia.
UnlockableSkill/RANGED_3_CAPTION	鲜血奇迹	BLEEDING MIRACLE	MILAGRO SANGRANTE
UnlockableSkill/RANGED_3_DESCRIPTION	投掷圣血的技巧达到了顶级水准。掷出后，圣血会在弹道的最远点发生圣洁爆炸，造成额外伤害。此项技能将会消耗信仰	Reaches mastery in the technique of casting blessed blood. After launching, the projectile causes a sacred explosion at the furthest point from its trajectory, causing additional damage. It consumes fervour.	Alcanza la maestría en la técnica del lanzamiento de sangre bendecida. Tras el lanzamiento, el proyectil causa una explosión sagrada en el punto más alejado de su trayectoria, provocando daño adicional. Consume fervor.
UnlockableSkill/RANGED_3_INSTRUCTIONS	按[ACTRange Attack]使出远程攻击	Press [ACTRange Attack] to use a Ranged attack.	Pulsa [ACTRange Attack] para atacar a distancia.
UnlockableSkill/VERTICAL_1_CAPTION	罪恶降临	WEIGHT OF SIN	PESO DEL PECADO
UnlockableSkill/VERTICAL_1_DESCRIPTION	利用从高处落下的速度和冲击力，使出一招强力的俯冲攻击	It takes advantage of the speed of a fall to perform a powerful plunge attack.	Aprovecha la velocidad de una caida para realizar un poderoso ataque en picado.
UnlockableSkill/VERTICAL_1_INSTRUCTIONS	下落过程中，同时按[ACTMove Vertical-]+[ACTAttack]	Press [ACTMove Vertical-]+[ACTAttack] while falling.	Pulsa [ACTMove Vertical-]+[ACTAttack] durante una caída.
UnlockableSkill/VERTICAL_2_CAPTION	正义降临	WEIGHT OF JUSTICE	PESO DE LA JUSTICIA
UnlockableSkill/VERTICAL_2_DESCRIPTION	俯冲攻击的技巧得到了强化。能够使用孽刃在下落过程中聚集能量，剑尖触地位置会产生爆炸，击退敌人并对他们造成伤害	Perfects the technique of the plunged attack by concentrating power on Mea Culpa during the fall, which causes an explosion around the point of impact that pushes and damages the enemies around.	Perfecciona la técnica de ataque en picado concentrando poder en Mea Culpa durante la caída, lo cual provoca una explosión en torno al punto de impacto que empuja y daña a los enemigos alrededor.
UnlockableSkill/VERTICAL_2_INSTRUCTIONS	下落过程中，同时按[ACTMove Vertical-]+[ACTAttack]	Press [ACTMove Vertical-]+[ACTAttack] while falling.	Pulsa [ACTMove Vertical-]+[ACTAttack] durante una caída.
UnlockableSkill/VERTICAL_3_CAPTION	圣光献祭	CONSECRATION	CONSAGRACIÓN
UnlockableSkill/VERTICAL_3_DESCRIPTION	俯冲攻击的技巧达到了顶级水准。孽刃能够在下落过程中聚集大量圣洁能量，剑尖触地位置会释放耀眼的圣光，对它所照耀的一切造成伤害	Achieves mastery in the technique of the plunged attack. During the fall, Mea Culpa concentrates so much sacred power that, from its point of impact, a large column of divine light emerges, damaging everything in its path.	Alcanza la maestría en la técnica del ataque en picado. Durante la caída, Mea Culpa concentra tal cantidad de poder sagrado que desde su punto de impacto emerge una gran columna de luz divina dañando todo a su paso.
UnlockableSkill/VERTICAL_3_INSTRUCTIONS	下落过程中，同时按[ACTMove Vertical-]+[ACTAttack]	Press [ACTMove Vertical-]+[ACTAttack] while falling.	Pulsa [ACTMove Vertical-]+[ACTAttack] durante una caída.
